Handle,Title,Body (HTML),Vendor,Product Category,Type,Tags,Published,Option1 Name,Option1 Value,Option1 Linked To,Option2 Name,Option2 Value,Option2 Linked To,Option3 Name,Option3 Value,Option3 Linked To,Variant SKU,Variant Grams,Variant Inventory Tracker,Variant Inventory Qty,Variant Inventory Policy,Variant Fulfillment Service,Variant Price,Variant Compare At Price,Variant Requires Shipping,Variant Taxable,Unit Price Total Measure,Unit Price Total Measure Unit,Unit Price Base Measure,Unit Price Base Measure Unit,Variant Barcode,Image Src,Image Position,Image Alt Text,Gift Card,SEO Title,SEO Description,Beverage product form (product.metafields.shopify.beverage-product-form),Dietary preferences (product.metafields.shopify.dietary-preferences),Dietary supplements (product.metafields.shopify.dietary-supplements),Flavor (product.metafields.shopify.flavor),Package type (product.metafields.shopify.package-type),Soda variety (product.metafields.shopify.soda-variety),Variant Image,Variant Weight Unit,Variant Tax Code,Cost per item,Status
test-product-qar-1,Test Product - QAR 1,<p>Internal testing product. Not for customer purchase.</p>,Ayira Mini Mart,,Testing,"internal, test",false,Title,Default,,,,,,,,TEST-001,0.0,shopify,0,deny,manual,1.00,,true,true,,,,,,,,,false,,,,,,,,,,kg,,,draft
dandy-stack-up-ice-cream-80ml,Dandy Stack Up Ice Cream 80ml,"",Ayira Mini Mart,,Ice Cream,Ice Cream,false,Title,Default Title,,,,,,,,AYR-0982,0.0,,0,continue,manual,1.50,,true,true,,,,,,,,,false,,,,,,,,,,kg,,,draft
dandy-choco-bar-ice-cream-60ml,Dandy Choco Bar Ice Cream 60ml,"",Ayira Mini Mart,,Ice Cream,Ice Cream,false,Title,Default Title,,,,,,,,AYR-0981,0.0,,0,continue,manual,2.00,,true,true,,,,,,,,,false,,,,,,,,,,kg,,,draft
dandy-choco-nuts-ice-cream-85ml,Dandy Choco Nuts Ice Cream 85ml,"",Ayira Mini Mart,,Ice Cream,Ice Cream,false,Title,Default Title,,,,,,,,AYR-0980,0.0,,0,continue,manual,3.00,,true,true,,,,,,,,,false,,,,,,,,,,kg,,,draft
toblerone-ice-cream-65g,Toblerone Ice Cream 65g,"",Ayira Mini Mart,,Ice Cream,Ice Cream,false,Title,Default Title,,,,,,,,AYR-0979,0.0,,0,continue,manual,9.50,,true,true,,,,,,,,,false,,,,,,,,,,kg,,,draft
oazis-ice-cream,Oazis Ice Cream,"",Ayira Mini Mart,,Ice Cream,Ice Cream,false,Title,Default Title,,,,,,,,AYR-0978,0.0,,0,continue,manual,3.50,,true,true,,,,,,,,,false,,,,,,,,,,kg,,,draft
dandy-peanut-delight-ice-cream-100ml-2,DANDY Peanut Delight Ice Cream 100ml,"",Ayira Mini Mart,,Ice Cream,Ice Cream,false,Title,Default Title,,,,,,,,AYR-0977,0.0,,0,continue,manual,3.50,,true,true,,,,,,,,,false,,,,,,,,,,kg,,,draft
rani-carrot-orange-juice-1-4l,Rani Carrot Orange Juice 1.4L,"",Ayira Mini Mart,,Juices & Fruit Drinks,Juices & Fruit Drinks,false,Title,Default Title,,,,,,,,AYR-0976,0.0,,0,continue,manual,5.50,,true,true,,,,,,,,,false,,,,,,,,,,kg,,,draft
rani-pomegranate-juice-1-4l,Rani Pomegranate Juice 1.4L,"",Ayira Mini Mart,,Juices & Fruit Drinks,Juices & Fruit Drinks,false,Title,Default Title,,,,,,,,AYR-0975,0.0,,0,continue,manual,5.50,,true,true,,,,,,,,,false,,,,,,,,,,kg,,,draft
rani-peach-juice-1-4l,Rani Peach Juice 1.4L,"",Ayira Mini Mart,,Juices & Fruit Drinks,Juices & Fruit Drinks,false,Title,Default Title,,,,,,,,AYR-0974,0.0,,0,continue,manual,5.50,,true,true,,,,,,,,,false,,,,,,,,,,kg,,,draft
rani-pineapple-juice-1-4l,Rani Pineapple Juice 1.4L,"",Ayira Mini Mart,,Juices & Fruit Drinks,Juices & Fruit Drinks,false,Title,Default Title,,,,,,,,AYR-0973,0.0,,0,continue,manual,5.50,,true,true,,,,,,,,,false,,,,,,,,,,kg,,,draft
rani-orange-juice-1-4l,Rani Orange Juice 1.4L,"",Ayira Mini Mart,,Juices & Fruit Drinks,Juices & Fruit Drinks,false,Title,Default Title,,,,,,,,AYR-0972,0.0,,0,continue,manual,5.50,,true,true,,,,,,,,,false,,,,,,,,,,kg,,,draft
rani-mango-juice-1-4l,Rani Mango Juice 1.4L,"",Ayira Mini Mart,,Juices & Fruit Drinks,Juices & Fruit Drinks,false,Title,Default Title,,,,,,,,AYR-0971,0.0,,0,continue,manual,5.50,,true,true,,,,,,,,,false,,,,,,,,,,kg,,,draft
rani-apple-juice-1-4l,Rani Apple Juice 1.4L,"",Ayira Mini Mart,,Juices & Fruit Drinks,Juices & Fruit Drinks,false,Title,Default Title,,,,,,,,AYR-0970,0.0,,0,continue,manual,5.50,,true,true,,,,,,,,,false,,,,,,,,,,kg,,,draft
rani-guava-juice-1-4l,Rani Guava Juice 1.4L,"",Ayira Mini Mart,,Juices & Fruit Drinks,Juices & Fruit Drinks,false,Title,Default Title,,,,,,,,AYR-0969,0.0,,0,continue,manual,5.50,,true,true,,,,,,,,,false,,,,,,,,,,kg,,,draft
rani-float-pineapple-coconut-240ml,Rani Float Pineapple Coconut 240ml,"",Ayira Mini Mart,,Juices & Fruit Drinks,Juices & Fruit Drinks,false,Title,Default Title,,,,,,,,AYR-0968,0.0,,0,continue,manual,2.00,,true,true,,,,,,,,,false,,,,,,,,,,kg,,,draft
rani-float-guava-240ml,Rani Float Guava 240ml,"",Ayira Mini Mart,,Juices & Fruit Drinks,Juices & Fruit Drinks,false,Title,Default Title,,,,,,,,AYR-0967,0.0,,0,continue,manual,2.00,,true,true,,,,,,,,,false,,,,,,,,,,kg,,,draft
rani-float-peach-240ml,Rani Float Peach 240ml,"",Ayira Mini Mart,,Juices & Fruit Drinks,Juices & Fruit Drinks,false,Title,Default Title,,,,,,,,AYR-0966,0.0,,0,continue,manual,2.00,,true,true,,,,,,,,,false,,,,,,,,,,kg,,,draft
rani-float-green-apple-238ml,Rani Float Green Apple 238ml,"",Ayira Mini Mart,,Juices & Fruit Drinks,Juices & Fruit Drinks,false,Title,Default Title,,,,,,,,AYR-0965,0.0,,0,continue,manual,2.00,,true,true,,,,,,,,,false,,,,,,,,,,kg,,,draft
rani-float-cocktail-240ml,Rani Float Cocktail 240ml,"",Ayira Mini Mart,,Juices & Fruit Drinks,Juices & Fruit Drinks,false,Title,Default Title,,,,,,,,AYR-0964,0.0,,0,continue,manual,2.00,,true,true,,,,,,,,,false,,,,,,,,,,kg,,,draft
rani-float-orange-240ml,Rani Float Orange 240ml,"",Ayira Mini Mart,,Carbonated Soft Drinks,Carbonated Soft Drinks,false,Title,Default Title,,,,,,,,AYR-0963,0.0,,0,continue,manual,2.00,,true,true,,,,,,,,,false,,,,,,,,,,kg,,,draft
rani-float-pineapple-240ml,Rani Float Pineapple 240ml,"",Ayira Mini Mart,,Juices & Fruit Drinks,Juices & Fruit Drinks,false,Title,Default Title,,,,,,,,AYR-0962,0.0,,0,continue,manual,2.00,,true,true,,,,,,,,,false,,,,,,,,,,kg,,,draft
tang-orange-instant-drink-powder-375g,Tang Orange Instant Drink Powder 375g,"",Ayira Mini Mart,,Carbonated Soft Drinks,Carbonated Soft Drinks,false,Title,Default Title,,,,,,,,AYR-0961,0.0,,0,continue,manual,12.00,,true,true,,,,,,,,,false,,,,,,,,,,kg,,,draft
baladna-apple-nectar-refreshing-delight-200ml,Baladna Apple Nectar Refreshing Delight 200ml,"",Ayira Mini Mart,,Juices & Fruit Drinks,Juices & Fruit Drinks,false,Title,Default Title,,,,,,,,AYR-0960,0.0,,0,continue,manual,2.50,,true,true,,,,,,,,,false,,,,,,,,,,kg,,,draft
almarai-mixed-berry-nectar-1-4l,Almarai Mixed Berry Nectar 1.4L,"",Ayira Mini Mart,,Juices & Fruit Drinks,Juices & Fruit Drinks,false,Title,Default Title,,,,,,,,AYR-0959,0.0,,0,continue,manual,12.00,,true,true,,,,,,,,,false,,,,,,,,,,kg,,,draft
almarai-mixed-fruit-nectar-1-4l,Almarai Mixed Fruit Nectar 1.4L,"",Ayira Mini Mart,,Juices & Fruit Drinks,Juices & Fruit Drinks,false,Title,Default Title,,,,,,,,AYR-0958,0.0,,0,continue,manual,12.00,,true,true,,,,,,,,,false,,,,,,,,,,kg,,,draft
almarai-mango-nectar-1-4l,Almarai Mango Nectar 1.4L,"",Ayira Mini Mart,,Juices & Fruit Drinks,Juices & Fruit Drinks,false,Title,Default Title,,,,,,,,AYR-0957,0.0,,0,continue,manual,12.00,,true,true,,,,,,,,,false,,,,,,,,,,kg,,,draft
baladna-lemon-mint-drink-1-5l,Baladna Lemon & Mint Drink 1.5L,"",Ayira Mini Mart,,Juices & Fruit Drinks,Juices & Fruit Drinks,false,Title,Default Title,,,,,,,,AYR-0956,0.0,,0,continue,manual,12.00,,true,true,,,,,,,,,false,,,,,,,,,,kg,,,draft
baladna-orange-nectar-1-5l,Baladna Orange Nectar 1.5L,"",Ayira Mini Mart,,Juices & Fruit Drinks,Juices & Fruit Drinks,false,Title,Default Title,,,,,,,,AYR-0955,0.0,,0,continue,manual,12.00,,true,true,,,,,,,,,false,,,,,,,,,,kg,,,draft
baladna-apple-nectar-1-5l,Baladna Apple Nectar 1.5L,"",Ayira Mini Mart,,Juices & Fruit Drinks,Juices & Fruit Drinks,false,Title,Default Title,,,,,,,,AYR-0954,0.0,,0,continue,manual,12.00,,true,true,,,,,,,,,false,,,,,,,,,,kg,,,draft
baladna-mango-nectar-tropical-indulgence-200ml,Baladna Mango Nectar Tropical Indulgence 200ml,"",Ayira Mini Mart,,Juices & Fruit Drinks,Juices & Fruit Drinks,false,Title,Default Title,,,,,,,,AYR-0953,0.0,,0,continue,manual,2.50,,true,true,,,,,,,,,false,,,,,,,,,,kg,,,draft
baladna-orange-nectar-refreshing-delight-200ml,Baladna Orange Nectar Refreshing Delight 200ml,"",Ayira Mini Mart,,Juices & Fruit Drinks,Juices & Fruit Drinks,false,Title,Default Title,,,,,,,,AYR-0952,0.0,,0,continue,manual,2.50,,true,true,,,,,,,,,false,,,,,,,,,,kg,,,draft
red-bull-sugarfree-250ml,Red Bull Sugarfree 250ml,"",Ayira Mini Mart,,Energy & Sports Drinks,Energy & Sports Drinks,false,Title,Default Title,,,,,,,,AYR-0951,0.0,,0,continue,manual,10.00,,true,true,,,,,,,,,false,,,,,,,,,,kg,,,draft
red-bull-the-white-edition-coconut-berry-250ml,Red Bull The White Edition (Coconut & Berry) 250ml,"",Ayira Mini Mart,,Energy & Sports Drinks,Energy & Sports Drinks,false,Title,Default Title,,,,,,,,AYR-0950,0.0,,0,continue,manual,10.00,,true,true,,,,,,,,,false,,,,,,,,,,kg,,,draft
red-bull-the-apricot-edition-apricot-strawberry-250ml,Red Bull The Apricot Edition (Apricot & Strawberry) 250ml,"",Ayira Mini Mart,,Energy & Sports Drinks,Energy & Sports Drinks,false,Title,Default Title,,,,,,,,AYR-0949,0.0,,0,continue,manual,10.00,,true,true,,,,,,,,,false,,,,,,,,,,kg,,,draft
red-bull-the-sea-blue-edition-cherry-forest-fruits-250ml,Red Bull The Sea Blue Edition (Cherry & Forest Fruits) 250ml,"",Ayira Mini Mart,,Energy & Sports Drinks,Energy & Sports Drinks,false,Title,Default Title,,,,,,,,AYR-0948,0.0,,0,continue,manual,10.00,,true,true,,,,,,,,,false,,,,,,,,,,kg,,,draft
freez-mix-pineapple-coconut-carbonated-drink-275ml,Freez Mix Pineapple & Coconut Carbonated Drink 275ml,"",Ayira Mini Mart,,Carbonated Soft Drinks,Carbonated Soft Drinks,false,Title,Default Title,,,,,,,,AYR-0947,0.0,,0,continue,manual,5.00,,true,true,,,,,,,,,false,,,,,,,,,,kg,,,draft
pomegranate-nectar-250ml,Pomegranate Nectar 250ml,"",Ayira Mini Mart,,Juices & Fruit Drinks,Juices & Fruit Drinks,false,Title,Default Title,,,,,,,,AYR-0946,0.0,,0,continue,manual,2.00,,true,true,,,,,,,,,false,,,,,,,,,,kg,,,draft
kdd-iced-mocha-coffee-with-chocolate-milk-250-ml,KDD Iced Mocha Coffee with Chocolate Milk 250 ml,"",Ayira Mini Mart,,Carbonated Soft Drinks,Carbonated Soft Drinks,false,Title,Default Title,,,,,,,,AYR-0945,0.0,,0,continue,manual,0.00,,true,true,,,,,,https://cdn.shopify.com/s/files/1/0819/7885/1544/files/erd3nz-kdd_20iced_20mocha_20coffee_20with_20chocolate_20milk_20250_20ml.png?v=1781344002,1,KDD Iced Mocha Coffee with Chocolate Milk 250 ml,false,,,,,,,,,,kg,,,draft
kdd-caff-latte-coffee-with-milk-250-ml,KDD Caffè Latte Coffee with Milk 250 ml,"",Ayira Mini Mart,,Carbonated Soft Drinks,Carbonated Soft Drinks,false,Title,Default Title,,,,,,,,AYR-0944,0.0,,0,continue,manual,0.00,,true,true,,,,,,https://cdn.shopify.com/s/files/1/0819/7885/1544/files/2bzv0z-kdd_20caff_C3_A8_20latte_20coffee_20with_20milk_20250_20ml.png?v=1781344002,1,KDD Caffè Latte Coffee with Milk 250 ml,false,,,,,,,,,,kg,,,draft
kdd-caramel-macchiato-coffee-with-milk-250-ml,KDD Caramel Macchiato Coffee with Milk 250 ml,"",Ayira Mini Mart,,Carbonated Soft Drinks,Carbonated Soft Drinks,false,Title,Default Title,,,,,,,,AYR-0943,0.0,,0,continue,manual,0.00,,true,true,,,,,,https://cdn.shopify.com/s/files/1/0819/7885/1544/files/ti6c99-kdd_20caramel_20macchiato_20coffee_20with_20milk_20250_20ml.png?v=1781344001,1,KDD Caramel Macchiato Coffee with Milk 250 ml,false,,,,,,,,,,kg,,,draft
mr-brown-iced-coffee-240-ml,Mr. Brown Iced Coffee 240 ml,"",Ayira Mini Mart,,Carbonated Soft Drinks,Carbonated Soft Drinks,false,Title,Default Title,,,,,,,,AYR-0942,0.0,,0,continue,manual,0.00,,true,true,,,,,,https://cdn.shopify.com/s/files/1/0819/7885/1544/files/3xd7ch-mr._20brown_20iced_20coffee_20240_20ml.png?v=1781344000,1,Mr. Brown Iced Coffee 240 ml,false,,,,,,,,,,kg,,,draft
mr-brown-cappuccino-iced-coffee-240-ml,Mr. Brown Cappuccino Iced Coffee 240 ml,"",Ayira Mini Mart,,Carbonated Soft Drinks,Carbonated Soft Drinks,false,Title,Default Title,,,,,,,,AYR-0941,0.0,,0,continue,manual,0.00,,true,true,,,,,,https://cdn.shopify.com/s/files/1/0819/7885/1544/files/q27ml0-mr._20brown_20cappuccino_20iced_20coffee_20240_20ml.png?v=1781344000,1,Mr. Brown Cappuccino Iced Coffee 240 ml,false,,,,,,,,,,kg,,,draft
mr-brown-caramel-latte-iced-coffee-240-ml,Mr. Brown Caramel Latte Iced Coffee 240 ml,"",Ayira Mini Mart,,Carbonated Soft Drinks,Carbonated Soft Drinks,false,Title,Default Title,,,,,,,,AYR-0940,0.0,,0,continue,manual,0.00,,true,true,,,,,,https://cdn.shopify.com/s/files/1/0819/7885/1544/files/o1hcfo-mr._20brown_20caramel_20latte_20iced_20coffee_20240_20ml.png?v=1781343999,1,Mr. Brown Caramel Latte Iced Coffee 240 ml,false,,,,,,,,,,kg,,,draft
mr-brown-vanilla-iced-coffee-240-ml,Mr. Brown Vanilla Iced Coffee 240 ml,"",Ayira Mini Mart,,Carbonated Soft Drinks,Carbonated Soft Drinks,false,Title,Default Title,,,,,,,,AYR-0939,0.0,,0,continue,manual,0.00,,true,true,,,,,,https://cdn.shopify.com/s/files/1/0819/7885/1544/files/9cv2ck-mr._20brown_20vanilla_20iced_20coffee_20240_20ml.png?v=1781343998,1,Mr. Brown Vanilla Iced Coffee 240 ml,false,,,,,,,,,,kg,,,draft
al-rifai-french-coffee-250-gm,Al Rifai French Coffee 250 gm,"",Ayira Mini Mart,,Coffee & Coffee Drinks,Coffee & Coffee Drinks,false,Title,Default Title,,,,,,,,AYR-0938,0.0,,0,continue,manual,0.00,,true,true,,,,,,https://cdn.shopify.com/s/files/1/0819/7885/1544/files/oe-eue-al_20rifai_20french_20coffee_20250_20gm.jpg?v=1781343997,1,Al Rifai French Coffee 250 gm,false,,,,,,,,,,kg,,,draft
al-rifai-french-coffee-hazelnut-flavour-250-ml,Al Rifai French Coffee Hazelnut Flavour 250 ml,"",Ayira Mini Mart,,Coffee & Coffee Drinks,Coffee & Coffee Drinks,false,Title,Default Title,,,,,,,,AYR-0937,0.0,,0,continue,manual,0.00,,true,true,,,,,,https://cdn.shopify.com/s/files/1/0819/7885/1544/files/yadyu0-al_20rifai_20french_20coffee_20hazelnut_20flavour_20250_20ml.jpg?v=1781343997,1,Al Rifai French Coffee Hazelnut Flavour 250 ml,false,,,,,,,,,,kg,,,draft
al-rifai-turkish-coffee-with-cardamom-250-gm,Al Rifai Turkish Coffee with Cardamom 250 gm,"",Ayira Mini Mart,,Coffee & Coffee Drinks,Coffee & Coffee Drinks,false,Title,Default Title,,,,,,,,AYR-0936,0.0,,0,continue,manual,0.00,,true,true,,,,,,https://cdn.shopify.com/s/files/1/0819/7885/1544/files/66g6d3-al_20rifai_20turkish_20coffee_20with_20cardamom_20250_20gm.jpg?v=1781343996,1,Al Rifai Turkish Coffee with Cardamom 250 gm,false,,,,,,,,,,kg,,,draft
lker-coffee-biscuit-58-g,Ülker Coffee Biscuit 58 g,"",Ayira Mini Mart,,Biscuits,Biscuits,false,Title,Default Title,,,,,,,,AYR-0935,0.0,,0,continue,manual,0.00,,true,true,,,,,,https://cdn.shopify.com/s/files/1/0819/7885/1544/files/9unq9k-_C3_BClker_20coffee_20biscuit_20_E2_80_93_2058_20g.png?v=1781343995,1,Ülker Coffee Biscuit 58 g,false,,,,,,,,,,kg,,,draft
britannia-50-50-sweet-salty-biscuits-71-g,Britannia 50-50 Sweet & Salty Biscuits 71 g,"",Ayira Mini Mart,,Biscuits,Biscuits,false,Title,Default Title,,,,,,,,AYR-0934,0.0,,0,continue,manual,0.00,,true,true,,,,,,https://cdn.shopify.com/s/files/1/0819/7885/1544/files/2ibknd-britannia_2050-50_20sweet_20.png?v=1781343995,1,Britannia 50-50 Sweet & Salty Biscuits 71 g,false,,,,,,,,,,kg,,,draft
lker-rondo-kremali-banana-cream-biscuits-61-g,Ülker Rondo Kremaliı Banana Cream Biscuits 61 g,"",Ayira Mini Mart,,Biscuits,Biscuits,false,Title,Default Title,,,,,,,,AYR-0933,0.0,,0,continue,manual,0.00,,true,true,,,,,,https://cdn.shopify.com/s/files/1/0819/7885/1544/files/y9ad9o-_C3_BClker_20rondo_20kremali_C4_B1_20banana_20cream_20biscuits_2061_20g.jpg?v=1781343993,1,Ülker Rondo Kremaliı Banana Cream Biscuits 61 g,false,,,,,,,,,,kg,,,draft
napoleon-vanilla-flavour-butterscotch-candy-150-g,Napoleon Vanilla Flavour Butterscotch Candy 150 g,"",Ayira Mini Mart,,Chocolates,Chocolates,false,Title,Default Title,,,,,,,,AYR-0932,0.0,,0,continue,manual,0.00,,true,true,,,,,,https://cdn.shopify.com/s/files/1/0819/7885/1544/files/7s958c-napoleon_20vanilla_20flavour_20butterscotch_20candy_20150_20g.png?v=1781343993,1,Napoleon Vanilla Flavour Butterscotch Candy 150 g,false,,,,,,,,,,kg,,,draft
napoleon-original-butterscotch-candy-150-g,Napoleon Original Butterscotch Candy 150 g,"",Ayira Mini Mart,,Chocolates,Chocolates,false,Title,Default Title,,,,,,,,AYR-0931,0.0,,0,continue,manual,0.00,,true,true,,,,,,https://cdn.shopify.com/s/files/1/0819/7885/1544/files/pf124--napoleon_20original_20butterscotch_20candy_20150_20g.png?v=1781343992,1,Napoleon Original Butterscotch Candy 150 g,false,,,,,,,,,,kg,,,draft
pran-special-toast-rusk-385g,PRAN Special Toast (Rusk) – 385g,"",Ayira Mini Mart,,Bakery & Pastries,Bakery & Pastries,false,Title,Default Title,,,,,,,,AYR-0930,0.0,,0,continue,manual,0.00,,true,true,,,,,,https://cdn.shopify.com/s/files/1/0819/7885/1544/files/rjf9gt-pran_20special_20toast_20_28rusk_29_20_E2_80_93_20385g.png?v=1781343991,1,PRAN Special Toast (Rusk) – 385g,false,,,,,,,,,,kg,,,draft
peanut-butter-bar-granio-milk-chocolate-40g,Peanut Butter Bar Granio Milk Chocolate 40g,"",Ayira Mini Mart,,Chocolates,Chocolates,false,Title,Default Title,,,,,,,,AYR-0929,0.0,,0,continue,manual,0.00,,true,true,,,,,,https://cdn.shopify.com/s/files/1/0819/7885/1544/files/pm-m6c-peanut_20butter_20bar_20granio_20milk_20chocolate_2040_20gm.png?v=1781343991,1,Peanut Butter Bar Granio Milk Chocolate 40g,false,,,,,,,,,,kg,,,draft
jordina-tropi-35-gm,Jordina Tropi 35 GM,"",Ayira Mini Mart,,Chocolates,Chocolates,false,Title,Default Title,,,,,,,,AYR-0928,0.0,,0,continue,manual,0.00,,true,true,,,,,,https://cdn.shopify.com/s/files/1/0819/7885/1544/files/cuvq8f-jordina_20tropi_2035_20gm.png?v=1781343990,1,Jordina Tropi 35 GM,false,,,,,,,,,,kg,,,draft
bliss-veggie-straws-original-27-g,Bliss Veggie Straws Original 27 g,"",Ayira Mini Mart,,Chips & Crisps,Chips & Crisps,false,Title,Default Title,,,,,,,,AYR-0927,0.0,,0,continue,manual,0.00,,true,true,,,,,,https://cdn.shopify.com/s/files/1/0819/7885/1544/files/u9u7qj-bliss_20veggie_20straws_20original_2027_20g.png?v=1781343989,1,Bliss Veggie Straws Original 27 g,false,,,,,,,,,,kg,,,draft
cheetos-flamin-hot-crunchy-cheese-flavour-snacks,Cheetos Flamin’ Hot Crunchy Cheese Flavour Snacks,"",Ayira Mini Mart,,Chips & Crisps,Chips & Crisps,false,Title,Default Title,,,,,,,,AYR-0926,0.0,,0,continue,manual,0.00,,true,true,,,,,,https://cdn.shopify.com/s/files/1/0819/7885/1544/files/0pwuxc-cheetos_20flamin_27_20hot_20crunchy_2025_20g_612115f3-2df8-40fb-8363-4a7937696f52.png?v=1781343988,1,Cheetos Flamin’ Hot Crunchy Cheese Flavour Snacks,false,,,,,,,,,,kg,,,draft
kdd-blitz-vanilla-ice-cream-with-raspberry-62-5g,KDD Blitz Vanilla Ice Cream with Raspberry 62.5g,"",Ayira Mini Mart,,Ice Cream,Ice Cream,false,Title,Default Title,,,,,,,,AYR-0925,0.0,,0,continue,manual,1.50,,true,true,,,,,,,,,false,,,,,,,,,,kg,,,draft
apple-fruity-ice,Apple Fruity Ice,"",Ayira Mini Mart,,Ice Cream,Ice Cream,false,Title,Default Title,,,,,,,,AYR-0924,0.0,,0,continue,manual,0.00,,true,true,,,,,,https://cdn.shopify.com/s/files/1/0819/7885/1544/files/qmbf12-apple_20fruity_20ice.png?v=1781343987,1,Apple Fruity Ice,false,,,,,,,,,,kg,,,draft
delisimo-hazelnut-plombir-ice-cream-500g,Delisimo Hazelnut Plombir Ice Cream 500g,"",Ayira Mini Mart,,Ice Cream,Ice Cream,false,Title,Default Title,,,,,,,,AYR-0923,0.0,,0,continue,manual,0.00,,true,true,,,,,,https://cdn.shopify.com/s/files/1/0819/7885/1544/files/usm9gg-delisimo_20hazelnut_20plombir_20500_20g.png?v=1781343986,1,Delisimo Hazelnut Plombir Ice Cream 500g,false,,,,,,,,,,kg,,,draft
dabur-glucose-orange-flavoured-energy-powder-vitamin-c-calcium-500g,Dabur Glucose Orange Flavoured Energy Powder – Vitamin C & Calcium (500g),"",Ayira Mini Mart,,Energy & Sports Drinks,Energy & Sports Drinks,false,Title,Default Title,,,,,,,,AYR-0922,0.0,,0,continue,manual,0.00,,true,true,,,,,,,,,false,,,,,,,,,,kg,,,draft
dabur-glucose-d-energy-powder-vitamin-d-calcium-500g,Dabur Glucose-D Energy Powder – Vitamin D & Calcium (500g),"",Ayira Mini Mart,,Energy & Sports Drinks,Energy & Sports Drinks,false,Title,Default Title,,,,,,,,AYR-0921,0.0,,0,continue,manual,0.00,,true,true,,,,,,,,,false,,,,,,,,,,kg,,,draft
lusine-chocolate-sandwich-105-g,Lusine Chocolate Sandwich 105 g,"",Ayira Mini Mart,,Bakery & Pastries,Bakery & Pastries,true,Title,Default Title,,,,,,,,AYR-0920,0.0,,0,continue,manual,3.00,,true,true,,,,,,https://cdn.shopify.com/s/files/1/0819/7885/1544/files/bqg9r0-lusine_20chocolate_20sandwich_20105_20g.png?v=1781343985,1,Lusine Chocolate Sandwich 105 g,false,,,,,,,,,,kg,,,active
lusine-biscuit-cream-butter-croissant-83-g,Lusine Biscuit Cream Butter Croissant (83 g),"",Ayira Mini Mart,,Bakery & Pastries,Bakery & Pastries,true,Title,Default Title,,,,,,,,AYR-0919,0.0,,0,continue,manual,3.50,,true,true,,,,,,https://cdn.shopify.com/s/files/1/0819/7885/1544/files/ceipan-lusine_20biscuit_20cream_20butter_20croissant_20_2883_20g_29.png?v=1781343983,1,Lusine Biscuit Cream Butter Croissant (83 g),false,,,,,,,,,,kg,,,active
lusine-cheese-croissant-60-g,Lusine Cheese Croissant (60 g),"",Ayira Mini Mart,,Bakery & Pastries,Bakery & Pastries,true,Title,Default Title,,,,,,,,AYR-0918,0.0,,0,continue,manual,2.00,,true,true,,,,,,https://cdn.shopify.com/s/files/1/0819/7885/1544/files/olj6se-lusine_20cheese_20croissant_20_2860_20g_29.png?v=1781343982,1,Lusine Cheese Croissant (60 g),false,,,,,,,,,,kg,,,active
lusine-pizza-puff-90-g,Lusine Pizza Puff (90 g),"",Ayira Mini Mart,,Bakery & Pastries,Bakery & Pastries,true,Title,Default Title,,,,,,,,AYR-0917,0.0,,0,continue,manual,2.00,,true,true,,,,,,https://cdn.shopify.com/s/files/1/0819/7885/1544/files/yv0ymd-lusine_20pizza_20puff_20_2890_20g_29.png?v=1781343981,1,Lusine Pizza Puff (90 g),false,,,,,,,,,,kg,,,active
lusine-chocolate-cupcake-30-g,Lusine Chocolate Cupcake (30 g),"",Ayira Mini Mart,,Bakery & Pastries,Bakery & Pastries,true,Title,Default Title,,,,,,,,AYR-0916,0.0,,0,continue,manual,2.00,,true,true,,,,,,https://cdn.shopify.com/s/files/1/0819/7885/1544/files/b5zydf-lusine_20chocolate_20cupcake_20_2830_20g_29.png?v=1781343980,1,Lusine Chocolate Cupcake (30 g),false,,,,,,,,,,kg,,,active
lusine-strawberry-cupcake-30-g,Lusine Strawberry Cupcake (30 g),"",Ayira Mini Mart,,Bakery & Pastries,Bakery & Pastries,true,Title,Default Title,,,,,,,,AYR-0915,0.0,,0,continue,manual,2.00,,true,true,,,,,,https://cdn.shopify.com/s/files/1/0819/7885/1544/files/u0ov4j-lusine_20strawberry_20cupcake_20_2830_20g_29.png?v=1781343979,1,Lusine Strawberry Cupcake (30 g),false,,,,,,,,,,kg,,,active
lusine-butter-croissant-85-g,Lusine Butter Croissant (85 g),"",Ayira Mini Mart,,Bakery & Pastries,Bakery & Pastries,true,Title,Default Title,,,,,,,,AYR-0914,0.0,,0,continue,manual,3.00,,true,true,,,,,,https://cdn.shopify.com/s/files/1/0819/7885/1544/files/6ig-nw-lusine_20butter_20croissant_20_2885_20g_29.png?v=1781343978,1,Lusine Butter Croissant (85 g),false,,,,,,,,,,kg,,,active
lusine-strawberry-cupcake-60-g,Lusine Strawberry Cupcake (60 g),"",Ayira Mini Mart,,Bakery & Pastries,Bakery & Pastries,true,Title,Default Title,,,,,,,,AYR-0913,0.0,,0,continue,manual,2.00,,true,true,,,,,,https://cdn.shopify.com/s/files/1/0819/7885/1544/files/bkt17g-lusine_20strawberry_20cupcake_20_2860_20g_29.png?v=1781343978,1,Lusine Strawberry Cupcake (60 g),false,,,,,,,,,,kg,,,active
lusine-vanilla-cupcake-60-g,Lusine Vanilla Cupcake (60 g),"",Ayira Mini Mart,,Bakery & Pastries,Bakery & Pastries,true,Title,Default Title,,,,,,,,AYR-0912,0.0,,0,continue,manual,2.00,,true,true,,,,,,https://cdn.shopify.com/s/files/1/0819/7885/1544/files/1st1l5-lusine_20vanilla_20cupcake_20_2860_20g_29.png?v=1781343977,1,Lusine Vanilla Cupcake (60 g),false,,,,,,,,,,kg,,,active
lusine-chocolate-cupcake-60-g,Lusine Chocolate Cupcake (60 g),"",Ayira Mini Mart,,Bakery & Pastries,Bakery & Pastries,true,Title,Default Title,,,,,,,,AYR-0911,0.0,,0,continue,manual,2.00,,true,true,,,,,,https://cdn.shopify.com/s/files/1/0819/7885/1544/files/o48umd-lusine_20chocolate_20cupcake_20_2860_20g_29.png?v=1781343976,1,Lusine Chocolate Cupcake (60 g),false,,,,,,,,,,kg,,,active
lusine-apple-puff-70-g,Lusine Apple Puff (70 g),"",Ayira Mini Mart,,Bakery & Pastries,Bakery & Pastries,true,Title,Default Title,,,,,,,,AYR-0910,0.0,,0,continue,manual,2.00,,true,true,,,,,,https://cdn.shopify.com/s/files/1/0819/7885/1544/files/bz-lij-lusine_20apple_20puff_20_2870_20g_29.png?v=1781343975,1,Lusine Apple Puff (70 g),false,,,,,,,,,,kg,,,active
lusine-chocolate-puff-70-g,Lusine Chocolate Puff (70 g),"",Ayira Mini Mart,,Bakery & Pastries,Bakery & Pastries,true,Title,Default Title,,,,,,,,AYR-0909,0.0,,0,continue,manual,2.00,,true,true,,,,,,https://cdn.shopify.com/s/files/1/0819/7885/1544/files/cend4v-lusine_20chocolate_20puff_20_2870_20g_29.png?v=1781343974,1,Lusine Chocolate Puff (70 g),false,,,,,,,,,,kg,,,active
lusine-flaky-butter-puff-feta-80-g,Lusine Flaky Butter Puff – Feta (80 g),"",Ayira Mini Mart,,Bakery & Pastries,Bakery & Pastries,true,Title,Default Title,,,,,,,,AYR-0908,0.0,,0,continue,manual,3.00,,true,true,,,,,,https://cdn.shopify.com/s/files/1/0819/7885/1544/files/25atrg-lusine_20flaky_20butter_20puff_20_E2_80_93_20feta_20_2880_20g_29.png?v=1781343974,1,Lusine Flaky Butter Puff – Feta (80 g),false,,,,,,,,,,kg,,,active
lusine-cheese-puff-70-g,Lusine Cheese Puff (70 g),"",Ayira Mini Mart,,Bakery & Pastries,Bakery & Pastries,true,Title,Default Title,,,,,,,,AYR-0907,0.0,,0,continue,manual,2.00,,true,true,,,,,,https://cdn.shopify.com/s/files/1/0819/7885/1544/files/dfa5ah-lusine_20cheese_20puff_20_2870_20g_29.png?v=1781343972,1,Lusine Cheese Puff (70 g),false,,,,,,,,,,kg,,,active
lusine-flaky-butter-puff-strawberry-80-g,Lusine Flaky Butter Puff – Strawberry (80 g),"",Ayira Mini Mart,,Bakery & Pastries,Bakery & Pastries,true,Title,Default Title,,,,,,,,AYR-0906,0.0,,0,continue,manual,2.00,,true,true,,,,,,https://cdn.shopify.com/s/files/1/0819/7885/1544/files/4pcpis-lusine_20flaky_20butter_20puff_20_E2_80_93_20strawberry_20_2880_20g_29.png?v=1781343972,1,Lusine Flaky Butter Puff – Strawberry (80 g),false,,,,,,,,,,kg,,,active
lusine-zaatar-croissant,Lusine Zaatar Croissant,"",Ayira Mini Mart,Uncategorized,Bakery & Pastries,Bakery & Pastries,true,Title,Default Title,,,,,,,,AYR-0905,0.0,,0,continue,manual,2.00,,true,true,,,,,,https://cdn.shopify.com/s/files/1/0819/7885/1544/files/Screenshot_2026-06-20_104732.png?v=1781941685,1,"",false,,,,,,,,,,kg,,,active
qbake-milk-bread-350gm,Qbake Milk Bread 350Gm,"",Ayira Mini Mart,,Bakery & Pastries,Bakery & Pastries,true,Title,Default Title,,,,,,,,AYR-0904,0.0,,0,continue,manual,3.50,,true,true,,,,,,https://cdn.shopify.com/s/files/1/0819/7885/1544/files/6-er49-qbake_20milk_20bread_20350gm.png?v=1781343970,1,Qbake Milk Bread 350Gm,false,,,,,,,,,,kg,,,active
qbake-milk-bread-medium-620gm,Qbake Milk Bread Medium 620gm,"",Ayira Mini Mart,,Bakery & Pastries,Bakery & Pastries,true,Title,Default Title,,,,,,,,AYR-0903,0.0,,0,continue,manual,6.00,,true,true,,,,,,https://cdn.shopify.com/s/files/1/0819/7885/1544/files/5fudbv-qbake_20milk_20bread_20medium_20620gm.png?v=1781343969,1,Qbake Milk Bread Medium 620gm,false,,,,,,,,,,kg,,,active
qbake-multi-grain-bread-325g,Qbake multi Grain Bread 325g,"",Ayira Mini Mart,,Bakery & Pastries,Bakery & Pastries,true,Title,Default Title,,,,,,,,AYR-0902,0.0,,0,continue,manual,5.00,,true,true,,,,,,https://cdn.shopify.com/s/files/1/0819/7885/1544/files/4c763a-qbake_20multi_20grain_20bread_20325g.jpg?v=1781343968,1,Qbake multi Grain Bread 325g,false,,,,,,,,,,kg,,,active
qbake-butter-bread-300g,Qbake Butter Bread 300g,"",Ayira Mini Mart,,Bakery & Pastries,Bakery & Pastries,true,Title,Default Title,,,,,,,,AYR-0901,0.0,,0,continue,manual,4.00,,true,true,,,,,,https://cdn.shopify.com/s/files/1/0819/7885/1544/files/zyn-hb-qbake_20butter_20bread_20300g.jpg?v=1781343967,1,Qbake Butter Bread 300g,false,,,,,,,,,,kg,,,active
london-oven-fresh-london-bakery-210-g,London Oven Fresh – London Bakery (210 g),"",Ayira Mini Mart,,Bakery & Pastries,Bakery & Pastries,true,Title,Default Title,,,,,,,,AYR-0900,0.0,,0,continue,manual,4.00,,true,true,,,,,,https://cdn.shopify.com/s/files/1/0819/7885/1544/files/t8bgry-london_20oven_20fresh_20_E2_80_93_20london_20bakery_20_28210_20g_29.png?v=1781343967,1,London Oven Fresh – London Bakery (210 g),false,,,,,,,,,,kg,,,active
qbake-hot-dog-roll-soft-fluffy-500-g,Qbake Hot Dog Roll – Soft & Fluffy (500 g),"",Ayira Mini Mart,,Bakery & Pastries,Bakery & Pastries,true,Title,Default Title,,,,,,,,AYR-0899,0.0,,0,continue,manual,5.00,,true,true,,,,,,https://cdn.shopify.com/s/files/1/0819/7885/1544/files/woaljs-qbake_20hot_20dog_20roll_20_E2_80_93_20soft_20.png?v=1781343966,1,Qbake Hot Dog Roll – Soft & Fluffy (500 g),false,,,,,,,,,,kg,,,active
qbake-soft-bun-420-g,Qbake Soft Bun (420 g),"",Ayira Mini Mart,,Bakery & Pastries,Bakery & Pastries,true,Title,Default Title,,,,,,,,AYR-0898,0.0,,0,continue,manual,4.50,,true,true,,,,,,https://cdn.shopify.com/s/files/1/0819/7885/1544/files/uw3gg8-qbake_20soft_20bun_20_28420_20g_29.png?v=1781343964,1,Qbake Soft Bun (420 g),false,,,,,,,,,,kg,,,active
qbake-burger-bun-420-g,Qbake Burger Bun (420 g),"",Ayira Mini Mart,,Bakery & Pastries,Bakery & Pastries,true,Title,Default Title,,,,,,,,AYR-0897,0.0,,0,continue,manual,5.00,,true,true,,,,,,https://cdn.shopify.com/s/files/1/0819/7885/1544/files/6n9fri-qbake_20burger_20bun_20_28420_20g_29.png?v=1781343963,1,Qbake Burger Bun (420 g),false,,,,,,,,,,kg,,,active
qbake-samona-360-g,Qbake Samona (360 g),"",Ayira Mini Mart,,Bakery & Pastries,Bakery & Pastries,true,Title,Default Title,,,,,,,,AYR-0896,0.0,,0,continue,manual,4.00,,true,true,,,,,,https://cdn.shopify.com/s/files/1/0819/7885/1544/files/d8foya-qbake_20samona_20_28360_20g_29.png?v=1781343961,1,Qbake Samona (360 g),false,,,,,,,,,,kg,,,active
snaz-swizz-roll-with-strawberry-20-g,Snaz Swizz Roll with Strawberry (20 g),"",Ayira Mini Mart,,Bakery & Pastries,Bakery & Pastries,true,Title,Default Title,,,,,,,,AYR-0895,0.0,,0,continue,manual,1.00,,true,true,,,,,,https://cdn.shopify.com/s/files/1/0819/7885/1544/files/o5wboz-snaz_20swizz_20roll_20with_20strawberry_20_2820_20g_29.png?v=1781343960,1,Snaz Swizz Roll with Strawberry (20 g),false,,,,,,,,,,kg,,,active
snaz-swizz-roll-20-g,Snaz Swizz Roll (20 g),"",Ayira Mini Mart,,Bakery & Pastries,Bakery & Pastries,true,Title,Default Title,,,,,,,,AYR-0894,0.0,,0,continue,manual,1.00,,true,true,,,,,,https://cdn.shopify.com/s/files/1/0819/7885/1544/files/bhkg48-snaz_20swizz_20roll_20_2820_20g_29.png?v=1781343958,1,Snaz Swizz Roll (20 g),false,,,,,,,,,,kg,,,active
lusine-triple-chocolate-muffin-60-g,Lusine Triple Chocolate Muffin (60 g),"",Ayira Mini Mart,,Chocolates,Chocolates,true,Title,Default Title,,,,,,,,AYR-0893,0.0,,0,continue,manual,3.00,,true,true,,,,,,https://cdn.shopify.com/s/files/1/0819/7885/1544/files/5ncuai-lusine_20triple_20chocolate_20muffin_20_2860_20g_29.png?v=1781343957,1,Lusine Triple Chocolate Muffin (60 g),false,,,,,,,,,,kg,,,active
lusine-chocolate-brownie-50-g,Lusine Chocolate Brownie (50 g),"",Ayira Mini Mart,,Chocolates,Chocolates,true,Title,Default Title,,,,,,,,AYR-0892,0.0,,0,continue,manual,3.00,,true,true,,,,,,https://cdn.shopify.com/s/files/1/0819/7885/1544/files/eaodh2-lusine_20chocolate_20brownie_20_2850_20g_29.png?v=1781343955,1,Lusine Chocolate Brownie (50 g),false,,,,,,,,,,kg,,,active
jumpo-roll-55-g,Jumpo Roll 55 g,"",Ayira Mini Mart,,Bakery & Pastries,Bakery & Pastries,true,Title,Default Title,,,,,,,,AYR-0891,0.0,,0,continue,manual,2.50,,true,true,,,,,,https://cdn.shopify.com/s/files/1/0819/7885/1544/files/a5whsh-jumpo_20roll_2055_20g.png?v=1781343954,1,Jumpo Roll 55 g,false,,,,,,,,,,kg,,,active
qbake-white-bread-small-320g,Qbake White Bread Small 320g,"",Ayira Mini Mart,,Bakery & Pastries,Bakery & Pastries,true,Title,Default Title,,,,,,,,AYR-0890,0.0,,0,continue,manual,3.50,,true,true,,,,,,https://cdn.shopify.com/s/files/1/0819/7885/1544/files/l61-f9-qbake_20white_20bread_20small_20320g.jpg?v=1781343953,1,Qbake White Bread Small 320g,false,,,,,,,,,,kg,,,active
qbake-white-bread-620g,Qbake White Bread 620g,"",Ayira Mini Mart,,Bakery & Pastries,Bakery & Pastries,true,Title,Default Title,,,,,,,,AYR-0889,0.0,,0,continue,manual,6.00,,true,true,,,,,,https://cdn.shopify.com/s/files/1/0819/7885/1544/files/g5s4in-qbake_20white_20bread_20620g.jpg?v=1781343951,1,Qbake White Bread 620g,false,,,,,,,,,,kg,,,active
qbake-brown-bread-620g,Qbake Brown Bread 620g,"",Ayira Mini Mart,,Bakery & Pastries,Bakery & Pastries,true,Title,Default Title,,,,,,,,AYR-0888,0.0,,0,continue,manual,6.00,,true,true,,,,,,https://cdn.shopify.com/s/files/1/0819/7885/1544/files/6h76nm-qbake_20brown_20bread_20620g.png?v=1781343950,1,Qbake Brown Bread 620g,false,,,,,,,,,,kg,,,active
qbake-mini-chocolate-muffins-195g,Qbake Mini Chocolate Muffins 195g,"",Ayira Mini Mart,,Bakery & Pastries,Bakery & Pastries,true,Title,Default Title,,,,,,,,AYR-0887,0.0,,0,continue,manual,5.00,,true,true,,,,,,https://cdn.shopify.com/s/files/1/0819/7885/1544/files/6-4g2m-qbake_20mini_20chocolate_20muffins_20195g.jpg?v=1781343949,1,Qbake Mini Chocolate Muffins 195g,false,,,,,,,,,,kg,,,active
qbake-mini-vanilla-muffins-original-195g,Qbake Mini Vanilla Muffins Original 195g,"",Ayira Mini Mart,,Bakery & Pastries,Bakery & Pastries,true,Title,Default Title,,,,,,,,AYR-0886,0.0,,0,continue,manual,5.00,,true,true,,,,,,https://cdn.shopify.com/s/files/1/0819/7885/1544/files/q7uw7--qbake_20mini_20vanilla_20muffins_20original_20195g.jpg?v=1781343948,1,Qbake Mini Vanilla Muffins Original 195g,false,,,,,,,,,,kg,,,active
qbake-vanilla-cupcake-15pcs,Qbake Vanilla Cupcake 15pcs,"",Ayira Mini Mart,,Bakery & Pastries,Bakery & Pastries,true,Title,Default Title,,,,,,,,AYR-0885,0.0,,0,continue,manual,5.00,,true,true,,,,,,https://cdn.shopify.com/s/files/1/0819/7885/1544/files/x9r073-qbake_20vanilla_20cupcake_2015pcs.jpg?v=1781343948,1,Qbake Vanilla Cupcake 15pcs,false,,,,,,,,,,kg,,,active
qbake-sweet-puff-70g,Qbake Sweet Puff 70g,"",Ayira Mini Mart,,Bakery & Pastries,Bakery & Pastries,true,Title,Default Title,,,,,,,,AYR-0884,0.0,,0,continue,manual,2.00,,true,true,,,,,,https://cdn.shopify.com/s/files/1/0819/7885/1544/files/mn28bq-qbake_20sweet_20puff_2070g.jpg?v=1781343947,1,Qbake Sweet Puff 70g,false,,,,,,,,,,kg,,,active
qbake-apple-puff-70g,Qbake Apple Puff 70g,"",Ayira Mini Mart,,Bakery & Pastries,Bakery & Pastries,true,Title,Default Title,,,,,,,,AYR-0883,0.0,,0,continue,manual,2.00,,true,true,,,,,,https://cdn.shopify.com/s/files/1/0819/7885/1544/files/c3h09n-qbake_20apple_20puff_2070g.jpg?v=1781343946,1,Qbake Apple Puff 70g,false,,,,,,,,,,kg,,,active
biscuit-cream-butter-croissant-80g,Biscuit Cream Butter Croissant 80g,"",Ayira Mini Mart,,Bakery & Pastries,Bakery & Pastries,true,Title,Default Title,,,,,,,,AYR-0882,0.0,,0,continue,manual,3.00,,true,true,,,,,,https://cdn.shopify.com/s/files/1/0819/7885/1544/files/qsjik5-biscuit_20cream_20butter_20croissant_2080g.png?v=1781343945,1,Biscuit Cream Butter Croissant 80g,false,,,,,,,,,,kg,,,active
qbake-zaatar-cream-cheese-sandwich-roll-110g,Qbake Zaatar Cream Cheese Sandwich Roll 110g,"",Ayira Mini Mart,,Bakery & Pastries,Bakery & Pastries,true,Title,Default Title,,,,,,,,AYR-0881,0.0,,0,continue,manual,3.00,,true,true,,,,,,https://cdn.shopify.com/s/files/1/0819/7885/1544/files/80nivf-qbake_20zaatar_20cream_20cheese_20sandwich_20roll_20110g.png?v=1781343945,1,Qbake Zaatar Cream Cheese Sandwich Roll 110g,false,,,,,,,,,,kg,,,active
mentos-pure-fresh-sugarfree-chewing-gum-watermelon-50-pieces-87-5-g,Mentos Pure Fresh Sugarfree Chewing Gum Watermelon 50 Pieces 87.5 g,"",Ayira Mini Mart,,Gums,Gums,true,Title,Default Title,,,,,,,,AYR-0880,0.0,,0,continue,manual,14.50,,true,true,,,,,,https://cdn.shopify.com/s/files/1/0819/7885/1544/files/wjo506-mentos_20pure_20fresh_20sugarfree_20chewing_20gum_20bubble_20fresh_2050_20pieces_2087.5_20g.png?v=1781343944,1,Mentos Pure Fresh Sugarfree Chewing Gum Watermelon 50 Pieces 87.5 g,false,,,,,,,,,,kg,,,active
mentos-pure-fresh-sugarfree-chewing-gum-spearmint-50-pieces-87-5-g,Mentos Pure Fresh Sugarfree Chewing Gum Spearmint 50 Pieces 87.5 g,"",Ayira Mini Mart,,Gums,Gums,true,Title,Default Title,,,,,,,,AYR-0879,0.0,,0,continue,manual,14.50,,true,true,,,,,,https://cdn.shopify.com/s/files/1/0819/7885/1544/files/q8rwg3-mentos_20pure_20fresh_20sugarfree_20chewing_20gum_20watermelon_2050_20pieces_2087.5_20g.png?v=1781343943,1,Mentos Pure Fresh Sugarfree Chewing Gum Spearmint 50 Pieces 87.5 g,false,,,,,,,,,,kg,,,active
mentos-pure-fresh-sugarfree-chewing-gum-bubble-fresh-50-pieces-87-5-g,Mentos Pure Fresh Sugarfree Chewing Gum Bubble Fresh 50 Pieces 87.5 g,"",Ayira Mini Mart,,Gums,Gums,true,Title,Default Title,,,,,,,,AYR-0878,0.0,,0,continue,manual,14.50,,true,true,,,,,,https://cdn.shopify.com/s/files/1/0819/7885/1544/files/4iwdie-mentos_20pure_20fresh_20sugarfree_20chewing_20gum_20spearmint_2050_20pieces_2087.5_20g.png?v=1781343942,1,Mentos Pure Fresh Sugarfree Chewing Gum Bubble Fresh 50 Pieces 87.5 g,false,,,,,,,,,,kg,,,active
mentos-pure-fresh-sugarfree-chewing-gum-strawberry-50-pieces-87-5-g,Mentos Pure Fresh Sugarfree Chewing Gum Strawberry 50 Pieces 87.5 g,"",Ayira Mini Mart,,Gums,Gums,true,Title,Default Title,,,,,,,,AYR-0877,0.0,,0,continue,manual,14.50,,true,true,,,,,,https://cdn.shopify.com/s/files/1/0819/7885/1544/files/mz2mhj-mentos_20pure_20fresh_20sugarfree_20chewing_20gum_20strawberry_2050_20pieces_2087.5_20g.png?v=1781343941,1,Mentos Pure Fresh Sugarfree Chewing Gum Strawberry 50 Pieces 87.5 g,false,,,,,,,,,,kg,,,active
mentos-pure-fresh-sugarfree-chewing-gum-fresh-mint-9-pieces-15-g,Mentos Pure Fresh Sugarfree Chewing Gum Fresh Mint 9 Pieces 15 g,"",Ayira Mini Mart,,Gums,Gums,true,Title,Default Title,,,,,,,,AYR-0876,0.0,,0,continue,manual,2.50,,true,true,,,,,,https://cdn.shopify.com/s/files/1/0819/7885/1544/files/i7r8sz-mentos_20pure_20fresh_20sugarfree_20chewing_20gum_20fresh_20mint_209_20pieces_2015_20g.png?v=1781343941,1,Mentos Pure Fresh Sugarfree Chewing Gum Fresh Mint 9 Pieces 15 g,false,,,,,,,,,,kg,,,active
mentos-pure-fresh-sugarfree-chewing-gum-bubble-fresh-9-pieces-15-g,Mentos Pure Fresh Sugarfree Chewing Gum Bubble Fresh 9 Pieces 15 g,"",Ayira Mini Mart,,Gums,Gums,true,Title,Default Title,,,,,,,,AYR-0875,0.0,,-4,continue,manual,2.50,,true,true,,,,,,https://cdn.shopify.com/s/files/1/0819/7885/1544/files/skgg6q-mentos_20pure_20fresh_20sugarfree_20chewing_20gum_20bubble_20fresh_209_20pieces_2015_20g.png?v=1781343939,1,Mentos Pure Fresh Sugarfree Chewing Gum Bubble Fresh 9 Pieces 15 g,false,,,,,,,,,,kg,,,active
mentos-pure-fresh-sugarfree-chewing-gum-spearmint-9-pieces-15-g,Mentos Pure Fresh Sugarfree Chewing Gum Spearmint 9 Pieces 15 g,"",Ayira Mini Mart,,Gums,Gums,true,Title,Default Title,,,,,,,,AYR-0874,0.0,,0,continue,manual,2.50,,true,true,,,,,,https://cdn.shopify.com/s/files/1/0819/7885/1544/files/8bhkap-mentos_20pure_20fresh_20sugarfree_20chewing_20gum_20spearmint_209_20pieces_2015_20g.png?v=1781343939,1,Mentos Pure Fresh Sugarfree Chewing Gum Spearmint 9 Pieces 15 g,false,,,,,,,,,,kg,,,active
mentos-pure-fresh-sugarfree-chewing-gum-strawberry-9-pieces-15-g,Mentos Pure Fresh Sugarfree Chewing Gum Strawberry 9 Pieces 15 g,"",Ayira Mini Mart,,Gums,Gums,true,Title,Default Title,,,,,,,,AYR-0873,0.0,,0,continue,manual,2.50,,true,true,,,,,,https://cdn.shopify.com/s/files/1/0819/7885/1544/files/e0hwrx-mentos_20pure_20fresh_20sugarfree_20chewing_20gum_20strawberry_209_20pieces_2015_20g.png?v=1781343938,1,Mentos Pure Fresh Sugarfree Chewing Gum Strawberry 9 Pieces 15 g,false,,,,,,,,,,kg,,,active
mentos-strawberry-chewy-candy-roll-37-5-g,Mentos Strawberry Chewy Candy Roll 37.5 g,"",Ayira Mini Mart,,Gums,Gums,true,Title,Default Title,,,,,,,,AYR-0872,0.0,,0,continue,manual,2.50,,true,true,,,,,,https://cdn.shopify.com/s/files/1/0819/7885/1544/files/xlp68f-mentos_20strawberry_20chewy_20candy_20roll_2037.5_20g.png?v=1781343937,1,Mentos Strawberry Chewy Candy Roll 37.5 g,false,,,,,,,,,,kg,,,active
mentos-rainbow-chewy-candy-roll-37-5-g,Mentos Rainbow Chewy Candy Roll 37.5 g,"",Ayira Mini Mart,,Gums,Gums,true,Title,Default Title,,,,,,,,AYR-0871,0.0,,0,continue,manual,2.50,,true,true,,,,,,https://cdn.shopify.com/s/files/1/0819/7885/1544/files/25ydz-mentos_20rainbow_20chewy_20candy_20roll_2037.5_20g.png?v=1781343936,1,Mentos Rainbow Chewy Candy Roll 37.5 g,false,,,,,,,,,,kg,,,active
mentos-fruit-chewy-candy-roll-37-5-g,Mentos Fruit Chewy Candy Roll 37.5 g,"",Ayira Mini Mart,,Gums,Gums,true,Title,Default Title,,,,,,,,AYR-0870,0.0,,0,continue,manual,2.50,,true,true,,,,,,https://cdn.shopify.com/s/files/1/0819/7885/1544/files/kdjrak-mentos_20fruit_20chewy_20candy_20roll_2037.5_20g.png?v=1781343936,1,Mentos Fruit Chewy Candy Roll 37.5 g,false,,,,,,,,,,kg,,,active
mentos-mint-chewy-candy-rol-37-5-g,Mentos Mint Chewy Candy Rol 37.5 g,"",Ayira Mini Mart,,Gums,Gums,true,Title,Default Title,,,,,,,,AYR-0869,0.0,,0,continue,manual,2.50,,true,true,,,,,,https://cdn.shopify.com/s/files/1/0819/7885/1544/files/99ljrp-mentos_20mint_20chewy_20candy_20roll_20_E2_80_93_2037.5_20g.png?v=1781343934,1,Mentos Mint Chewy Candy Rol 37.5 g,false,,,,,,,,,,kg,,,active
mentos-incredible-chew-cola-flavour-chews-140-g,Mentos Incredible Chew Cola Flavour Chews 140 g,"",Ayira Mini Mart,,Gums,Gums,true,Title,Default Title,,,,,,,,AYR-0868,0.0,,0,continue,manual,13.00,,true,true,,,,,,https://cdn.shopify.com/s/files/1/0819/7885/1544/files/pign3g-mentos_20incredible_20chew_20cola_20flavour_20chews_20_E2_80_93_20140_20g.png?v=1781343934,1,Mentos Incredible Chew Cola Flavour Chews 140 g,false,,,,,,,,,,kg,,,active
mentos-3d-sugarfree-chewing-gum-fresh-mint-5-pieces,Mentos 3D Sugarfree Chewing Gum Fresh Mint 5 Pieces,"",Ayira Mini Mart,,Gums,Gums,true,Title,Default Title,,,,,,,,AYR-0867,0.0,,0,continue,manual,1.50,,true,true,,,,,,https://cdn.shopify.com/s/files/1/0819/7885/1544/files/lno0mc-mentos_203d_20sugarfree_20chewing_20gum_20fresh_20mint_20_E2_80_93_205_20pieces..png?v=1781343933,1,Mentos 3D Sugarfree Chewing Gum Fresh Mint 5 Pieces,false,,,,,,,,,,kg,,,active
mentos-3d-sugarfree-chewing-gum-watermelon-5-pieces,Mentos 3D Sugarfree Chewing Gum Watermelon 5 Pieces,"",Ayira Mini Mart,,Gums,Gums,true,Title,Default Title,,,,,,,,AYR-0866,0.0,,0,continue,manual,1.50,,true,true,,,,,,https://cdn.shopify.com/s/files/1/0819/7885/1544/files/gj9mq6-mentos_203d_20sugarfree_20chewing_20gum_20watermelon_20_E2_80_93_205_20pieces.png?v=1781343932,1,Mentos 3D Sugarfree Chewing Gum Watermelon 5 Pieces,false,,,,,,,,,,kg,,,active
mentos-pure-fresh-chewing-gum-fresh-mint-32-pieces,Mentos Pure Fresh Chewing Gum Fresh Mint 32 Pieces,"",Ayira Mini Mart,,Gums,Gums,true,Title,Default Title,,,,,,,,AYR-0865,0.0,,0,continue,manual,11.50,,true,true,,,,,,https://cdn.shopify.com/s/files/1/0819/7885/1544/files/umehld-mentos_20pure_20fresh_20chewing_20gum_20fresh_20mint_20_E2_80_93_2032_20pieces.png?v=1781343931,1,Mentos Pure Fresh Chewing Gum Fresh Mint 32 Pieces,false,,,,,,,,,,kg,,,active
mentos-pure-fresh-chewing-gum-watermelon-32-pieces,Mentos Pure Fresh Chewing Gum Watermelon 32 Pieces,"",Ayira Mini Mart,,Gums,Gums,true,Title,Default Title,,,,,,,,AYR-0864,0.0,,0,continue,manual,11.50,,true,true,,,,,,https://cdn.shopify.com/s/files/1/0819/7885/1544/files/29duk3-mentos_20pure_20fresh_20chewing_20gum_20watermelon_20_E2_80_93_2032_20pieces.png?v=1781343930,1,Mentos Pure Fresh Chewing Gum Watermelon 32 Pieces,false,,,,,,,,,,kg,,,active
mentos-pure-fresh-chewing-gum-strawberry-32-pieces,Mentos Pure Fresh Chewing Gum Strawberry 32 Pieces,"",Ayira Mini Mart,,Gums,Gums,true,Title,Default Title,,,,,,,,AYR-0863,0.0,,0,continue,manual,11.50,,true,true,,,,,,https://cdn.shopify.com/s/files/1/0819/7885/1544/files/zm2ghx-mentos_20pure_20fresh_20chewing_20gum_20strawberry_20_E2_80_93_2032_20pieces.png?v=1781343929,1,Mentos Pure Fresh Chewing Gum Strawberry 32 Pieces,false,,,,,,,,,,kg,,,active
mentos-pure-fresh-chewing-gum-wintergreen-32-pieces,Mentos Pure Fresh Chewing Gum Wintergreen 32 Pieces,"",Ayira Mini Mart,,Gums,Gums,true,Title,Default Title,,,,,,,,AYR-0862,0.0,,0,continue,manual,11.50,,true,true,,,,,,https://cdn.shopify.com/s/files/1/0819/7885/1544/files/q5i7vo-mentos_20pure_20fresh_20chewing_20gum_20wintergreen_20_E2_80_93_2032_20pieces.png?v=1781343928,1,Mentos Pure Fresh Chewing Gum Wintergreen 32 Pieces,false,,,,,,,,,,kg,,,active
mentos-pure-fresh-chewing-gum-fresh-mint,Mentos Pure Fresh Chewing Gum Fresh Mint,"",Ayira Mini Mart,,Gums,Gums,true,Title,Default Title,,,,,,,,AYR-0861,0.0,,0,continue,manual,11.50,,true,true,,,,,,https://cdn.shopify.com/s/files/1/0819/7885/1544/files/lp48v--mentos_20pure_20fresh_20chewing_20gum_20_E2_80_93_20fresh_20mint.png?v=1781343928,1,Mentos Pure Fresh Chewing Gum Fresh Mint,false,,,,,,,,,,kg,,,active
chupa-chups-bites-sour-fruit-flavour-gummy-candy-85g,Chupa Chups Bites Sour Fruit Flavour Gummy Candy 85g,"",Ayira Mini Mart,,Candy,Candy,true,Title,Default Title,,,,,,,,AYR-0860,0.0,,0,continue,manual,6.00,,true,true,,,,,,https://cdn.shopify.com/s/files/1/0819/7885/1544/files/fy90gl-chupa_20chups_20bites_20sour_20fruit_20flavour_20gummy_20candy_2085g...png?v=1781343927,1,Chupa Chups Bites Sour Fruit Flavour Gummy Candy 85g,false,,,,,,,,,,kg,,,active
chupa-chups-cola-gummy-candy-45g,Chupa Chups Cola Gummy Candy 45g,"",Ayira Mini Mart,,Candy,Candy,true,Title,Default Title,,,,,,,,AYR-0859,0.0,,0,continue,manual,6.00,,true,true,,,,,,https://cdn.shopify.com/s/files/1/0819/7885/1544/files/6ioy1n-chupa_20chups_20cola_20gummy_20candy_2045g.png?v=1781343926,1,Chupa Chups Cola Gummy Candy 45g,false,,,,,,,,,,kg,,,active
chupa-chups-sour-assorted-flavour-lollipops-120-g,Chupa Chups Sour Assorted Flavour Lollipops 120 g,"",Ayira Mini Mart,,Candy,Candy,true,Title,Default Title,,,,,,,,AYR-0858,0.0,,0,continue,manual,7.50,,true,true,,,,,,https://cdn.shopify.com/s/files/1/0819/7885/1544/files/0y3xhx-chupa_20chups_20sour_20assorted_20flavour_20lollipops_20120_20g.png?v=1781343925,1,Chupa Chups Sour Assorted Flavour Lollipops 120 g,false,,,,,,,,,,kg,,,active
chupa-chups-pinkis-soft-chewy-strawberry-flavour-gummy-candy-90-g,Chupa Chups Pinkis Soft & Chewy Strawberry Flavour Gummy Candy 90 g,"",Ayira Mini Mart,,Candy,Candy,true,Title,Default Title,,,,,,,,AYR-0857,0.0,,0,continue,manual,6.00,,true,true,,,,,,https://cdn.shopify.com/s/files/1/0819/7885/1544/files/am4z8m-chupa_20chups_20pinkis_20soft_20.png?v=1781343925,1,Chupa Chups Pinkis Soft & Chewy Strawberry Flavour Gummy Candy 90 g,false,,,,,,,,,,kg,,,active
chupa-chups-gecko-sour-fruit-flavour-gummy-candy-90-g,Chupa Chups Gecko Sour Fruit Flavour Gummy Candy 90 g,"",Ayira Mini Mart,,Candy,Candy,true,Title,Default Title,,,,,,,,AYR-0856,0.0,,0,continue,manual,6.00,,true,true,,,,,,https://cdn.shopify.com/s/files/1/0819/7885/1544/files/o7-hft-chupa_20chups_20gecko_20sour_20fruit_20flavour_20gummy_20candy_2090_20g.png?v=1781343924,1,Chupa Chups Gecko Sour Fruit Flavour Gummy Candy 90 g,false,,,,,,,,,,kg,,,active
chupa-chups-cola-soft-chewy-cola-flavour-gummy-candy-90-g,Chupa Chups Cola Soft & Chewy Cola Flavour Gummy Candy 90 g,"",Ayira Mini Mart,,Candy,Candy,true,Title,Default Title,,,,,,,,AYR-0855,0.0,,0,continue,manual,6.00,,true,true,,,,,,https://cdn.shopify.com/s/files/1/0819/7885/1544/files/0e8h6b-chupa_20chups_20cola_20soft_20.png?v=1781343923,1,Chupa Chups Cola Soft & Chewy Cola Flavour Gummy Candy 90 g,false,,,,,,,,,,kg,,,active
chupa-chups-panda-bears-fruit-flavour-gummy-candy-90-g,Chupa Chups Panda Bears Fruit Flavour Gummy Candy 90 g,"",Ayira Mini Mart,,Candy,Candy,true,Title,Default Title,,,,,,,,AYR-0854,0.0,,0,continue,manual,6.00,,true,true,,,,,,https://cdn.shopify.com/s/files/1/0819/7885/1544/files/t4ofbg-chupa_20chups_20panda_20bears_20fruit_20flavour_20gummy_20candy_2090_20g.png?v=1781343922,1,Chupa Chups Panda Bears Fruit Flavour Gummy Candy 90 g,false,,,,,,,,,,kg,,,active
chupa-chups-crawlers-sour-fruit-flavour-gummy-candy-90-g,Chupa Chups Crawlers Sour Fruit Flavour Gummy Candy 90 g,"",Ayira Mini Mart,,Candy,Candy,true,Title,Default Title,,,,,,,,AYR-0853,0.0,,0,continue,manual,6.00,,true,true,,,,,,https://cdn.shopify.com/s/files/1/0819/7885/1544/files/s25xzc-chupa_20chups_20gecko_20sour_20fruit_20flavour_20gummy_20candy_20_E2_80_94_20106_20g.png?v=1781343921,1,Chupa Chups Crawlers Sour Fruit Flavour Gummy Candy 90 g,false,,,,,,,,,,kg,,,active
chupa-chups-gecko-sour-fruit-flavour-gummy-candy-106-g,Chupa Chups Gecko Sour Fruit Flavour Gummy Candy 106 g,"",Ayira Mini Mart,,Candy,Candy,true,Title,Default Title,,,,,,,,AYR-0852,0.0,,0,continue,manual,10.00,,true,true,,,,,,https://cdn.shopify.com/s/files/1/0819/7885/1544/files/rn4qle-chupa_20chups_20pinkis_20soft_20_637d0cc0-251a-47b3-8d86-62ef9a3fc28f.png?v=1781343921,1,Chupa Chups Gecko Sour Fruit Flavour Gummy Candy 106 g,false,,,,,,,,,,kg,,,active
chupa-chups-cola-soft-chewy-cola-flavour-gummy-candy-106-g,Chupa Chups Cola Soft & Chewy Cola Flavour Gummy Candy 106 g,"",Ayira Mini Mart,,Candy,Candy,true,Title,Default Title,,,,,,,,AYR-0851,0.0,,0,continue,manual,10.00,,true,true,,,,,,https://cdn.shopify.com/s/files/1/0819/7885/1544/files/w9hvhl-chupa_20chups_20cola_20soft_20.png?v=1781343920,1,Chupa Chups Cola Soft & Chewy Cola Flavour Gummy Candy 106 g,false,,,,,,,,,,kg,,,active
chupa-chups-pinkis-soft-chewy-strawberry-flavour-gummy-candy-106-g,Chupa Chups Pinkis Soft & Chewy Strawberry Flavour Gummy Candy 106 g,"",Ayira Mini Mart,,Candy,Candy,true,Title,Default Title,,,,,,,,AYR-0850,0.0,,0,continue,manual,10.00,,true,true,,,,,,https://cdn.shopify.com/s/files/1/0819/7885/1544/files/rn4qle-chupa_20chups_20pinkis_20soft_20.png?v=1781343919,1,Chupa Chups Pinkis Soft & Chewy Strawberry Flavour Gummy Candy 106 g,false,,,,,,,,,,kg,,,active
mentos-bubble-gum,Mentos Bubble Gum,"",Ayira Mini Mart,,Gums,Gums,true,Title,Default Title,,,,,,,,AYR-0849,0.0,,0,continue,manual,11.50,,true,true,,,,,,https://cdn.shopify.com/s/files/1/0819/7885/1544/files/7zt26q-mentos_20bubble_20gum.png?v=1781343918,1,Mentos Bubble Gum,false,,,,,,,,,,kg,,,active
mentos-fresh-dive-soft-gum-cool-peppermint-flavour-44-pieces,Mentos Fresh Dive Soft Gum Cool Peppermint Flavour (44 Pieces),"",Ayira Mini Mart,,Gums,Gums,true,Title,Default Title,,,,,,,,AYR-0848,0.0,,0,continue,manual,19.00,,true,true,,,,,,https://cdn.shopify.com/s/files/1/0819/7885/1544/files/gbdz0y-mentos_20fresh_20dive_20soft_20gum_20cool_20peppermint_20flavour_20_2844_20pieces_29.png?v=1781343917,1,Mentos Fresh Dive Soft Gum Cool Peppermint Flavour (44 Pieces),false,,,,,,,,,,kg,,,active
mentos-fresh-dive-soft-gum-tidal-grape-flavour-44-pieces,Mentos Fresh Dive Soft Gum Tidal Grape Flavour 44 Pieces,"",Ayira Mini Mart,,Gums,Gums,true,Title,Default Title,,,,,,,,AYR-0847,0.0,,0,continue,manual,19.00,,true,true,,,,,,https://cdn.shopify.com/s/files/1/0819/7885/1544/files/0fkym8-mentos_20fresh_20dive_20soft_20gum_20tidal_20grape_20flavour_2044_20pieces.png?v=1781343916,1,Mentos Fresh Dive Soft Gum Tidal Grape Flavour 44 Pieces,false,,,,,,,,,,kg,,,active
mentos-white-sugar-free-chewing-gum-peppermint-flavour-38-pieces,Mentos White Sugar Free Chewing Gum Peppermint Flavour 38 Pieces,"",Ayira Mini Mart,,Gums,Gums,true,Title,Default Title,,,,,,,,AYR-0846,0.0,,0,continue,manual,7.50,,true,true,,,,,,https://cdn.shopify.com/s/files/1/0819/7885/1544/files/6g2w46-mentos_20white_20sugar_20free_20chewing_20gum_20peppermint_20flavour_2038_20pieces.png?v=1781343916,1,Mentos White Sugar Free Chewing Gum Peppermint Flavour 38 Pieces,false,,,,,,,,,,kg,,,active
mentos-white-sugar-free-chewing-gum-tutti-frutti-flavour-38-pieces,Mentos White Sugar Free Chewing Gum Tutti Frutti Flavour 38 Pieces,"",Ayira Mini Mart,,Gums,Gums,true,Title,Default Title,,,,,,,,AYR-0845,0.0,,0,continue,manual,7.50,,true,true,,,,,,https://cdn.shopify.com/s/files/1/0819/7885/1544/files/wgwkar-mentos_20white_20sugar_20free_20chewing_20gum_20tutti_20frutti_20flavour_2038_20pieces.png?v=1781343915,1,Mentos White Sugar Free Chewing Gum Tutti Frutti Flavour 38 Pieces,false,,,,,,,,,,kg,,,active
mentos-white-sugar-free-chewing-gum-sweet-mint-flavour-38-pieces,Mentos White Sugar Free Chewing Gum Sweet Mint Flavour 38 Pieces,"",Ayira Mini Mart,,Gums,Gums,true,Title,Default Title,,,,,,,,AYR-0844,0.0,,0,continue,manual,7.50,,true,true,,,,,,https://cdn.shopify.com/s/files/1/0819/7885/1544/files/xh1-wy-mentos_20white_20sugar_20free_20chewing_20gum_20sweet_20mint_20flavour_2038_20pieces.png?v=1781343914,1,Mentos White Sugar Free Chewing Gum Sweet Mint Flavour 38 Pieces,false,,,,,,,,,,kg,,,active
mentos-white-sugar-free-chewing-gum-spearmint-flavour-72-pieces,Mentos White Sugar Free Chewing Gum Spearmint Flavour 72 Pieces,"",Ayira Mini Mart,,Gums,Gums,true,Title,Default Title,,,,,,,,AYR-0843,0.0,,0,continue,manual,14.00,,true,true,,,,,,https://cdn.shopify.com/s/files/1/0819/7885/1544/files/svap4d-mentos_20white_20sugar_20free_20chewing_20gum_20spearmint_20flavour_2072_20pieces.png?v=1781343914,1,Mentos White Sugar Free Chewing Gum Spearmint Flavour 72 Pieces,false,,,,,,,,,,kg,,,active
mentos-white-sugar-free-chewing-gum-strawberry-flavour-72-pieces,Mentos White Sugar Free Chewing Gum Strawberry Flavour 72 Pieces,"",Ayira Mini Mart,,Gums,Gums,true,Title,Default Title,,,,,,,,AYR-0842,0.0,,0,continue,manual,14.00,,true,true,,,,,,https://cdn.shopify.com/s/files/1/0819/7885/1544/files/qxnr24-mentos_20white_20sugar_20free_20chewing_20gum_20strawberry_20flavour_2072_20pieces.png?v=1781343912,1,Mentos White Sugar Free Chewing Gum Strawberry Flavour 72 Pieces,false,,,,,,,,,,kg,,,active
red-band-tutti-frutti-fruit-flavoured-candy,Red Band Tutti Frutti Fruit Flavoured Candy,"",Ayira Mini Mart,,Candy,Candy,true,Title,Default Title,,,,,,,,AYR-0841,0.0,,0,continue,manual,2.00,,true,true,,,,,,https://cdn.shopify.com/s/files/1/0819/7885/1544/files/7a05zr-red_20band_20tutti_20frutti_20fruit_20flavoured_20candy.png?v=1781343912,1,Red Band Tutti Frutti Fruit Flavoured Candy,false,,,,,,,,,,kg,,,active
mentos-incredible-chew-soft-candy-strawberry-flavour,Mentos Incredible Chew Soft Candy Strawberry Flavour,"",Ayira Mini Mart,,Gums,Gums,true,Title,Default Title,,,,,,,,AYR-0840,0.0,,0,continue,manual,3.00,,true,true,,,,,,https://cdn.shopify.com/s/files/1/0819/7885/1544/files/z2pecd-mentos_20incredible_20chew_20soft_20candy_20strawberry_20flavour.png?v=1781343911,1,Mentos Incredible Chew Soft Candy Strawberry Flavour,false,,,,,,,,,,kg,,,active
mentos-incredible-chew-soft-candy-grape-flavour,Mentos Incredible Chew Soft Candy Grape Flavour,"",Ayira Mini Mart,,Gums,Gums,true,Title,Default Title,,,,,,,,AYR-0839,0.0,,0,continue,manual,3.00,,true,true,,,,,,https://cdn.shopify.com/s/files/1/0819/7885/1544/files/qrlkbu-mentos_20incredible_20chew_20soft_20candy_20grape_20flavour.png?v=1781343910,1,Mentos Incredible Chew Soft Candy Grape Flavour,false,,,,,,,,,,kg,,,active
mentos-incredible-chew-soft-candy-green-apple-flavour,Mentos Incredible Chew Soft Candy Green Apple Flavour,"",Ayira Mini Mart,,Gums,Gums,true,Title,Default Title,,,,,,,,AYR-0838,0.0,,0,continue,manual,3.00,,true,true,,,,,,https://cdn.shopify.com/s/files/1/0819/7885/1544/files/wovm1v-mentos_20incredible_20chew_20soft_20candy_20green_20apple_20flavour.png?v=1781343909,1,Mentos Incredible Chew Soft Candy Green Apple Flavour,false,,,,,,,,,,kg,,,active
milk-flavour-chews-rich-and-creamy-gelatin-free,Milk Flavour Chews Rich and Creamy Gelatin Free,"",Ayira Mini Mart,,Gums,Gums,true,Title,Default Title,,,,,,,,AYR-0837,0.0,,0,continue,manual,1.50,,true,true,,,,,,https://cdn.shopify.com/s/files/1/0819/7885/1544/files/m0h5dy-milk_20flavour_20chews_20rich_20and_20creamy_20gelatin_20free.png?v=1781343908,1,Milk Flavour Chews Rich and Creamy Gelatin Free,false,,,,,,,,,,kg,,,active
chupa-chups-sour-belt-mixed-fruit-flavour-soft-and-chewy,Chupa Chups Sour Belt Mixed Fruit Flavour Soft and Chewy,"",Ayira Mini Mart,,Candy,Candy,true,Title,Default Title,,,,,,,,AYR-0836,0.0,,0,continue,manual,1.00,,true,true,,,,,,https://cdn.shopify.com/s/files/1/0819/7885/1544/files/s65m84-chupa_20chups_20sour_20belt_20mixed_20fruit_20flavour_20soft_20and_20chewy.png?v=1781343907,1,Chupa Chups Sour Belt Mixed Fruit Flavour Soft and Chewy,false,,,,,,,,,,kg,,,active
chupa-chups-melody-pops-strawberry-flavour,Chupa Chups Melody Pops Strawberry Flavour,"",Ayira Mini Mart,,Candy,Candy,true,Title,Default Title,,,,,,,,AYR-0835,0.0,,0,continue,manual,1.50,,true,true,,,,,,https://cdn.shopify.com/s/files/1/0819/7885/1544/files/xe22bf-chupa_20chups_20melody_20pops_20strawberry_20flavour.png?v=1781343907,1,Chupa Chups Melody Pops Strawberry Flavour,false,,,,,,,,,,kg,,,active
chupa-chups-melody-pops-cola-flavour,Chupa Chups Melody Pops Cola Flavour,"",Ayira Mini Mart,,Candy,Candy,true,Title,Default Title,,,,,,,,AYR-0834,0.0,,0,continue,manual,1.50,,true,true,,,,,,https://cdn.shopify.com/s/files/1/0819/7885/1544/files/fw76vq-chupa_20chups_20melody_20pops_20cola_20flavour.png?v=1781343906,1,Chupa Chups Melody Pops Cola Flavour,false,,,,,,,,,,kg,,,active
strawberry-lollipop,Strawberry Lollipop,"",Ayira Mini Mart,,Candy,Candy,true,Title,Default Title,,,,,,,,AYR-0833,0.0,,0,continue,manual,2.00,,true,true,,,,,,https://cdn.shopify.com/s/files/1/0819/7885/1544/files/0h8vmu-strawberry_20lollipop.png?v=1781343905,1,Strawberry Lollipop,false,,,,,,,,,,kg,,,active
fruittella-mixed-fruit-chewy-sweets-gelatin-free,Fruittella Mixed Fruit Chewy Sweets Gelatin Free,"",Ayira Mini Mart,,Gums,Gums,true,Title,Default Title,,,,,,,,AYR-0832,0.0,,0,continue,manual,1.50,,true,true,,,,,,https://cdn.shopify.com/s/files/1/0819/7885/1544/files/rso9o9-fruittella_20mixed_20fruit_20chewy_20sweets_20gelatin_20free.png?v=1781343904,1,Fruittella Mixed Fruit Chewy Sweets Gelatin Free,false,,,,,,,,,,kg,,,active
fruittella-strawberry-chewy-sweets-gelatin-free,Fruittella Strawberry Chewy Sweets Gelatin Free,"",Ayira Mini Mart,,Gums,Gums,true,Title,Default Title,,,,,,,,AYR-0831,0.0,,0,continue,manual,1.50,,true,true,,,,,,https://cdn.shopify.com/s/files/1/0819/7885/1544/files/wg0gdc-fruittella_20strawberry_20chewy_20sweets_20gelatin_20free.png?v=1781343903,1,Fruittella Strawberry Chewy Sweets Gelatin Free,false,,,,,,,,,,kg,,,active
fruittella-orange-chewy-sweets-with-fruit-juice,Fruittella Orange Chewy Sweets with Fruit Juice,"",Ayira Mini Mart,,Gums,Gums,true,Title,Default Title,,,,,,,,AYR-0830,0.0,,0,continue,manual,1.50,,true,true,,,,,,https://cdn.shopify.com/s/files/1/0819/7885/1544/files/i34wci-fruittella_20orange_20chewy_20sweets_20with_20fruit_20juice.png?v=1781343903,1,Fruittella Orange Chewy Sweets with Fruit Juice,false,,,,,,,,,,kg,,,active
takis-fuego-hot-chili-pepper-lime-tortilla-chips,Takis Fuego Hot Chili Pepper & Lime Tortilla Chips,"",Ayira Mini Mart,,Chips & Crisps,Chips & Crisps,true,Title,Default Title,,,,,,,,AYR-0829,0.0,,0,continue,manual,6.50,,true,true,,,,,,https://cdn.shopify.com/s/files/1/0819/7885/1544/files/p-g6r6-takis_20fuego_20hot_20chili_20pepper_20.png?v=1781343902,1,Takis Fuego Hot Chili Pepper & Lime Tortilla Chips,false,,,,,,,,,,kg,,,active
lker-rondo-kremali-strawberry-cream-biscuits-61-g,Ülker Rondo Kremali Strawberry Cream Biscuits 61 g,"",Ayira Mini Mart,,Biscuits,Biscuits,true,Title,Default Title,,,,,,,,AYR-0828,0.0,,0,continue,manual,3.00,,true,true,,,,,,https://cdn.shopify.com/s/files/1/0819/7885/1544/files/h5wgj-_C3_BClker_20rondo_20kremali_20strawberry_20cream_20biscuits_2061_20g.png?v=1781343901,1,Ülker Rondo Kremali Strawberry Cream Biscuits 61 g,false,,,,,,,,,,kg,,,active
lker-hanimeller-cocoa-chips-cookies-82-g,Ülker Hanimeller Cocoa Chips Cookies 82 g,"",Ayira Mini Mart,,Biscuits,Biscuits,true,Title,Default Title,,,,,,,,AYR-0827,0.0,,0,continue,manual,3.00,,true,true,,,,,,https://cdn.shopify.com/s/files/1/0819/7885/1544/files/hop-cu-_C3_BClker_20hanimeller_20cocoa_20chips_20cookies_2082_20g.png?v=1781343900,1,Ülker Hanimeller Cocoa Chips Cookies 82 g,false,,,,,,,,,,kg,,,active
lker-albeni-bites-chocolate-bar-72-g,Ülker Albeni Bites Chocolate Bar 72 g,"",Ayira Mini Mart,,Biscuits,Biscuits,true,Title,Default Title,,,,,,,,AYR-0826,0.0,,0,continue,manual,2.50,,true,true,,,,,,https://cdn.shopify.com/s/files/1/0819/7885/1544/files/plrd7v-_C3_BClker_20albeni_20bites_20chocolate_20bar_20_E2_80_93_2072_20g.png?v=1781343900,1,Ülker Albeni Bites Chocolate Bar 72 g,false,,,,,,,,,,kg,,,active
relish-cashew-pistachio-oats-cookies-42-g,"Relish Cashew, Pistachio & Oats Cookies 42 g","",Ayira Mini Mart,,Biscuits,Biscuits,true,Title,Default Title,,,,,,,,AYR-0825,0.0,,0,continue,manual,2.00,,true,true,,,,,,https://cdn.shopify.com/s/files/1/0819/7885/1544/files/v-10zy-relish_20cashew_2C_20pistachio_20.png?v=1781343899,1,"Relish Cashew, Pistachio & Oats Cookies 42 g",false,,,,,,,,,,kg,,,active
lker-halley-milk-chocolate-coated-biscuit,Ülker Halley Milk Chocolate Coated Biscuit,"",Ayira Mini Mart,,Chocolates,Chocolates,true,Title,Default Title,,,,,,,,AYR-0824,0.0,,0,continue,manual,2.50,,true,true,,,,,,https://cdn.shopify.com/s/files/1/0819/7885/1544/files/61ex4u-_C3_BClker_20halley_20milk_20chocolate_20coated_20biscuit.png?v=1781343898,1,Ülker Halley Milk Chocolate Coated Biscuit,false,,,,,,,,,,kg,,,active
kinder-bueno-chocolate-bar-43-g,Kinder Bueno Chocolate Bar 43 g,"",Ayira Mini Mart,,Chocolates,Chocolates,true,Title,Default Title,,,,,,,,AYR-0823,0.0,,0,continue,manual,3.50,,true,true,,,,,,https://cdn.shopify.com/s/files/1/0819/7885/1544/files/0xqb5d-kinder_20bueno_20chocolate_20bar_2043_20g.png?v=1781343897,1,Kinder Bueno Chocolate Bar 43 g,false,,,,,,,,,,kg,,,active
kiddy-toys-rubber-chicken-toy,Kiddy Toys Rubber Chicken Toy,"",Ayira Mini Mart,,Candy,Candy,true,Title,Default Title,,,,,,,,AYR-0822,0.0,,0,continue,manual,9.00,,true,true,,,,,,https://cdn.shopify.com/s/files/1/0819/7885/1544/files/fp00kd-kiddy_20toys_20_E2_80_93_20rubber_20chicken_20toy.png?v=1781343896,1,Kiddy Toys Rubber Chicken Toy,false,,,,,,,,,,kg,,,active
yupi-gummi-pizza,Yupi Gummi Pizza,"",Ayira Mini Mart,,Candy,Candy,true,Title,Default Title,,,,,,,,AYR-0821,0.0,,0,continue,manual,10.00,,true,true,,,,,,https://cdn.shopify.com/s/files/1/0819/7885/1544/files/j9z39r-yupi_20gummi_20pizza.png?v=1781343895,1,Yupi Gummi Pizza,false,,,,,,,,,,kg,,,active
yupi-burger-gummy-candy,Yupi Burger Gummy Candy,"",Ayira Mini Mart,,Candy,Candy,true,Title,Default Title,,,,,,,,AYR-0820,0.0,,0,continue,manual,10.00,,true,true,,,,,,https://cdn.shopify.com/s/files/1/0819/7885/1544/files/mpb2ct-yupi_20burger_20gummy_20candy.png?v=1781343895,1,Yupi Burger Gummy Candy,false,,,,,,,,,,kg,,,active
pink-white-marshmallow-100-g,Pink & White Marshmallow 100 g,"",Ayira Mini Mart,,Candy,Candy,true,Title,Default Title,,,,,,,,AYR-0819,0.0,,0,continue,manual,10.00,,true,true,,,,,,https://cdn.shopify.com/s/files/1/0819/7885/1544/files/i4zbvr-pink_20.png?v=1781343894,1,Pink & White Marshmallow 100 g,false,,,,,,,,,,kg,,,active
borgat-tongue-paint-lollipops,Borgat Tongue Paint Lollipops,"",Ayira Mini Mart,,Candy,Candy,true,Title,Default Title,,,,,,,,AYR-0818,0.0,,0,continue,manual,10.00,,true,true,,,,,,https://cdn.shopify.com/s/files/1/0819/7885/1544/files/xtqti--borgat_20tongue_20paint_20lollipops.png?v=1781343893,1,Borgat Tongue Paint Lollipops,false,,,,,,,,,,kg,,,active
yupi-gummi-lunch,Yupi Gummi Lunch,"",Ayira Mini Mart,,Candy,Candy,true,Title,Default Title,,,,,,,,AYR-0817,0.0,,0,continue,manual,10.00,,true,true,,,,,,https://cdn.shopify.com/s/files/1/0819/7885/1544/files/dlkbfk-yupi_20gummi_20lunch.png?v=1781343892,1,Yupi Gummi Lunch,false,,,,,,,,,,kg,,,active
ice-cream-jam-filled-mallow-100-g,Ice Cream Jam Filled Mallow 100 g,"",Ayira Mini Mart,,Candy,Candy,true,Title,Default Title,,,,,,,,AYR-0816,0.0,,0,continue,manual,1.50,,true,true,,,,,,https://cdn.shopify.com/s/files/1/0819/7885/1544/files/76rmig-ice_20cream_20jam-filled_20mallow_20_E2_80_93_20100_20g.png?v=1781343892,1,Ice Cream Jam Filled Mallow 100 g,false,,,,,,,,,,kg,,,active
vigo-snow-ball-white-chocolate-300-g,Vigo Snow Ball White Chocolate 300 g,"",Ayira Mini Mart,,Candy,Candy,true,Title,Default Title,,,,,,,,AYR-0815,0.0,,0,continue,manual,20.00,,true,true,,,,,,https://cdn.shopify.com/s/files/1/0819/7885/1544/files/v6rag0-vigo_20snow_20ball_20white_20chocolate_20300_20g.png?v=1781343891,1,Vigo Snow Ball White Chocolate 300 g,false,,,,,,,,,,kg,,,active
milki-krowka-cream-fudge-candy-750-g,Milki Krowka Cream Fudge Candy 750 g,"",Ayira Mini Mart,,Candy,Candy,true,Title,Default Title,,,,,,,,AYR-0814,0.0,,0,continue,manual,20.00,,true,true,,,,,,https://cdn.shopify.com/s/files/1/0819/7885/1544/files/jiz4fm-milki_20krowka_20cream_20fudge_20candy_20750_20g.png?v=1781343890,1,Milki Krowka Cream Fudge Candy 750 g,false,,,,,,,,,,kg,,,active
haribo-chamallows-rubino-strawberry-marshmallow-70-g,Haribo Chamallows Rubino Strawberry Marshmallow 70 g,"",Ayira Mini Mart,,Candy,Candy,true,Title,Default Title,,,,,,,,AYR-0813,0.0,,0,continue,manual,6.00,,true,true,,,,,,https://cdn.shopify.com/s/files/1/0819/7885/1544/files/lcst-r-haribo_20chamallows_20rubino_20strawberry_20marshmallow_2070_20g.png?v=1781343889,1,Haribo Chamallows Rubino Strawberry Marshmallow 70 g,false,,,,,,,,,,kg,,,active
space-chupi-lollipop-20-units,Space Chupi Lollipop (20 Units),"",Ayira Mini Mart,,Candy,Candy,true,Title,Default Title,,,,,,,,AYR-0812,0.0,,0,continue,manual,10.00,,true,true,,,,,,https://cdn.shopify.com/s/files/1/0819/7885/1544/files/wt-gvv-space_20chupi_20lollipop_20_2820_20units_29.png?v=1781343889,1,Space Chupi Lollipop (20 Units),false,,,,,,,,,,kg,,,active
leetak-kreetenes-almond-toffee-100-g,Leetak Kreetenes Almond Toffee 100 g,"",Ayira Mini Mart,,Candy,Candy,true,Title,Default Title,,,,,,,,AYR-0811,0.0,,0,continue,manual,10.00,,true,true,,,,,,https://cdn.shopify.com/s/files/1/0819/7885/1544/files/8dapod-leetak_20kreetenes_20almond_20toffee_20100_20g.png?v=1781343888,1,Leetak Kreetenes Almond Toffee 100 g,false,,,,,,,,,,kg,,,active
juice-dip-candy-strawberry-20g,Juice Dip Candy Strawberry 20g,"",Ayira Mini Mart,,Candy,Candy,true,Title,Default Title,,,,,,,,AYR-0810,0.0,,0,continue,manual,4.00,,true,true,,,,,,https://cdn.shopify.com/s/files/1/0819/7885/1544/files/yxzcld-juice_20dip_20candy_20_E2_80_93_20strawberry_2020g.png?v=1781343888,1,Juice Dip Candy Strawberry 20g,false,,,,,,,,,,kg,,,active
triple-power-push-pop-candy-3-pops-in-1-15-g,Triple Power Push Pop Candy (3 Pops in 1) 15 g,"",Ayira Mini Mart,,Candy,Candy,true,Title,Default Title,,,,,,,,AYR-0809,0.0,,0,continue,manual,2.00,,true,true,,,,,,https://cdn.shopify.com/s/files/1/0819/7885/1544/files/amztlv-brain_20blasterz_20apple_2028_20g.png?v=1781343887,1,Triple Power Push Pop Candy (3 Pops in 1) 15 g,false,,,,,,,,,,kg,,,active
brain-blasterz-candy-spray-apple-flavour-28-ml,Brain Blasterz Candy Spray Apple Flavour 28 ml,"",Ayira Mini Mart,,Candy,Candy,true,Title,Default Title,,,,,,,,AYR-0808,0.0,,0,continue,manual,5.00,,true,true,,,,,,https://cdn.shopify.com/s/files/1/0819/7885/1544/files/f0f5x6-brain_20blasterz_20candy_20spray_20_E2_80_93_20apple_20flavour_2028_20ml.png?v=1781343886,1,Brain Blasterz Candy Spray Apple Flavour 28 ml,false,,,,,,,,,,kg,,,active
fizzy-tubes-sour-fizz-powder-15-g,Fizzy Tubes Sour Fizz Powder 15 g,"",Ayira Mini Mart,,Candy,Candy,true,Title,Default Title,,,,,,,,AYR-0807,0.0,,0,continue,manual,1.50,,true,true,,,,,,https://cdn.shopify.com/s/files/1/0819/7885/1544/files/ixlfkg-fizzy_20tubes_20sour_20fizz_20powder_2015_20g.png?v=1781343886,1,Fizzy Tubes Sour Fizz Powder 15 g,false,,,,,,,,,,kg,,,active
brain-blasterz-sour-powder-10-g,Brain Blasterz Sour Powder 10 g,"",Ayira Mini Mart,,Candy,Candy,true,Title,Default Title,,,,,,,,AYR-0806,0.0,,0,continue,manual,8.00,,true,true,,,,,,https://cdn.shopify.com/s/files/1/0819/7885/1544/files/18nvwc-brain_20blasterz_20sour_20powder_2010_20g.png?v=1781343885,1,Brain Blasterz Sour Powder 10 g,false,,,,,,,,,,kg,,,active
brain-bitz-chew-bar-apple-flavour-20-g,Brain Bitz Chew Bar Apple Flavour (20 g),"",Ayira Mini Mart,,Candy,Candy,true,Title,Default Title,,,,,,,,AYR-0805,0.0,,0,continue,manual,1.00,,true,true,,,,,,https://cdn.shopify.com/s/files/1/0819/7885/1544/files/np9e-x-brain_20bitz_20chew_20bar_20_E2_80_93_20apple_20flavour_20_2820_20g_29.png?v=1781343885,1,Brain Bitz Chew Bar Apple Flavour (20 g),false,,,,,,,,,,kg,,,active
gremmers-mega-sour-gum-14-g,Gremmers Mega Sour Gum 14 g,"",Ayira Mini Mart,,Candy,Candy,true,Title,Default Title,,,,,,,,AYR-0804,0.0,,0,continue,manual,1.50,,true,true,,,,,,https://cdn.shopify.com/s/files/1/0819/7885/1544/files/wsj3to-gremmers_20mega_20sour_20gum_20_E2_80_93_2014_20g.png?v=1781343884,1,Gremmers Mega Sour Gum 14 g,false,,,,,,,,,,kg,,,active
screamers-megasaur-gum,Screamers Megasaur Gum,"",Ayira Mini Mart,,Candy,Candy,true,Title,Default Title,,,,,,,,AYR-0803,0.0,,0,continue,manual,1.50,,true,true,,,,,,https://cdn.shopify.com/s/files/1/0819/7885/1544/files/t5q4hw-screamers_20megasaur_20gum.png?v=1781343884,1,Screamers Megasaur Gum,false,,,,,,,,,,kg,,,active
push-pop-candy-strawberry-flavour-15-g,Push Pop Candy Strawberry Flavour 15 g,"",Ayira Mini Mart,,Candy,Candy,true,Title,Default Title,,,,,,,,AYR-0802,0.0,,0,continue,manual,3.50,,true,true,,,,,,https://cdn.shopify.com/s/files/1/0819/7885/1544/files/gjxnqi-push_20pop_20candy_20_E2_80_93_20strawberry_20flavour_2015_20g.png?v=1781343882,1,Push Pop Candy Strawberry Flavour 15 g,false,,,,,,,,,,kg,,,active
juicy-drop-pop-cola-flavour-27-g,Juicy Drop Pop Cola Flavour 27 g,"",Ayira Mini Mart,,Candy,Candy,true,Title,Default Title,,,,,,,,AYR-0801,0.0,,0,continue,manual,9.00,,true,true,,,,,,https://cdn.shopify.com/s/files/1/0819/7885/1544/files/rum2tj-juicy_20drop_20pop_20_E2_80_93_20cola_20flavour_2027_20g.png?v=1781343882,1,Juicy Drop Pop Cola Flavour 27 g,false,,,,,,,,,,kg,,,active
juicy-drop-pop-raspberry-26-g,Juicy Drop Pop Raspberry 26 g,"",Ayira Mini Mart,,Candy,Candy,true,Title,Default Title,,,,,,,,AYR-0800,0.0,,0,continue,manual,9.00,,true,true,,,,,,https://cdn.shopify.com/s/files/1/0819/7885/1544/files/3imn0v-juicy_20drop_20pop_20raspberry_20_E2_80_93_2026_20g.png?v=1781343881,1,Juicy Drop Pop Raspberry 26 g,false,,,,,,,,,,kg,,,active
brain-blasterz-sour-candy-brain-bitz-45,Brain Blasterz Sour Candy Brain Bitz 45,"",Ayira Mini Mart,,Candy,Candy,true,Title,Default Title,,,,,,,,AYR-0799,0.0,,0,continue,manual,3.50,,true,true,,,,,,https://cdn.shopify.com/s/files/1/0819/7885/1544/files/gx9x9x-brain_20blasterz_20sour_20candy_20_E2_80_93_20brain_20bitz_2045_a2d738a5-0567-443d-b1bf-54a7216fb4a2.png?v=1781343881,1,Brain Blasterz Sour Candy Brain Bitz 45,false,,,,,,,,,,kg,,,active
brain-blasterz-sour-powder-strawberry-flavour-10-g,Brain Blasterz Sour Powder (Strawberry Flavour) 10 g,"",Ayira Mini Mart,,Candy,Candy,true,Title,Default Title,,,,,,,,AYR-0798,0.0,,0,continue,manual,8.50,,true,true,,,,,,https://cdn.shopify.com/s/files/1/0819/7885/1544/files/lerge8-brain_20blasterz_20sour_20powder_20_28strawberry_20flavour_29_20_E2_80_93_2010_20g.png?v=1781343880,1,Brain Blasterz Sour Powder (Strawberry Flavour) 10 g,false,,,,,,,,,,kg,,,active
roller-blaster-sour-liquid-candy-rol-blue-raspberry-60-ml,Roller Blaster Sour Liquid Candy Rol Blue Raspberry 60 ml,"",Ayira Mini Mart,,Candy,Candy,true,Title,Default Title,,,,,,,,AYR-0797,0.0,,0,continue,manual,6.00,,true,true,,,,,,https://cdn.shopify.com/s/files/1/0819/7885/1544/files/gzu626-roller_20blaster_20sour_20liquid_20candy_20rol_20blue_20raspberry_2060_20ml.jpg?v=1781343879,1,Roller Blaster Sour Liquid Candy Rol Blue Raspberry 60 ml,false,,,,,,,,,,kg,,,active
triple-power-push-pop-candy,Triple Power Push Pop Candy,"",Ayira Mini Mart,,Candy,Candy,true,Title,Default Title,,,,,,,,AYR-0796,0.0,,0,continue,manual,10.00,,true,true,,,,,,https://cdn.shopify.com/s/files/1/0819/7885/1544/files/octtdn-triple_20power_20push_20pop_20candy.png?v=1781343879,1,Triple Power Push Pop Candy,false,,,,,,,,,,kg,,,active
screamerz-big-lick-sour-candy-rolle-purple-razz-60-ml,Screamerz Big Lick Sour Candy Rolle Purple Razz 60 ml,"",Ayira Mini Mart,,Candy,Candy,true,Title,Default Title,,,,,,,,AYR-0795,0.0,,0,continue,manual,5.00,,true,true,,,,,,https://cdn.shopify.com/s/files/1/0819/7885/1544/files/i0-pj4-screamerz_20big_20lick_20sour_20candy_20rolle_20purple_20razz_2060_20ml.jpg?v=1781343878,1,Screamerz Big Lick Sour Candy Rolle Purple Razz 60 ml,false,,,,,,,,,,kg,,,active
cats-pop-candy-toy,Cats Pop Candy Toy,"",Ayira Mini Mart,,Candy,Candy,true,Title,Default Title,,,,,,,,AYR-0794,0.0,,0,continue,manual,4.00,,true,true,,,,,,https://cdn.shopify.com/s/files/1/0819/7885/1544/files/zy9j9e-cats_20pop_20candy_20toy.png?v=1781343877,1,Cats Pop Candy Toy,false,,,,,,,,,,kg,,,active
crazy-bottle-pop-apple-candy-25-g,Crazy Bottle Pop Apple Candy 25 g,"",Ayira Mini Mart,,Candy,Candy,true,Title,Default Title,,,,,,,,AYR-0793,0.0,,0,continue,manual,2.50,,true,true,,,,,,https://cdn.shopify.com/s/files/1/0819/7885/1544/files/dtn-s3-crazy_20bottle_20pop_20apple_20candy_2025_20g.png?v=1781343877,1,Crazy Bottle Pop Apple Candy 25 g,false,,,,,,,,,,kg,,,active
pop-plier-candy-toy,Pop Plier Candy Toy,"",Ayira Mini Mart,,Candy,Candy,true,Title,Default Title,,,,,,,,AYR-0792,0.0,,0,continue,manual,6.00,,true,true,,,,,,https://cdn.shopify.com/s/files/1/0819/7885/1544/files/bhdm-o-pop_20plier_20candy_20toy.png?v=1781343876,1,Pop Plier Candy Toy,false,,,,,,,,,,kg,,,active
big-baby-pop-candy-32-g,Big Baby Pop Candy 32 g,"",Ayira Mini Mart,,Candy,Candy,true,Title,Default Title,,,,,,,,AYR-0791,0.0,,0,continue,manual,6.00,,true,true,,,,,,https://cdn.shopify.com/s/files/1/0819/7885/1544/files/r17j8j-big_20baby_20pop_20candy_2032_20g.png?v=1781343875,1,Big Baby Pop Candy 32 g,false,,,,,,,,,,kg,,,active
brain-blasterz-sour-candy-brain-breakerz45-g,Brain Blasterz Sour Candy Brain Breakerz45 g,"",Ayira Mini Mart,,Candy,Candy,true,Title,Default Title,,,,,,,,AYR-0790,0.0,,0,continue,manual,3.50,,true,true,,,,,,https://cdn.shopify.com/s/files/1/0819/7885/1544/files/4wlt90-brain_20blasterz_20sour_20candy_20_E2_80_93_20brain_20breakerz45_20g.png?v=1781343875,1,Brain Blasterz Sour Candy Brain Breakerz45 g,false,,,,,,,,,,kg,,,active
brain-blasterz-apple-flavour-brain-gunk-28-ml,Brain Blasterz Apple Flavour Brain Gunk 28 ML,"",Ayira Mini Mart,,Candy,Candy,true,Title,Default Title,,,,,,,,AYR-0789,0.0,,0,continue,manual,4.50,,true,true,,,,,,https://cdn.shopify.com/s/files/1/0819/7885/1544/files/zwgveb-brain_20blasterz_20apple_20flavour_20brain_20gunk_2028_20ml.png?v=1781343874,1,Brain Blasterz Apple Flavour Brain Gunk 28 ML,false,,,,,,,,,,kg,,,active
fun-basketball-candy-toy,Fun Basketball Candy Toy,"",Ayira Mini Mart,,Candy,Candy,true,Title,Default Title,,,,,,,,AYR-0788,0.0,,0,continue,manual,8.00,,true,true,,,,,,https://cdn.shopify.com/s/files/1/0819/7885/1544/files/8sn6w2-fun_20basketball_20candy_20toy.png?v=1781343874,1,Fun Basketball Candy Toy,false,,,,,,,,,,kg,,,active
ice-blasterz-super-sour-cool-candy-48-g,Ice Blasterz Super Sour Cool Candy 48 g,"",Ayira Mini Mart,,Candy,Candy,true,Title,Default Title,,,,,,,,AYR-0787,0.0,,0,continue,manual,7.00,,true,true,,,,,,https://cdn.shopify.com/s/files/1/0819/7885/1544/files/8741nl-ice_20blasterz_20super_20sour_20cool_20candy_20_E2_80_93_2048_20g.png?v=1781343873,1,Ice Blasterz Super Sour Cool Candy 48 g,false,,,,,,,,,,kg,,,active
brain-blasterz-super-sour-candy-48,Brain Blasterz Super Sour Candy 48,"",Ayira Mini Mart,,Candy,Candy,true,Title,Default Title,,,,,,,,AYR-0786,0.0,,0,continue,manual,7.50,,true,true,,,,,,https://cdn.shopify.com/s/files/1/0819/7885/1544/files/vdzctk-brain_20blasterz_20super_20sour_20candy_2048.png?v=1781343872,1,Brain Blasterz Super Sour Candy 48,false,,,,,,,,,,kg,,,active
brain-blasterz-super-sour-berry-candy-48,Brain Blasterz Super Sour Berry Candy 48,"",Ayira Mini Mart,,Candy,Candy,true,Title,Default Title,,,,,,,,AYR-0785,0.0,,0,continue,manual,7.50,,true,true,,,,,,https://cdn.shopify.com/s/files/1/0819/7885/1544/files/odubdf-brain_20blasterz_20super_20sour_20berry_20candy_2048.png?v=1781343872,1,Brain Blasterz Super Sour Berry Candy 48,false,,,,,,,,,,kg,,,active
double-dares-jelly-bean-game-cup,Double Dares Jelly Bean Game Cup,"",Ayira Mini Mart,,Candy,Candy,true,Title,Default Title,,,,,,,,AYR-0784,0.0,,0,continue,manual,9.00,,true,true,,,,,,https://cdn.shopify.com/s/files/1/0819/7885/1544/files/apovmn-double_20dares_20jelly_20bean_20game_20cup.png?v=1781343871,1,Double Dares Jelly Bean Game Cup,false,,,,,,,,,,kg,,,active
avita-strawberry-wafe-23-g,Avita Strawberry Wafe 23 g,"",Ayira Mini Mart,,Chocolates,Chocolates,true,Title,Default Title,,,,,,,,AYR-0783,0.0,,0,continue,manual,1.00,,true,true,,,,,,https://cdn.shopify.com/s/files/1/0819/7885/1544/files/yxtiwk-avita_20strawberry_20wafe_2023_20g.jpg?v=1781343871,1,Avita Strawberry Wafe 23 g,false,,,,,,,,,,kg,,,active
exira-strawberry-wafer-32-g,Exira Strawberry Wafer 32 g,"",Ayira Mini Mart,,Chocolates,Chocolates,true,Title,Default Title,,,,,,,,AYR-0782,0.0,,0,continue,manual,1.00,,true,true,,,,,,https://cdn.shopify.com/s/files/1/0819/7885/1544/files/8lpvf6-exira_20strawberry_20wafer_20_E2_80_93_2032_20g.png?v=1781343870,1,Exira Strawberry Wafer 32 g,false,,,,,,,,,,kg,,,active
alvita-orange-wafer,Alvita Orange Wafer,"",Ayira Mini Mart,,Chocolates,Chocolates,true,Title,Default Title,,,,,,,,AYR-0781,0.0,,0,continue,manual,1.00,,true,true,,,,,,https://cdn.shopify.com/s/files/1/0819/7885/1544/files/u3e2xr-alvita_20orange_20wafer.png?v=1781343869,1,Alvita Orange Wafer,false,,,,,,,,,,kg,,,active
alvita-banana-wafer,Alvita Banana Wafer,"",Ayira Mini Mart,,Chocolates,Chocolates,true,Title,Default Title,,,,,,,,AYR-0780,0.0,,0,continue,manual,1.00,,true,true,,,,,,https://cdn.shopify.com/s/files/1/0819/7885/1544/files/zdkhpp-alvita_20banana_20wafer.png?v=1781343869,1,Alvita Banana Wafer,false,,,,,,,,,,kg,,,active
oreo-original-sandwich-biscuits-36-8-g,Oreo Original Sandwich Biscuits 36.8 g,"",Ayira Mini Mart,,Chocolates,Chocolates,true,Title,Default Title,,,,,,,,AYR-0779,0.0,,0,continue,manual,2.00,,true,true,,,,,,https://cdn.shopify.com/s/files/1/0819/7885/1544/files/yfnann-oreo_20original_20sandwich_20biscuits_20_E2_80_93_2036.8_20g.png?v=1781343868,1,Oreo Original Sandwich Biscuits 36.8 g,false,,,,,,,,,,kg,,,active
hobby-chocolate-coated-wafer-bar-20-g,Hobby Chocolate Coated Wafer Bar 20 g,"",Ayira Mini Mart,,Chocolates,Chocolates,true,Title,Default Title,,,,,,,,AYR-0778,0.0,,0,continue,manual,1.00,,true,true,,,,,,https://cdn.shopify.com/s/files/1/0819/7885/1544/files/zapklt-hobby_20chocolate_20coated_20wafer_20bar_2020_20g.png?v=1781343868,1,Hobby Chocolate Coated Wafer Bar 20 g,false,,,,,,,,,,kg,,,active
hobby-caramel-nougat-bar-16-g,Hobby Caramel Nougat Bar 16 g,"",Ayira Mini Mart,,Chocolates,Chocolates,true,Title,Default Title,,,,,,,,AYR-0777,0.0,,0,continue,manual,1.00,,true,true,,,,,,https://cdn.shopify.com/s/files/1/0819/7885/1544/files/wgtpn5-hobby_20caramel_20nougat_20bar_2016_20g.png?v=1781343867,1,Hobby Caramel Nougat Bar 16 g,false,,,,,,,,,,kg,,,active
lker-napoliten-milk-chocolate-30-g,Ülker Napoliten Milk Chocolate 30 g,"",Ayira Mini Mart,,Chocolates,Chocolates,true,Title,Default Title,,,,,,,,AYR-0776,0.0,,0,continue,manual,2.00,,true,true,,,,,,https://cdn.shopify.com/s/files/1/0819/7885/1544/files/zyh-0--_C3_BClker_20napoliten_20milk_20chocolate_2030_20g.png?v=1781343866,1,Ülker Napoliten Milk Chocolate 30 g,false,,,,,,,,,,kg,,,active
topsy-cheese-popcorn-18-g,Topsy Cheese Popcorn 18 g,"",Ayira Mini Mart,,Snacks,Snacks,true,Title,Default Title,,,,,,,,AYR-0775,0.0,,0,continue,manual,1.00,,true,true,,,,,,https://cdn.shopify.com/s/files/1/0819/7885/1544/files/ie1xzl-topsy_20cheese_20popcorn_2018_20g.png?v=1781343866,1,Topsy Cheese Popcorn 18 g,false,,,,,,,,,,kg,,,active
topsy-popcorn-35-g,Topsy Popcorn 35 g,"",Ayira Mini Mart,,Snacks,Snacks,true,Title,Default Title,,,,,,,,AYR-0774,0.0,,0,continue,manual,1.00,,true,true,,,,,,https://cdn.shopify.com/s/files/1/0819/7885/1544/files/164rwd-topsy_20popcorn_2035_20g.png?v=1781343865,1,Topsy Popcorn 35 g,false,,,,,,,,,,kg,,,active
pran-jhal-muri-50-g,PRAN Jhal Muri 50 g,"",Ayira Mini Mart,,Snacks,Snacks,true,Title,Default Title,,,,,,,,AYR-0773,0.0,,0,continue,manual,1.00,,true,true,,,,,,https://cdn.shopify.com/s/files/1/0819/7885/1544/files/23yq7z-pran_20jhal_20muri_2050_20g.png?v=1781343865,1,PRAN Jhal Muri 50 g,false,,,,,,,,,,kg,,,active
topsy-sunflower-seeds-roasted-salted-25-g,Topsy Sunflower Seeds Roasted & Salted 25 g,"",Ayira Mini Mart,,Nuts & Seeds,Nuts & Seeds,true,Title,Default Title,,,,,,,,AYR-0772,0.0,,0,continue,manual,1.00,,true,true,,,,,,https://cdn.shopify.com/s/files/1/0819/7885/1544/files/ma6j1c-topsy_20sunflower_20seeds_20roasted_20.png?v=1781343864,1,Topsy Sunflower Seeds Roasted & Salted 25 g,false,,,,,,,,,,kg,,,active
kifco-plain-rusks-385g,Kifco Plain Rusks 385g,"",Ayira Mini Mart,,Bakery & Pastries,Bakery & Pastries,true,Title,Default Title,,,,,,,,AYR-0771,0.0,,0,continue,manual,7.50,,true,true,,,,,,https://cdn.shopify.com/s/files/1/0819/7885/1544/files/3ri6uv-kifco_20plain_20rusks_20385g.png?v=1781343863,1,Kifco Plain Rusks 385g,false,,,,,,,,,,kg,,,active
garlic-mixture-100-g,Garlic Mixture – 100 g,"",Ayira Mini Mart,,Snacks,Snacks,true,Title,Default Title,,,,,,,,AYR-0770,0.0,,0,continue,manual,5.00,,true,true,,,,,,https://cdn.shopify.com/s/files/1/0819/7885/1544/files/bgw0b5-garlic_20mixture_20_E2_80_93_20100_20g.png?v=1781343863,1,Garlic Mixture – 100 g,false,,,,,,,,,,kg,,,active
topsy-garlic-mixture-300g,Topsy Garlic Mixture – 300g,"",Ayira Mini Mart,,Snacks,Snacks,true,Title,Default Title,,,,,,,,AYR-0769,0.0,,0,continue,manual,5.00,,true,true,,,,,,https://cdn.shopify.com/s/files/1/0819/7885/1544/files/41w22s-topsy_20garlic_20mixture_20_E2_80_93_20300g.png?v=1781343862,1,Topsy Garlic Mixture – 300g,false,,,,,,,,,,kg,,,active
topsy-makai-mixture-190g,Topsy Makai Mixture – 190g,"",Ayira Mini Mart,,Snacks,Snacks,true,Title,Default Title,,,,,,,,AYR-0768,0.0,,0,continue,manual,5.00,,true,true,,,,,,https://cdn.shopify.com/s/files/1/0819/7885/1544/files/bd39up-topsy_20makai_20mixture_20_E2_80_93_20190g.png?v=1781343862,1,Topsy Makai Mixture – 190g,false,,,,,,,,,,kg,,,active
topsy-masala-peanut-300g,Topsy Masala Peanut – 300g,"",Ayira Mini Mart,,Snacks,Snacks,true,Title,Default Title,,,,,,,,AYR-0767,0.0,,0,continue,manual,5.00,,true,true,,,,,,https://cdn.shopify.com/s/files/1/0819/7885/1544/files/oo-2jp-topsy_20masala_20peanut_20_E2_80_93_20300g.png?v=1781343861,1,Topsy Masala Peanut – 300g,false,,,,,,,,,,kg,,,active
topsy-payyoli-mixture-300g,Topsy Payyoli Mixture – 300g,"",Ayira Mini Mart,,Snacks,Snacks,true,Title,Default Title,,,,,,,,AYR-0766,0.0,,0,continue,manual,2.00,,true,true,,,,,,https://cdn.shopify.com/s/files/1/0819/7885/1544/files/7caw4j-topsy_20payyoli_20mixture_20_E2_80_93_20300g.png?v=1781343860,1,Topsy Payyoli Mixture – 300g,false,,,,,,,,,,kg,,,active
topsy-garlic-mixture-100g,Topsy Garlic Mixture – 100g,"",Ayira Mini Mart,,Snacks,Snacks,true,Title,Default Title,,,,,,,,AYR-0765,0.0,,0,continue,manual,2.00,,true,true,,,,,,https://cdn.shopify.com/s/files/1/0819/7885/1544/files/ohlyb0-topsy_20garlic_20mixture_20_E2_80_93_20100g.png?v=1781343860,1,Topsy Garlic Mixture – 100g,false,,,,,,,,,,kg,,,active
pran-chanachur-bombay-mix-50-g,PRAN Chanachur Bombay Mix 50 g,"",Ayira Mini Mart,,Snacks,Snacks,true,Title,Default Title,,,,,,,,AYR-0764,0.0,,0,continue,manual,1.00,,true,true,,,,,,https://cdn.shopify.com/s/files/1/0819/7885/1544/files/s4ltt3-pran_20chanachur_20bombay_20mix_2050_20g.png?v=1781343859,1,PRAN Chanachur Bombay Mix 50 g,false,,,,,,,,,,kg,,,active
topsy-chilly-sev-90-g,Topsy Chilly Sev 90 g,"",Ayira Mini Mart,,Snacks,Snacks,true,Title,Default Title,,,,,,,,AYR-0763,0.0,,0,continue,manual,2.00,,true,true,,,,,,https://cdn.shopify.com/s/files/1/0819/7885/1544/files/soxol--topsy_20chilly_20sev_2090_20g.png?v=1781343858,1,Topsy Chilly Sev 90 g,false,,,,,,,,,,kg,,,active
topsy-butter-murukku-80-g,Topsy Butter Murukku 80 g,"",Ayira Mini Mart,,Snacks,Snacks,true,Title,Default Title,,,,,,,,AYR-0762,0.0,,0,continue,manual,2.00,,true,true,,,,,,https://cdn.shopify.com/s/files/1/0819/7885/1544/files/n880ki-topsy_20butter_20murukku_2080_20g.png?v=1781343858,1,Topsy Butter Murukku 80 g,false,,,,,,,,,,kg,,,active
topsy-chilly-murukku-100-g,Topsy Chilly Murukku 100 g,"",Ayira Mini Mart,,Snacks,Snacks,true,Title,Default Title,,,,,,,,AYR-0761,0.0,,0,continue,manual,2.00,,true,true,,,,,,https://cdn.shopify.com/s/files/1/0819/7885/1544/files/6d4zbx-topsy_20chilly_20murukku_20100_20g.png?v=1781343857,1,Topsy Chilly Murukku 100 g,false,,,,,,,,,,kg,,,active
topsy-payyoli-mixture-100-g,Topsy Payyoli Mixture 100 g,"",Ayira Mini Mart,,Snacks,Snacks,true,Title,Default Title,,,,,,,,AYR-0760,0.0,,0,continue,manual,2.00,,true,true,,,,,,https://cdn.shopify.com/s/files/1/0819/7885/1544/files/b46bdf-topsy_20payyoli_20mixture_20100_20g.png?v=1781343859,1,Topsy Payyoli Mixture 100 g,false,,,,,,,,,,kg,,,active
topsy-makai-mixture-70-g,Topsy Makai Mixture 70 g,"",Ayira Mini Mart,,Snacks,Snacks,true,Title,Default Title,,,,,,,,AYR-0759,0.0,,0,continue,manual,2.00,,true,true,,,,,,https://cdn.shopify.com/s/files/1/0819/7885/1544/files/343ep7-topsy_20makai_20mixture_2070_20g.png?v=1781343856,1,Topsy Makai Mixture 70 g,false,,,,,,,,,,kg,,,active
topsy-mixed-nuts-100-g,Topsy Mixed Nuts 100 g,"",Ayira Mini Mart,,Snacks,Snacks,true,Title,Default Title,,,,,,,,AYR-0758,0.0,,0,continue,manual,2.00,,true,true,,,,,,https://cdn.shopify.com/s/files/1/0819/7885/1544/files/1-ftb4-topsy_20mixed_20nuts_20100_20g.png?v=1781343855,1,Topsy Mixed Nuts 100 g,false,,,,,,,,,,kg,,,active
star-fries-malabar-murukku-125g,Star Fries Malabar Murukku – 125g,"",Ayira Mini Mart,,Snacks,Snacks,true,Title,Default Title,,,,,,,,AYR-0757,0.0,,0,continue,manual,4.00,,true,true,,,,,,https://cdn.shopify.com/s/files/1/0819/7885/1544/files/c9pija-star_20fries_20malabar_20murukku_20_E2_80_93_20125g.png?v=1781343854,1,Star Fries Malabar Murukku – 125g,false,,,,,,,,,,kg,,,active
topsy-ola-pakkavada-100g,Topsy Ola Pakkavada – 100g,"",Ayira Mini Mart,,Snacks,Snacks,true,Title,Default Title,,,,,,,,AYR-0756,0.0,,0,continue,manual,2.00,,true,true,,,,,,https://cdn.shopify.com/s/files/1/0819/7885/1544/files/k-i-qe-topsy_20ola_20pakkavada_20_E2_80_93_20100g.png?v=1781343854,1,Topsy Ola Pakkavada – 100g,false,,,,,,,,,,kg,,,active
star-fries-banana-chips-125g,Star Fries Banana Chips – 125g,"",Ayira Mini Mart,,Snacks,Snacks,true,Title,Default Title,,,,,,,,AYR-0755,0.0,,0,continue,manual,5.00,,true,true,,,,,,https://cdn.shopify.com/s/files/1/0819/7885/1544/files/ywbye8-star_20fries_20banana_20chips_20_E2_80_93_20125g.png?v=1781343853,1,Star Fries Banana Chips – 125g,false,,,,,,,,,,kg,,,active
star-fries-garlic-murukku-125g,Star Fries Garlic Murukku – 125g,"",Ayira Mini Mart,,Snacks,Snacks,true,Title,Default Title,,,,,,,,AYR-0754,0.0,,0,continue,manual,4.50,,true,true,,,,,,https://cdn.shopify.com/s/files/1/0819/7885/1544/files/955m7-star_20fries_20garlic_20murukku_20_E2_80_93_20125g.png?v=1781343852,1,Star Fries Garlic Murukku – 125g,false,,,,,,,,,,kg,,,active
star-fries-tapioca-stick-125g,Star Fries Tapioca Stick – 125g,"",Ayira Mini Mart,,Snacks,Snacks,true,Title,Default Title,,,,,,,,AYR-0753,0.0,,0,continue,manual,4.50,,true,true,,,,,,https://cdn.shopify.com/s/files/1/0819/7885/1544/files/kpk4ir-star_20fries_20tapioca_20stick_20_E2_80_93_20125g.png?v=1781343852,1,Star Fries Tapioca Stick – 125g,false,,,,,,,,,,kg,,,active
star-fries-indian-mixture-200g,Star Fries Indian Mixture – 200g,"",Ayira Mini Mart,,Snacks,Snacks,true,Title,Default Title,,,,,,,,AYR-0752,0.0,,0,continue,manual,4.50,,true,true,,,,,,https://cdn.shopify.com/s/files/1/0819/7885/1544/files/mytws2-star_20fries_20indian_20mixture_20_E2_80_93_20200g.png?v=1781343851,1,Star Fries Indian Mixture – 200g,false,,,,,,,,,,kg,,,active
star-fries-jackfruit-chips-125g,Star Fries Jackfruit Chips – 125g,"",Ayira Mini Mart,,Snacks,Snacks,true,Title,Default Title,,,,,,,,AYR-0751,0.0,,0,continue,manual,5.00,,true,true,,,,,,https://cdn.shopify.com/s/files/1/0819/7885/1544/files/bd36zf-star_20fries_20jackfruit_20chips_20_E2_80_93_20125g.png?v=1781343851,1,Star Fries Jackfruit Chips – 125g,false,,,,,,,,,,kg,,,active
star-fries-fruit-banana-chips-125g,Star Fries Fruit Banana Chips – 125g,"",Ayira Mini Mart,,Snacks,Snacks,true,Title,Default Title,,,,,,,,AYR-0750,0.0,,0,continue,manual,5.00,,true,true,,,,,,https://cdn.shopify.com/s/files/1/0819/7885/1544/files/5gwsr4-star_20fries_20fruit_20banana_20chips_20_E2_80_93_20125g.png?v=1781343850,1,Star Fries Fruit Banana Chips – 125g,false,,,,,,,,,,kg,,,active
star-fries-tapioca-chips-125g,Star Fries Tapioca Chips – 125g,"",Ayira Mini Mart,,Snacks,Snacks,true,Title,Default Title,,,,,,,,AYR-0749,0.0,,0,continue,manual,4.50,,true,true,,,,,,https://cdn.shopify.com/s/files/1/0819/7885/1544/files/3o2h1d-star_20fries_20tapioca_20chips_20_E2_80_93_20125g.png?v=1781343849,1,Star Fries Tapioca Chips – 125g,false,,,,,,,,,,kg,,,active
star-fries-ring-murukku-kerala-style,Star Fries Ring Murukku – Kerala Style,"",Ayira Mini Mart,,Snacks,Snacks,true,Title,Default Title,,,,,,,,AYR-0748,0.0,,0,continue,manual,4.00,,true,true,,,,,,https://cdn.shopify.com/s/files/1/0819/7885/1544/files/hdhew9-pran_20ring_20murukku_20_E2_80_93_20kerala_20style.png?v=1781343849,1,Star Fries Ring Murukku – Kerala Style,false,,,,,,,,,,kg,,,active
camel-mixed-snacks-36-g,Camel Mixed Snacks (36 g),"",Ayira Mini Mart,,Nuts & Seeds,Nuts & Seeds,true,Title,Default Title,,,,,,,,AYR-0747,0.0,,0,continue,manual,3.00,,true,true,,,,,,https://cdn.shopify.com/s/files/1/0819/7885/1544/files/a6hxad-camel_20mixed_20snacks_20_2836_20g_29.png?v=1781343848,1,Camel Mixed Snacks (36 g),false,,,,,,,,,,kg,,,active
camel-green-peas-36-g,Camel Green Peas (36 g),"",Ayira Mini Mart,,Nuts & Seeds,Nuts & Seeds,true,Title,Default Title,,,,,,,,AYR-0746,0.0,,0,continue,manual,3.50,,true,true,,,,,,https://cdn.shopify.com/s/files/1/0819/7885/1544/files/swziuu-camel_20green_20peas_20_2836_20g_29.png?v=1781343847,1,Camel Green Peas (36 g),false,,,,,,,,,,kg,,,active
camel-roasted-peanuts-36-g,Camel Roasted Peanuts (36 g),"",Ayira Mini Mart,,Nuts & Seeds,Nuts & Seeds,true,Title,Default Title,,,,,,,,AYR-0745,0.0,,0,continue,manual,3.00,,true,true,,,,,,https://cdn.shopify.com/s/files/1/0819/7885/1544/files/6pvco5-camel_20roasted_20peanuts_20_2836_20g_29.png?v=1781343847,1,Camel Roasted Peanuts (36 g),false,,,,,,,,,,kg,,,active
camel-natural-smoked-almonds-36-g,Camel Natural Smoked Almonds (36 g),"",Ayira Mini Mart,,Nuts & Seeds,Nuts & Seeds,true,Title,Default Title,,,,,,,,AYR-0744,0.0,,0,continue,manual,5.50,,true,true,,,,,,https://cdn.shopify.com/s/files/1/0819/7885/1544/files/2ojgks-camel_20natural_20smoked_20almonds_20_2836_20g_29.png?v=1781343846,1,Camel Natural Smoked Almonds (36 g),false,,,,,,,,,,kg,,,active
camel-natural-baked-almonds-36-g,Camel Natural Baked Almonds (36 g),"",Ayira Mini Mart,,Nuts & Seeds,Nuts & Seeds,true,Title,Default Title,,,,,,,,AYR-0743,0.0,,0,continue,manual,5.00,,true,true,,,,,,https://cdn.shopify.com/s/files/1/0819/7885/1544/files/m06n7p-camel_20natural_20baked_20almonds_20_2836_20g_29.png?v=1781343845,1,Camel Natural Baked Almonds (36 g),false,,,,,,,,,,kg,,,active
minis-20-mixed-400-gm,Minis 20 Mixed – 400 gm,"",Ayira Mini Mart,,Chocolates,Chocolates,true,Title,Default Title,,,,,,,,AYR-0742,0.0,,0,continue,manual,32.00,,true,true,,,,,,https://cdn.shopify.com/s/files/1/0819/7885/1544/files/a47en4-minis_2020_20mixed_20_E2_80_93_20400_20gm.png?v=1781343845,1,Minis 20 Mixed – 400 gm,false,,,,,,,,,,kg,,,active
minis-35-mixed-710-gm,Minis 35 Mixed – 710 gm,"",Ayira Mini Mart,,Chocolates,Chocolates,true,Title,Default Title,,,,,,,,AYR-0741,0.0,,0,continue,manual,50.00,,true,true,,,,,,https://cdn.shopify.com/s/files/1/0819/7885/1544/files/jukee0-minis_2035_20mixed_20_E2_80_93_20710_20gm.png?v=1781343844,1,Minis 35 Mixed – 710 gm,false,,,,,,,,,,kg,,,active
topsy-sunflower-seeds-25-g,Topsy Sunflower Seeds – 25 g,"",Ayira Mini Mart,,Nuts & Seeds,Nuts & Seeds,true,Title,Default Title,,,,,,,,AYR-0740,0.0,,0,continue,manual,1.00,,true,true,,,,,,https://cdn.shopify.com/s/files/1/0819/7885/1544/files/c8vthe-topsy_20sunflower_20seeds_20_E2_80_93_2025_20g.png?v=1781343843,1,Topsy Sunflower Seeds – 25 g,false,,,,,,,,,,kg,,,active
topsy-salted-peanuts-15-g,Topsy Salted Peanuts – 15 g,"",Ayira Mini Mart,,Nuts & Seeds,Nuts & Seeds,true,Title,Default Title,,,,,,,,AYR-0739,0.0,,0,continue,manual,0.50,,true,true,,,,,,https://cdn.shopify.com/s/files/1/0819/7885/1544/files/7ja78c-topsy_20salted_20peanuts_20_E2_80_93_2015_20g.png?v=1781343843,1,Topsy Salted Peanuts – 15 g,false,,,,,,,,,,kg,,,active
chocolate-cream-oreo-36-8-g,Chocolate Cream Oreo – 36.8 g,"",Ayira Mini Mart,,Chocolates,Chocolates,true,Title,Default Title,,,,,,,,AYR-0738,0.0,,0,continue,manual,2.00,,true,true,,,,,,https://cdn.shopify.com/s/files/1/0819/7885/1544/files/2cvxw4-chocolate_20cream_20oreo_20_E2_80_93_2036.8_20g.png?v=1781343842,1,Chocolate Cream Oreo – 36.8 g,false,,,,,,,,,,kg,,,active
original-oreo-36-8-g,Original Oreo – 36.8 g,"",Ayira Mini Mart,,Chocolates,Chocolates,true,Title,Default Title,,,,,,,,AYR-0737,0.0,,0,continue,manual,2.00,,true,true,,,,,,https://cdn.shopify.com/s/files/1/0819/7885/1544/files/y0rwa5-original_20oreo_20_E2_80_93_2036.8_20g.png?v=1781343842,1,Original Oreo – 36.8 g,false,,,,,,,,,,kg,,,active
windmill-lollipop,Windmill Lollipop,"",Ayira Mini Mart,,Candy,Candy,true,Title,Default Title,,,,,,,,AYR-0736,0.0,,0,continue,manual,7.50,,true,true,,,,,,https://cdn.shopify.com/s/files/1/0819/7885/1544/files/gs5mrp-windmill_20lollipop.png?v=1781343841,1,Windmill Lollipop,false,,,,,,,,,,kg,,,active
roller-blaster-blue-raspberry-60-ml,Roller Blaster Blue Raspberry – 60 ml,"",Ayira Mini Mart,,Candy,Candy,true,Title,Default Title,,,,,,,,AYR-0735,0.0,,0,continue,manual,6.00,,true,true,,,,,,https://cdn.shopify.com/s/files/1/0819/7885/1544/files/5hz--x-roller_20blaster_20blue_20raspberry_20_E2_80_93_2060_20ml.png?v=1781343840,1,Roller Blaster Blue Raspberry – 60 ml,false,,,,,,,,,,kg,,,active
brain-blasterz-sour-scales-45-g,Brain Blasterz Sour Scales – 45 g,"",Ayira Mini Mart,,Candy,Candy,true,Title,Default Title,,,,,,,,AYR-0734,0.0,,0,continue,manual,3.50,,true,true,,,,,,https://cdn.shopify.com/s/files/1/0819/7885/1544/files/kf4kfm-brain_20blasterz_20sour_20scales_20_E2_80_93_2045_20g.png?v=1781343840,1,Brain Blasterz Sour Scales – 45 g,false,,,,,,,,,,kg,,,active
brain-blasterz-strawberry-28-g,Brain Blasterz Strawberry – 28 g,"",Ayira Mini Mart,,Candy,Candy,true,Title,Default Title,,,,,,,,AYR-0733,0.0,,0,continue,manual,5.00,,true,true,,,,,,https://cdn.shopify.com/s/files/1/0819/7885/1544/files/pxgvfr-brain_20blasterz_20strawberry_20_E2_80_93_2028_20g.png?v=1781343839,1,Brain Blasterz Strawberry – 28 g,false,,,,,,,,,,kg,,,active
airlist-fruit-chews-32-g,Airlist Fruit Chews – 32 g,"",Ayira Mini Mart,,Gums,Gums,true,Title,Default Title,,,,,,,,AYR-0732,0.0,,0,continue,manual,1.50,,true,true,,,,,,https://cdn.shopify.com/s/files/1/0819/7885/1544/files/zpktzm-airlist_20fruit_20chews_20_E2_80_93_2032_20g.png?v=1781343838,1,Airlist Fruit Chews – 32 g,false,,,,,,,,,,kg,,,active
airlist-mint-chews-32-g,Airlist Mint Chews – 32 g,"",Ayira Mini Mart,,Gums,Gums,true,Title,Default Title,,,,,,,,AYR-0731,0.0,,0,continue,manual,1.50,,true,true,,,,,,https://cdn.shopify.com/s/files/1/0819/7885/1544/files/i7tm-z-airlist_20mint_20chews_20_E2_80_93_2032_20g.png?v=1781343837,1,Airlist Mint Chews – 32 g,false,,,,,,,,,,kg,,,active
extra-refreshers-spearmint-15-6-g,Extra Refreshers Spearmint – 15.6 g,"",Ayira Mini Mart,,Gums,Gums,true,Title,Default Title,,,,,,,,AYR-0730,0.0,,0,continue,manual,5.00,,true,true,,,,,,https://cdn.shopify.com/s/files/1/0819/7885/1544/files/v5gi80-extra_20refreshers_20spearmint_20_E2_80_93_2015.6_20g.png?v=1781343837,1,Extra Refreshers Spearmint – 15.6 g,false,,,,,,,,,,kg,,,active
mentos-strawberry,Mentos Strawberry,"",Ayira Mini Mart,,Gums,Gums,true,Title,Default Title,,,,,,,,AYR-0729,0.0,,0,continue,manual,3.00,,true,true,,,,,,https://cdn.shopify.com/s/files/1/0819/7885/1544/files/itimq8-mentos_20strawberry.png?v=1781343836,1,Mentos Strawberry,false,,,,,,,,,,kg,,,active
haribo-happy-cola-fizz-70-g,Haribo Happy Cola Fizz – 70 g,"",Ayira Mini Mart,,Candy,Candy,true,Title,Default Title,,,,,,,,AYR-0728,0.0,,0,continue,manual,6.00,,true,true,,,,,,https://cdn.shopify.com/s/files/1/0819/7885/1544/files/4mlv5n-haribo_20happy_20cola_20fizz_20_E2_80_93_2070_20g.png?v=1781343835,1,Haribo Happy Cola Fizz – 70 g,false,,,,,,,,,,kg,,,active
haribo-berries-80-g,Haribo Berries – 80 g,"",Ayira Mini Mart,,Candy,Candy,true,Title,Default Title,,,,,,,,AYR-0727,0.0,,0,continue,manual,6.00,,true,true,,,,,,https://cdn.shopify.com/s/files/1/0819/7885/1544/files/uuwhu6-haribo_20berries_20_E2_80_93_2080_20g.png?v=1781343835,1,Haribo Berries – 80 g,false,,,,,,,,,,kg,,,active
haribo-teeth-80-g,Haribo Teeth – 80 g,"",Ayira Mini Mart,,Candy,Candy,true,Title,Default Title,,,,,,,,AYR-0726,0.0,,0,continue,manual,6.00,,true,true,,,,,,https://cdn.shopify.com/s/files/1/0819/7885/1544/files/mxpfu0-haribo_20teeth_20_E2_80_93_2080_20g.png?v=1781343834,1,Haribo Teeth – 80 g,false,,,,,,,,,,kg,,,active
haribo-veggy-mix-80-g,Haribo Veggy Mix – 80 g,"",Ayira Mini Mart,,Candy,Candy,true,Title,Default Title,,,,,,,,AYR-0725,0.0,,0,continue,manual,6.00,,true,true,,,,,,https://cdn.shopify.com/s/files/1/0819/7885/1544/files/d3350--haribo_20veggy_20mix_20_E2_80_93_2080_20g.png?v=1781343834,1,Haribo Veggy Mix – 80 g,false,,,,,,,,,,kg,,,active
haribo-starmix-80-g,Haribo Starmix – 80 g,"",Ayira Mini Mart,,Candy,Candy,true,Title,Default Title,,,,,,,,AYR-0724,0.0,,0,continue,manual,6.00,,true,true,,,,,,https://cdn.shopify.com/s/files/1/0819/7885/1544/files/o1wby0-haribo_20starmix_20_E2_80_93_2080_20g.png?v=1781343833,1,Haribo Starmix – 80 g,false,,,,,,,,,,kg,,,active
haribo-worms-80-g,Haribo Worms – 80 g,"",Ayira Mini Mart,,Candy,Candy,true,Title,Default Title,,,,,,,,AYR-0723,0.0,,0,continue,manual,6.00,,true,true,,,,,,https://cdn.shopify.com/s/files/1/0819/7885/1544/files/t323jb-haribo_20worms_20_E2_80_93_2080_20g.png?v=1781343833,1,Haribo Worms – 80 g,false,,,,,,,,,,kg,,,active
haribo-goldbears-with-fruit-juice-80-g,Haribo Goldbears with Fruit Juice – 80 g,"",Ayira Mini Mart,,Candy,Candy,true,Title,Default Title,,,,,,,,AYR-0722,0.0,,0,continue,manual,6.00,,true,true,,,,,,https://cdn.shopify.com/s/files/1/0819/7885/1544/files/szw5b0-haribo_20goldbears_20with_20fruit_20juice_20_E2_80_93_2080_20g.png?v=1781343832,1,Haribo Goldbears with Fruit Juice – 80 g,false,,,,,,,,,,kg,,,active
diploko-roll-18-g,Diploko Roll 18 g,"",Ayira Mini Mart,,Candy,Candy,true,Title,Default Title,,,,,,,,AYR-0721,0.0,,0,continue,manual,1.00,,true,true,,,,,,https://cdn.shopify.com/s/files/1/0819/7885/1544/files/9whpev-diploko_20roll_2018_20g.png?v=1781343831,1,Diploko Roll 18 g,false,,,,,,,,,,kg,,,active
bubble-gum-strawberry-18-g,Bubble Gum Strawberry 18 g,"",Ayira Mini Mart,,Candy,Candy,true,Title,Default Title,,,,,,,,AYR-0720,0.0,,0,continue,manual,1.00,,true,true,,,,,,https://cdn.shopify.com/s/files/1/0819/7885/1544/files/ypmed6-bubble_20gum_20strawberry_2018_20g.png?v=1781343831,1,Bubble Gum Strawberry 18 g,false,,,,,,,,,,kg,,,active
watermelon-gumball-35-g,Watermelon Gumball 35 g,"",Ayira Mini Mart,,Candy,Candy,true,Title,Default Title,,,,,,,,AYR-0719,0.0,,0,continue,manual,4.00,,true,true,,,,,,https://cdn.shopify.com/s/files/1/0819/7885/1544/files/9y8n8z-watermelon_20gumball_2035_20g.png?v=1781343830,1,Watermelon Gumball 35 g,false,,,,,,,,,,kg,,,active
screamers-mega-sour-gum-17-g,Screamers Mega Sour Gum 17 g,"",Ayira Mini Mart,,Candy,Candy,true,Title,Default Title,,,,,,,,AYR-0718,0.0,,0,continue,manual,1.50,,true,true,,,,,,https://cdn.shopify.com/s/files/1/0819/7885/1544/files/8dg6fv-screamers_20mega_20sour_20gum_2017_20g.png?v=1781343829,1,Screamers Mega Sour Gum 17 g,false,,,,,,,,,,kg,,,active
weirds-tangy-candy-blue-raspberry-strawberry-15-g,Weirds Tangy Candy Blue Raspberry & Strawberry 15 g,"",Ayira Mini Mart,,Candy,Candy,true,Title,Default Title,,,,,,,,AYR-0717,0.0,,0,continue,manual,1.00,,true,true,,,,,,https://cdn.shopify.com/s/files/1/0819/7885/1544/files/ig0791-weirds_20tangy_20candy_20blue_20raspberry_20.png?v=1781343829,1,Weirds Tangy Candy Blue Raspberry & Strawberry 15 g,false,,,,,,,,,,kg,,,active
fruties-chew-tape-strawberry-12-g,Fruties Chew Tape Strawberry 12 g,"",Ayira Mini Mart,,Candy,Candy,true,Title,Default Title,,,,,,,,AYR-0716,0.0,,0,continue,manual,1.00,,true,true,,,,,,https://cdn.shopify.com/s/files/1/0819/7885/1544/files/cowbke-fruties_20chew_20tape_20strawberry_2012_20g.png?v=1781343828,1,Fruties Chew Tape Strawberry 12 g,false,,,,,,,,,,kg,,,active
funti,Funti,"",Ayira Mini Mart,,Candy,Candy,true,Title,Default Title,,,,,,,,AYR-0715,0.0,,0,continue,manual,1.00,,true,true,,,,,,https://cdn.shopify.com/s/files/1/0819/7885/1544/files/qqqr76-funti.png?v=1781343827,1,Funti,false,,,,,,,,,,kg,,,active
yupi-aquarium-14-g,Yupi Aquarium 14 g,"",Ayira Mini Mart,,Candy,Candy,true,Title,Default Title,,,,,,,,AYR-0714,0.0,,0,continue,manual,1.00,,true,true,,,,,,https://cdn.shopify.com/s/files/1/0819/7885/1544/files/6txj-2-yupi_20aquarium_2014_20g.png?v=1781343827,1,Yupi Aquarium 14 g,false,,,,,,,,,,kg,,,active
yupi-iced-cola-17-5-g,Yupi Iced Cola 17.5 g,"",Ayira Mini Mart,,Candy,Candy,true,Title,Default Title,,,,,,,,AYR-0713,0.0,,0,continue,manual,1.00,,true,true,,,,,,https://cdn.shopify.com/s/files/1/0819/7885/1544/files/9sthp5-yupi_20iced_20cola_2017.5_20g.png?v=1781343826,1,Yupi Iced Cola 17.5 g,false,,,,,,,,,,kg,,,active
tupi-raspberry-blackberry-16-g,Tupi Raspberry & Blackberry 16 g,"",Ayira Mini Mart,,Candy,Candy,true,Title,Default Title,,,,,,,,AYR-0712,0.0,,0,continue,manual,1.00,,true,true,,,,,,https://cdn.shopify.com/s/files/1/0819/7885/1544/files/d1wox3-tupi_20raspberry_20.png?v=1781343826,1,Tupi Raspberry & Blackberry 16 g,false,,,,,,,,,,kg,,,active
fruties-chew-blueberry-12-g,Fruties Chew Blueberry 12 g,"",Ayira Mini Mart,,Candy,Candy,true,Title,Default Title,,,,,,,,AYR-0711,0.0,,0,continue,manual,1.00,,true,true,,,,,,https://cdn.shopify.com/s/files/1/0819/7885/1544/files/8xa3o8-fruties_20chew_20blueberry_2012_20g.png?v=1781343825,1,Fruties Chew Blueberry 12 g,false,,,,,,,,,,kg,,,active
yupi-gummi-pizza-14-g,Yupi Gummi Pizza 14 g,"",Ayira Mini Mart,,Candy,Candy,true,Title,Default Title,,,,,,,,AYR-0710,0.0,,0,continue,manual,1.00,,true,true,,,,,,https://cdn.shopify.com/s/files/1/0819/7885/1544/files/t3oxwq-yupi_20gummi_20pizza_2014_20g.png?v=1781343824,1,Yupi Gummi Pizza 14 g,false,,,,,,,,,,kg,,,active
yupi-strawberry-heart-14-g,Yupi Strawberry Heart 14 g,"",Ayira Mini Mart,,Candy,Candy,true,Title,Default Title,,,,,,,,AYR-0709,0.0,,0,continue,manual,1.00,,true,true,,,,,,https://cdn.shopify.com/s/files/1/0819/7885/1544/files/o9fvmt-yupi_20strawberry_20heart_2014_20g.png?v=1781343823,1,Yupi Strawberry Heart 14 g,false,,,,,,,,,,kg,,,active
watermelon-16-g,Watermelon 16 g,"",Ayira Mini Mart,,Candy,Candy,true,Title,Default Title,,,,,,,,AYR-0708,0.0,,0,continue,manual,1.00,,true,true,,,,,,https://cdn.shopify.com/s/files/1/0819/7885/1544/files/45t10o-watermelon_2016_20g.png?v=1781343822,1,Watermelon 16 g,false,,,,,,,,,,kg,,,active
fruties-chew-strawberry-12-g,Fruties Chew Strawberry 12 g,"",Ayira Mini Mart,,Candy,Candy,true,Title,Default Title,,,,,,,,AYR-0707,0.0,,0,continue,manual,1.00,,true,true,,,,,,https://cdn.shopify.com/s/files/1/0819/7885/1544/files/uiw-9u-fruties_20chew_20strawberry_2012_20g.png?v=1781343822,1,Fruties Chew Strawberry 12 g,false,,,,,,,,,,kg,,,active
fruties-chew-apple-12-g,Fruties Chew Apple 12 g,"",Ayira Mini Mart,,Candy,Candy,true,Title,Default Title,,,,,,,,AYR-0706,0.0,,0,continue,manual,1.00,,true,true,,,,,,https://cdn.shopify.com/s/files/1/0819/7885/1544/files/a69ohm-fruties_20chew_20apple_2012_20g.png?v=1781343821,1,Fruties Chew Apple 12 g,false,,,,,,,,,,kg,,,active
saray-cikonella-hazelnut-paste-with-cocoa,Saray Cikonella – Hazelnut Paste with Cocoa,"",Ayira Mini Mart,,Candy,Candy,true,Title,Default Title,,,,,,,,AYR-0705,0.0,,0,continue,manual,1.00,,true,true,,,,,,https://cdn.shopify.com/s/files/1/0819/7885/1544/files/jym4b-saray_20cikonella_20_E2_80_93_20hazelnut_20paste_20with_20cocoa.png?v=1781343821,1,Saray Cikonella – Hazelnut Paste with Cocoa,false,,,,,,,,,,kg,,,active
trinketto-70-ml,Trinketto 70 ml,"",Ayira Mini Mart,,Candy,Candy,true,Title,Default Title,,,,,,,,AYR-0704,0.0,,0,continue,manual,1.50,,true,true,,,,,,https://cdn.shopify.com/s/files/1/0819/7885/1544/files/jydnfk-trinketto_2070_20ml.png?v=1781343820,1,Trinketto 70 ml,false,,,,,,,,,,kg,,,active
juicy-drop-pop-copa-26-g,Juicy Drop Pop Copa 26 g,"",Ayira Mini Mart,,Candy,Candy,true,Title,Default Title,,,,,,,,AYR-0703,0.0,,0,continue,manual,9.00,,true,true,,,,,,https://cdn.shopify.com/s/files/1/0819/7885/1544/files/hmn8oe-juicy_20drop_20pop_20copa_2026_20g.png?v=1781343819,1,Juicy Drop Pop Copa 26 g,false,,,,,,,,,,kg,,,active
twist-stick-mallow-12-g,Twist Stick Mallow 12 g,"",Ayira Mini Mart,,Candy,Candy,true,Title,Default Title,,,,,,,,AYR-0702,0.0,,0,continue,manual,1.50,,true,true,,,,,,https://cdn.shopify.com/s/files/1/0819/7885/1544/files/fxxp6g-twist_20stick_20mallow_2012_20g.png?v=1781343819,1,Twist Stick Mallow 12 g,false,,,,,,,,,,kg,,,active
cats-pop-35-g,Cats Pop 35 g,"",Ayira Mini Mart,,Candy,Candy,true,Title,Default Title,,,,,,,,AYR-0701,0.0,,0,continue,manual,4.00,,true,true,,,,,,https://cdn.shopify.com/s/files/1/0819/7885/1544/files/44ghux-cats_20pop_2035_20g.png?v=1781343818,1,Cats Pop 35 g,false,,,,,,,,,,kg,,,active
fruits-roll-grape-flavour-12-g,fruits Roll Grape Flavour 12 g,"",Ayira Mini Mart,,Candy,Candy,true,Title,Default Title,,,,,,,,AYR-0700,0.0,,0,continue,manual,1.00,,true,true,,,,,,https://cdn.shopify.com/s/files/1/0819/7885/1544/files/r9don9-fruits_20roll_20grape_20flavour_2012_20g.png?v=1781343818,1,fruits Roll Grape Flavour 12 g,false,,,,,,,,,,kg,,,active
pringles-paprika-165-g,Pringles Paprika – 165 g,"",Ayira Mini Mart,,Chips & Crisps,Chips & Crisps,true,Title,Default Title,,,,,,,,AYR-0699,0.0,,0,continue,manual,10.50,,true,true,,,,,,https://cdn.shopify.com/s/files/1/0819/7885/1544/files/ol00ao-pringles_20paprika_20_E2_80_93_20165_20g.png?v=1781343817,1,Pringles Paprika – 165 g,false,,,,,,,,,,kg,,,active
pringles-hot-spicy-165-g,Pringles Hot & Spicy – 165 g,"",Ayira Mini Mart,,Chips & Crisps,Chips & Crisps,true,Title,Default Title,,,,,,,,AYR-0698,0.0,,0,continue,manual,10.50,,true,true,,,,,,https://cdn.shopify.com/s/files/1/0819/7885/1544/files/vmdby4-pringles_20hot_20.png?v=1781343816,1,Pringles Hot & Spicy – 165 g,false,,,,,,,,,,kg,,,active
pringles-barbeque-165-g,Pringles Barbeque – 165 g,"",Ayira Mini Mart,,Chips & Crisps,Chips & Crisps,true,Title,Default Title,,,,,,,,AYR-0697,0.0,,0,continue,manual,10.50,,true,true,,,,,,https://cdn.shopify.com/s/files/1/0819/7885/1544/files/5jrafe-pringles_20barbeque_20_E2_80_93_20165_20g.png?v=1781343815,1,Pringles Barbeque – 165 g,false,,,,,,,,,,kg,,,active
pringles-ketchup-165-g,Pringles Ketchup – 165 g,"",Ayira Mini Mart,,Chips & Crisps,Chips & Crisps,true,Title,Default Title,,,,,,,,AYR-0696,0.0,,0,continue,manual,10.50,,true,true,,,,,,https://cdn.shopify.com/s/files/1/0819/7885/1544/files/9a31fo-pringles_20ketchup_20_E2_80_93_20165_20g.png?v=1781343815,1,Pringles Ketchup – 165 g,false,,,,,,,,,,kg,,,active
chips-oman-chilli-flavour-potato-chips-137-g,Chips Oman Chilli Flavour Potato Chips – 137 g,"",Ayira Mini Mart,,Chips & Crisps,Chips & Crisps,true,Title,Default Title,,,,,,,,AYR-0695,0.0,,0,continue,manual,7.50,,true,true,,,,,,https://cdn.shopify.com/s/files/1/0819/7885/1544/files/0yrz16-chips_20oman_20chilli_20flavour_20potato_20chips_20_E2_80_93_20137_20g.png?v=1781343814,1,Chips Oman Chilli Flavour Potato Chips – 137 g,false,,,,,,,,,,kg,,,active
pringles-salt-vinegar-165-g,Pringles Salt & Vinegar – 165 g,"",Ayira Mini Mart,,Chips & Crisps,Chips & Crisps,true,Title,Default Title,,,,,,,,AYR-0694,0.0,,0,continue,manual,10.50,,true,true,,,,,,https://cdn.shopify.com/s/files/1/0819/7885/1544/files/b11fbn-pringles_20salt_20.png?v=1781343814,1,Pringles Salt & Vinegar – 165 g,false,,,,,,,,,,kg,,,active
pringles-cheesy-cheesy-165-g,Pringles Cheesy Cheesy – 165 g,"",Ayira Mini Mart,,Chips & Crisps,Chips & Crisps,true,Title,Default Title,,,,,,,,AYR-0693,0.0,,0,continue,manual,10.50,,true,true,,,,,,https://cdn.shopify.com/s/files/1/0819/7885/1544/files/tt5nmm-pringles_20cheesy_20cheesy_20_E2_80_93_20165_20g.png?v=1781343813,1,Pringles Cheesy Cheesy – 165 g,false,,,,,,,,,,kg,,,active
pringles-sour-cream-onion-165-g,Pringles Sour Cream & Onion – 165 g,"",Ayira Mini Mart,,Chips & Crisps,Chips & Crisps,true,Title,Default Title,,,,,,,,AYR-0692,0.0,,0,continue,manual,10.50,,true,true,,,,,,https://cdn.shopify.com/s/files/1/0819/7885/1544/files/cf4-qd-pringles_20sour_20cream_20.png?v=1781343813,1,Pringles Sour Cream & Onion – 165 g,false,,,,,,,,,,kg,,,active
pringles-original-165-g,Pringles Original – 165 g,"",Ayira Mini Mart,,Chips & Crisps,Chips & Crisps,true,Title,Default Title,,,,,,,,AYR-0691,0.0,,0,continue,manual,10.50,,true,true,,,,,,https://cdn.shopify.com/s/files/1/0819/7885/1544/files/1-e26p-pringles_20original_20_E2_80_93_20165_20g.png?v=1781343812,1,Pringles Original – 165 g,false,,,,,,,,,,kg,,,active
pringles-cheesy-cheesy-40-g,Pringles Cheesy Cheesy – 40 g,"",Ayira Mini Mart,,Chips & Crisps,Chips & Crisps,true,Title,Default Title,,,,,,,,AYR-0690,0.0,,0,continue,manual,4.00,,true,true,,,,,,https://cdn.shopify.com/s/files/1/0819/7885/1544/files/dwb7nx-pringles_20cheesy_20cheesy_20_E2_80_93_2040_20g.png?v=1781343811,1,Pringles Cheesy Cheesy – 40 g,false,,,,,,,,,,kg,,,active
chips-oman-potato-chips-chilli-flavour-40-g,Chips Oman Potato Chips Chilli Flavour – 40 g,"",Ayira Mini Mart,,Chips & Crisps,Chips & Crisps,true,Title,Default Title,,,,,,,,AYR-0689,0.0,,0,continue,manual,4.00,,true,true,,,,,,https://cdn.shopify.com/s/files/1/0819/7885/1544/files/9pjj6v-chips_20oman_20potato_20chips_20chilli_20flavour_20_E2_80_93_2040_20g.png?v=1781343810,1,Chips Oman Potato Chips Chilli Flavour – 40 g,false,,,,,,,,,,kg,,,active
pringles-salt-vinegar-40-g,Pringles Salt & Vinegar – 40 g,"",Ayira Mini Mart,,Chips & Crisps,Chips & Crisps,true,Title,Default Title,,,,,,,,AYR-0688,0.0,,0,continue,manual,10.50,,true,true,,,,,,https://cdn.shopify.com/s/files/1/0819/7885/1544/files/ukfm42-pringles_20salt_20.png?v=1781343810,1,Pringles Salt & Vinegar – 40 g,false,,,,,,,,,,kg,,,active
pringles-paprika-40-g,Pringles Paprika – 40 g,"",Ayira Mini Mart,,Chips & Crisps,Chips & Crisps,true,Title,Default Title,,,,,,,,AYR-0687,0.0,,0,continue,manual,10.50,,true,true,,,,,,https://cdn.shopify.com/s/files/1/0819/7885/1544/files/725zci-pringles_20paprika_20_E2_80_93_2040_20g.png?v=1781343809,1,Pringles Paprika – 40 g,false,,,,,,,,,,kg,,,active
pringles-ketchup-40-g,Pringles Ketchup – 40 g,"",Ayira Mini Mart,,Chips & Crisps,Chips & Crisps,true,Title,Default Title,,,,,,,,AYR-0686,0.0,,0,continue,manual,4.00,,true,true,,,,,,https://cdn.shopify.com/s/files/1/0819/7885/1544/files/8bbxxd-pringles_20ketchup_20_E2_80_93_2040_20g.png?v=1781343808,1,Pringles Ketchup – 40 g,false,,,,,,,,,,kg,,,active
pringles-hot-spicy-40-g,Pringles Hot & Spicy – 40 g,"",Ayira Mini Mart,,Chips & Crisps,Chips & Crisps,true,Title,Default Title,,,,,,,,AYR-0685,0.0,,0,continue,manual,4.00,,true,true,,,,,,https://cdn.shopify.com/s/files/1/0819/7885/1544/files/fgo6vz-pringles_20hot_20.png?v=1781343808,1,Pringles Hot & Spicy – 40 g,false,,,,,,,,,,kg,,,active
pringles-barbeque-40-g,Pringles Barbeque – 40 g,"",Ayira Mini Mart,,Chips & Crisps,Chips & Crisps,true,Title,Default Title,,,,,,,,AYR-0684,0.0,,0,continue,manual,4.00,,true,true,,,,,,https://cdn.shopify.com/s/files/1/0819/7885/1544/files/4rgi6n-pringles_20barbeque_20_E2_80_93_2040_20g.png?v=1781343807,1,Pringles Barbeque – 40 g,false,,,,,,,,,,kg,,,active
pringles-original,Pringles Original,"",Ayira Mini Mart,,Chips & Crisps,Chips & Crisps,true,Title,Default Title,,,,,,,,AYR-0683,0.0,,0,continue,manual,4.00,,true,true,,,,,,https://cdn.shopify.com/s/files/1/0819/7885/1544/files/timxmh-pringles_20original.png?v=1781343807,1,Pringles Original,false,,,,,,,,,,kg,,,active
ulker-stick-crackers-salted-30-g,Ulker Stick Crackers (Salted) – 30 g,"",Ayira Mini Mart,,Chips & Crisps,Chips & Crisps,true,Title,Default Title,,,,,,,,AYR-0682,0.0,,0,continue,manual,1.00,,true,true,,,,,,https://cdn.shopify.com/s/files/1/0819/7885/1544/files/lzfh9h-ulker_20stick_20crackers_20_28salted_29_20_E2_80_93_2030_20g.png?v=1781343806,1,Ulker Stick Crackers (Salted) – 30 g,false,,,,,,,,,,kg,,,active
nani-chocolate-with-nougat-caramel-hazelnut-40g,"Nani Chocolate with Nougat, Caramel & Hazelnut 40g","",Ayira Mini Mart,,Chocolates,Chocolates,true,Title,Default Title,,,,,,,,AYR-0681,0.0,,0,continue,manual,2.50,,true,true,,,,,,https://cdn.shopify.com/s/files/1/0819/7885/1544/files/m9d-go-nani_20chocolate_20with_20soft_20nougat_20.png?v=1781343806,1,"Nani Chocolate with Nougat, Caramel & Hazelnut 40g",false,,,,,,,,,,kg,,,active
nani-pistachio-40g,Nani Pistachio 40g,"",Ayira Mini Mart,,Chocolates,Chocolates,true,Title,Default Title,,,,,,,,AYR-0680,0.0,,0,continue,manual,2.50,,true,true,,,,,,https://cdn.shopify.com/s/files/1/0819/7885/1544/files/k02z7y-nani_20pistachio_20_E2_80_93_2040_20g.png?v=1781343805,1,Nani Pistachio 40g,false,,,,,,,,,,kg,,,active
skittles-gummies-fruits-60g,Skittles Gummies Fruits 60g,"",Ayira Mini Mart,,Chocolates,Chocolates,true,Title,Default Title,,,,,,,,AYR-0679,0.0,,0,continue,manual,6.50,,true,true,,,,,,https://cdn.shopify.com/s/files/1/0819/7885/1544/files/9pfzib-skittles_20gummies_20fruits_20_E2_80_93_2060_20g.png?v=1781343804,1,Skittles Gummies Fruits 60g,false,,,,,,,,,,kg,,,active
m-m-s-minis-30-6g,M&M's Minis 30.6g,"",Ayira Mini Mart,,Chocolates,Chocolates,true,Title,Default Title,,,,,,,,AYR-0678,0.0,,0,continue,manual,5.00,,true,true,,,,,,https://cdn.shopify.com/s/files/1/0819/7885/1544/files/2mu7bd-m.png?v=1781343803,1,M&M's Minis 30.6g,false,,,,,,,,,,kg,,,active
skittles-fruits-38g,Skittles Fruits 38g,"",Ayira Mini Mart,,Chocolates,Chocolates,true,Title,Default Title,,,,,,,,AYR-0677,0.0,,0,continue,manual,2.50,,true,true,,,,,,https://cdn.shopify.com/s/files/1/0819/7885/1544/files/z-azkl-skittles_20taste_20the_20rainbow_20fruits_20_E2_80_93_2038_20g.png?v=1781343803,1,Skittles Fruits 38g,false,,,,,,,,,,kg,,,active
skittles-smoothies-38g,Skittles Smoothies 38g,"",Ayira Mini Mart,,Chocolates,Chocolates,true,Title,Default Title,,,,,,,,AYR-0676,0.0,,0,continue,manual,2.50,,true,true,,,,,,https://cdn.shopify.com/s/files/1/0819/7885/1544/files/sbxxe2-skittles_20taste_20the_20rainbow_20smoothies_20_E2_80_93_2038_20g.png?v=1781343802,1,Skittles Smoothies 38g,false,,,,,,,,,,kg,,,active
skittles-crazy-sours-38g,Skittles Crazy Sours 38g,"",Ayira Mini Mart,,Chocolates,Chocolates,true,Title,Default Title,,,,,,,,AYR-0675,0.0,,0,continue,manual,2.50,,true,true,,,,,,https://cdn.shopify.com/s/files/1/0819/7885/1544/files/zvcavr-skittles_20taste_20the_20rainbow_20crazy_20sours_20_E2_80_93_2038_20g.png?v=1781343801,1,Skittles Crazy Sours 38g,false,,,,,,,,,,kg,,,active
skittles-tropical-38g,Skittles Tropical 38g,"",Ayira Mini Mart,,Chocolates,Chocolates,true,Title,Default Title,,,,,,,,AYR-0674,0.0,,0,continue,manual,2.50,,true,true,,,,,,https://cdn.shopify.com/s/files/1/0819/7885/1544/files/z1ebvf-skittles_20taste_20the_20rainbow_20tropical_20_E2_80_93_2038_20g.png?v=1781343801,1,Skittles Tropical 38g,false,,,,,,,,,,kg,,,active
schogetten-white-chocolate-100g,Schogetten White Chocolate 100g,"",Ayira Mini Mart,,Chocolates,Chocolates,true,Title,Default Title,,,,,,,,AYR-0673,0.0,,0,continue,manual,10.00,,true,true,,,,,,https://cdn.shopify.com/s/files/1/0819/7885/1544/files/mut745-schogetten_20white_20chocolate_20_E2_80_93_20100_20g.png?v=1781343800,1,Schogetten White Chocolate 100g,false,,,,,,,,,,kg,,,active
schogetten-praline-noisettes-100g,Schogetten Praline Noisettes 100g,"",Ayira Mini Mart,,Chocolates,Chocolates,true,Title,Default Title,,,,,,,,AYR-0672,0.0,,0,continue,manual,10.00,,true,true,,,,,,https://cdn.shopify.com/s/files/1/0819/7885/1544/files/ztldyr-schogetten_20praline_20noisettes_20_E2_80_93_20100_20g.png?v=1781343799,1,Schogetten Praline Noisettes 100g,false,,,,,,,,,,kg,,,active
schogetten-alpine-milk-chocolate-with-hazelnuts-100g,Schogetten Alpine Milk Chocolate with Hazelnuts 100g,"",Ayira Mini Mart,,Chocolates,Chocolates,true,Title,Default Title,,,,,,,,AYR-0671,0.0,,0,continue,manual,10.00,,true,true,,,,,,https://cdn.shopify.com/s/files/1/0819/7885/1544/files/bkqigz-schogetten_20alpine_20milk_20chocolate_20with_20hazelnuts_20_E2_80_93_20100_20g.png?v=1781343798,1,Schogetten Alpine Milk Chocolate with Hazelnuts 100g,false,,,,,,,,,,kg,,,active
schogetten-dark-chocolate-100g,Schogetten Dark Chocolate 100g,"",Ayira Mini Mart,,Chocolates,Chocolates,true,Title,Default Title,,,,,,,,AYR-0670,0.0,,0,continue,manual,10.00,,true,true,,,,,,https://cdn.shopify.com/s/files/1/0819/7885/1544/files/2nn12e-schogetten_20dark_20chocolate_20_E2_80_93_20100_20g.png?v=1781343798,1,Schogetten Dark Chocolate 100g,false,,,,,,,,,,kg,,,active
schogetten-alpine-milk-chocolate-100g,Schogetten Alpine Milk Chocolate 100g,"",Ayira Mini Mart,,Chocolates,Chocolates,true,Title,Default Title,,,,,,,,AYR-0669,0.0,,0,continue,manual,10.00,,true,true,,,,,,https://cdn.shopify.com/s/files/1/0819/7885/1544/files/yzx2fd-schogetten_20alpine_20milk_20chocolate_20_E2_80_93_20100_20g.png?v=1781343797,1,Schogetten Alpine Milk Chocolate 100g,false,,,,,,,,,,kg,,,active
erko-mallow-world-120g,Erko Mallow World 120g,"",Ayira Mini Mart,,Candy,Candy,true,Title,Default Title,,,,,,,,AYR-0668,0.0,,0,continue,manual,6.00,,true,true,,,,,,https://cdn.shopify.com/s/files/1/0819/7885/1544/files/i7nn6k-erko_20mallow_20world_20_E2_80_93_20120_20g.png?v=1781343797,1,Erko Mallow World 120g,false,,,,,,,,,,kg,,,active
erko-mallow-world-pink-white-mallow-150g,Erko Mallow World Pink & White Mallow 150g,"",Ayira Mini Mart,,Candy,Candy,true,Title,Default Title,,,,,,,,AYR-0667,0.0,,0,continue,manual,5.00,,true,true,,,,,,https://cdn.shopify.com/s/files/1/0819/7885/1544/files/t8zqbl-erko_20mallow_20world_20pink_20.png?v=1781343796,1,Erko Mallow World Pink & White Mallow 150g,false,,,,,,,,,,kg,,,active
ice-cream-jam-filled-mallow-100g,Ice Cream Jam-Filled Mallow 100g,"",Ayira Mini Mart,,Candy,Candy,true,Title,Default Title,,,,,,,,AYR-0666,0.0,,0,continue,manual,6.00,,true,true,,,,,,https://cdn.shopify.com/s/files/1/0819/7885/1544/files/ptvs-4-ice_20cream_20jam_20filled_20mallow_20_E2_80_93_20100_20g.png?v=1781343795,1,Ice Cream Jam-Filled Mallow 100g,false,,,,,,,,,,kg,,,active
erko-mallow-plus-fat-free-ice-cream-100g,Erko Mallow Plus Fat-Free Ice Cream 100g,"",Ayira Mini Mart,,Candy,Candy,true,Title,Default Title,,,,,,,,AYR-0665,0.0,,0,continue,manual,14.00,,true,true,,,,,,https://cdn.shopify.com/s/files/1/0819/7885/1544/files/x3vm65-erko_20mallow_20plus_20fat-free_20ice_20cream_20_E2_80_93_20100_20g.png?v=1781343794,1,Erko Mallow Plus Fat-Free Ice Cream 100g,false,,,,,,,,,,kg,,,active
bounty-miniatures-150g,Bounty Miniatures 150g,"",Ayira Mini Mart,,Chocolates,Chocolates,true,Title,Default Title,,,,,,,,AYR-0664,0.0,,0,continue,manual,13.50,,true,true,,,,,,https://cdn.shopify.com/s/files/1/0819/7885/1544/files/nrt7px-bounty_20miniatures_20_E2_80_93_20150_20g.png?v=1781343794,1,Bounty Miniatures 150g,false,,,,,,,,,,kg,,,active
twix-miniatures-150g,Twix Miniatures 150g,"",Ayira Mini Mart,,Chocolates,Chocolates,true,Title,Default Title,,,,,,,,AYR-0663,0.0,,0,continue,manual,13.50,,true,true,,,,,,https://cdn.shopify.com/s/files/1/0819/7885/1544/files/t79riq-twix_20miniatures_20_E2_80_93_20150_20g.png?v=1781343793,1,Twix Miniatures 150g,false,,,,,,,,,,kg,,,active
snickers-miniatures-150g,Snickers Miniatures 150g,"",Ayira Mini Mart,,Chocolates,Chocolates,true,Title,Default Title,,,,,,,,AYR-0662,0.0,,0,continue,manual,13.50,,true,true,,,,,,https://cdn.shopify.com/s/files/1/0819/7885/1544/files/2cz6gj-snickers_20miniatures_20_E2_80_93_20150_20g.png?v=1781343792,1,Snickers Miniatures 150g,false,,,,,,,,,,kg,,,active
pistachio-kunafa-chocolate-100g,Pistachio Kunafa Chocolate 100g,"",Ayira Mini Mart,,Chocolates,Chocolates,true,Title,Default Title,,,,,,,,AYR-0661,0.0,,0,continue,manual,18.00,,true,true,,,,,,https://cdn.shopify.com/s/files/1/0819/7885/1544/files/4693g3-pistachio_20kunafa_20chocolate_20100_20g.png?v=1781343791,1,Pistachio Kunafa Chocolate 100g,false,,,,,,,,,,kg,,,active
oreo-cake-choco-coated-24g,Oreo Cake Choco Coated 24g,"",Ayira Mini Mart,,Chocolates,Chocolates,true,Title,Default Title,,,,,,,,AYR-0660,0.0,,0,continue,manual,2.00,,true,true,,,,,,https://cdn.shopify.com/s/files/1/0819/7885/1544/files/6hk8m-oreo_20cake_20choco_20coated_2024_20g.png?v=1781343791,1,Oreo Cake Choco Coated 24g,false,,,,,,,,,,kg,,,active
toblerone-35g,Toblerone 35g,"",Ayira Mini Mart,,Chocolates,Chocolates,true,Title,Default Title,,,,,,,,AYR-0659,0.0,,0,continue,manual,3.50,,true,true,,,,,,https://cdn.shopify.com/s/files/1/0819/7885/1544/files/g-wxuk-toblerone_2035_20g.png?v=1781343790,1,Toblerone 35g,false,,,,,,,,,,kg,,,active
cadbury-dairy-milk-oreo-95g,Cadbury Dairy Milk Oreo 95g,"",Ayira Mini Mart,,Chocolates,Chocolates,true,Title,Default Title,,,,,,,,AYR-0658,0.0,,0,continue,manual,8.00,,true,true,,,,,,https://cdn.shopify.com/s/files/1/0819/7885/1544/files/kjf98-cadbury_20dairy_20milk_20oreo_2095_20g.png?v=1781343789,1,Cadbury Dairy Milk Oreo 95g,false,,,,,,,,,,kg,,,active
candy-choco-belight-34g,Candy Choco Belight 34g,"",Ayira Mini Mart,,Chocolates,Chocolates,true,Title,Default Title,,,,,,,,AYR-0657,0.0,,0,continue,manual,2.00,,true,true,,,,,,https://cdn.shopify.com/s/files/1/0819/7885/1544/files/q7pxa1-candy_20choco_20belight_2034_20g.png?v=1781343789,1,Candy Choco Belight 34g,false,,,,,,,,,,kg,,,active
brain-bitz-chew-bar-watermelon-20g,Brain Bitz Chew Bar Watermelon 20g,"",Ayira Mini Mart,,Candy,Candy,true,Title,Default Title,,,,,,,,AYR-0656,0.0,,0,continue,manual,1.00,,true,true,,,,,,https://cdn.shopify.com/s/files/1/0819/7885/1544/files/kd1emo-brain_20bitz_20chew_20bar_20watermelon_2020_20g.png?v=1781343788,1,Brain Bitz Chew Bar Watermelon 20g,false,,,,,,,,,,kg,,,active
tongue-painter-18g,Tongue Painter 18g,"",Ayira Mini Mart,,Candy,Candy,true,Title,Default Title,,,,,,,,AYR-0655,0.0,,0,continue,manual,1.00,,true,true,,,,,,https://cdn.shopify.com/s/files/1/0819/7885/1544/files/ajndcn-tongue_20painter_2018_20g.png?v=1781343787,1,Tongue Painter 18g,false,,,,,,,,,,kg,,,active
sour-whacky-squeeze-candy-70g,Sour Whacky Squeeze Candy 70g,"",Ayira Mini Mart,,Candy,Candy,true,Title,Default Title,,,,,,,,AYR-0654,0.0,,0,continue,manual,4.00,,true,true,,,,,,https://cdn.shopify.com/s/files/1/0819/7885/1544/files/inau2n-sour_20whacky_20squeeze_20candy_2070_20g.png?v=1781343787,1,Sour Whacky Squeeze Candy 70g,false,,,,,,,,,,kg,,,active
chupa-chups-soft-and-chewy-10g,Chupa Chups Soft and Chewy 10g,"",Ayira Mini Mart,,Candy,Candy,true,Title,Default Title,,,,,,,,AYR-0653,0.0,,0,continue,manual,2.00,,true,true,,,,,,https://cdn.shopify.com/s/files/1/0819/7885/1544/files/mua6qq-chupa_20chups_20soft_20and_20chewy_2010_20g.png?v=1781343786,1,Chupa Chups Soft and Chewy 10g,false,,,,,,,,,,kg,,,active
gum-powder-explosively-sour-bubblegum-35g,Gum Powder Explosively Sour Bubblegum 35g,"",Ayira Mini Mart,,Candy,Candy,true,Title,Default Title,,,,,,,,AYR-0652,0.0,,0,continue,manual,2.00,,true,true,,,,,,https://cdn.shopify.com/s/files/1/0819/7885/1544/files/lv879r-gum_20powder_20explosively_20sour_20bubblegum_2035_20g.png?v=1781343785,1,Gum Powder Explosively Sour Bubblegum 35g,false,,,,,,,,,,kg,,,active
zombie-blueberry-6g,Zombie Blueberry 6g,"",Ayira Mini Mart,,Candy,Candy,true,Title,Default Title,,,,,,,,AYR-0651,0.0,,0,continue,manual,1.00,,true,true,,,,,,https://cdn.shopify.com/s/files/1/0819/7885/1544/files/8tbl6k-zombie_20blueberry_206_20g.png?v=1781343785,1,Zombie Blueberry 6g,false,,,,,,,,,,kg,,,active
hiss-crispy-wafer,Hiss Crispy Wafer,"",Ayira Mini Mart,,Chocolates,Chocolates,true,Title,Default Title,,,,,,,,AYR-0650,0.0,,0,continue,manual,1.00,,true,true,,,,,,https://cdn.shopify.com/s/files/1/0819/7885/1544/files/b0cx6a-hiss_20crispy_20wafer_20_E2_80_93_20crispy_20hiss.png?v=1781343784,1,Hiss Crispy Wafer,false,,,,,,,,,,kg,,,active
ice-blaster-48g,Ice Blaster 48g,"",Ayira Mini Mart,,Candy,Candy,true,Title,Default Title,,,,,,,,AYR-0649,0.0,,0,continue,manual,5.50,,true,true,,,,,,https://cdn.shopify.com/s/files/1/0819/7885/1544/files/7z1dqi-ice_20blaster_2048_20g.png?v=1781343783,1,Ice Blaster 48g,false,,,,,,,,,,kg,,,active
halley-milk-chocolate-26g,Halley Milk Chocolate 26g,"",Ayira Mini Mart,,Chocolates,Chocolates,true,Title,Default Title,,,,,,,,AYR-0648,0.0,,0,continue,manual,1.50,,true,true,,,,,,https://cdn.shopify.com/s/files/1/0819/7885/1544/files/wga4lh-halley_20milk_20chocolate_2026_20g.png?v=1781343783,1,Halley Milk Chocolate 26g,false,,,,,,,,,,kg,,,active
crazy-rollz-bubble-gum-12g,Crazy Rollz Bubble Gum 12g,"",Ayira Mini Mart,,Candy,Candy,true,Title,Default Title,,,,,,,,AYR-0647,0.0,,0,continue,manual,1.00,,true,true,,,,,,https://cdn.shopify.com/s/files/1/0819/7885/1544/files/2ued-3-crazy_20rollz_20bubble_20gum_2012_20g.png?v=1781343782,1,Crazy Rollz Bubble Gum 12g,false,,,,,,,,,,kg,,,active
super-hyper-acid-apple-0-25g,Super Hyper Acid Apple 0.25g,"",Ayira Mini Mart,,Candy,Candy,true,Title,Default Title,,,,,,,,AYR-0646,0.0,,0,continue,manual,1.00,,true,true,,,,,,https://cdn.shopify.com/s/files/1/0819/7885/1544/files/zgrzzz-super_20hyper_20acid_20apple_200.25_20g.png?v=1781343782,1,Super Hyper Acid Apple 0.25g,false,,,,,,,,,,kg,,,active
super-hyper-acid-17-5g,Super Hyper Acid 17.5g,"",Ayira Mini Mart,,Candy,Candy,true,Title,Default Title,,,,,,,,AYR-0645,0.0,,0,continue,manual,1.00,,true,true,,,,,,https://cdn.shopify.com/s/files/1/0819/7885/1544/files/jsyisk-super_20hyper_20acid_2017.5_20g.png?v=1781343781,1,Super Hyper Acid 17.5g,false,,,,,,,,,,kg,,,active
tongue-painter-bubble-gum-16g,Tongue Painter Bubble Gum 16g,"",Ayira Mini Mart,,Candy,Candy,true,Title,Default Title,,,,,,,,AYR-0644,0.0,,0,continue,manual,1.00,,true,true,,,,,,https://cdn.shopify.com/s/files/1/0819/7885/1544/files/3pm77g-tongue_20painter_20artificially_20flavoured_20bubble_20gum_2016_20g.png?v=1781343780,1,Tongue Painter Bubble Gum 16g,false,,,,,,,,,,kg,,,active
cc-stick-crazy-birds-mix-fruit-11g,CC Stick Crazy Birds Mix Fruit 11g,"",Ayira Mini Mart,,Candy,Candy,true,Title,Default Title,,,,,,,,AYR-0643,0.0,,0,continue,manual,1.00,,true,true,,,,,,https://cdn.shopify.com/s/files/1/0819/7885/1544/files/2kmy63-cc_20stick_20crazy_20birds_20mix_20fruit_2011_20g.png?v=1781343779,1,CC Stick Crazy Birds Mix Fruit 11g,false,,,,,,,,,,kg,,,active
choki-choki-choco-cashew-27g,Choki Choki Choco Cashew 27g,"",Ayira Mini Mart,,Candy,Candy,true,Title,Default Title,,,,,,,,AYR-0642,0.0,,0,continue,manual,2.50,,true,true,,,,,,https://cdn.shopify.com/s/files/1/0819/7885/1544/files/x7y23-choki_20choki_20choco_20cashew_2027_20g.png?v=1781343779,1,Choki Choki Choco Cashew 27g,false,,,,,,,,,,kg,,,active
funkee-dips-cherry-sherbet-with-candy-dipstick-12g,Funkee Dips Cherry Sherbet with Candy Dipstick 12g,"",Ayira Mini Mart,,Candy,Candy,true,Title,Default Title,,,,,,,,AYR-0641,0.0,,0,continue,manual,1.00,,true,true,,,,,,https://cdn.shopify.com/s/files/1/0819/7885/1544/files/u8rilp-funkee_20dips_20cherry_20sherbet_20with_20candy_20dipstick_2012_20g.png?v=1781343778,1,Funkee Dips Cherry Sherbet with Candy Dipstick 12g,false,,,,,,,,,,kg,,,active
funkee-dips-strawberry-sherbet-with-candy-dipstick-12g,Funkee Dips Strawberry Sherbet with Candy Dipstick 12g,"",Ayira Mini Mart,,Candy,Candy,true,Title,Default Title,,,,,,,,AYR-0640,0.0,,0,continue,manual,1.00,,true,true,,,,,,https://cdn.shopify.com/s/files/1/0819/7885/1544/files/6cu8nb-funkee_20dips_20strawberry_20sherbet_20with_20candy_20dipstick_2012_20g.png?v=1781343777,1,Funkee Dips Strawberry Sherbet with Candy Dipstick 12g,false,,,,,,,,,,kg,,,active
crazy-brain-pop-blueberry-16g,Crazy Brain Pop Blueberry 16g,"",Ayira Mini Mart,,Candy,Candy,true,Title,Default Title,,,,,,,,AYR-0639,0.0,,0,continue,manual,1.00,,true,true,,,,,,https://cdn.shopify.com/s/files/1/0819/7885/1544/files/9o9mo5-crazy_20brain_20pop_20blueberry_2016_20g.png?v=1781343776,1,Crazy Brain Pop Blueberry 16g,false,,,,,,,,,,kg,,,active
frit-c-extreme-z-strawberry-20g,Frit-C Extreme Z Strawberry 20g,"",Ayira Mini Mart,,Candy,Candy,true,Title,Default Title,,,,,,,,AYR-0638,0.0,,0,continue,manual,1.00,,true,true,,,,,,https://cdn.shopify.com/s/files/1/0819/7885/1544/files/nk44zq-frit-c_20extreme.z_20strawberry_2020_20g.png?v=1781343776,1,Frit-C Extreme Z Strawberry 20g,false,,,,,,,,,,kg,,,active
frit-c-extreme-z-cola-20g,Frit-C Extreme Z Cola 20g,"",Ayira Mini Mart,,Candy,Candy,true,Title,Default Title,,,,,,,,AYR-0637,0.0,,0,continue,manual,1.00,,true,true,,,,,,https://cdn.shopify.com/s/files/1/0819/7885/1544/files/z0jyw-frit-c_20extreme.z_20cola_2020_20g.png?v=1781343775,1,Frit-C Extreme Z Cola 20g,false,,,,,,,,,,kg,,,active
frit-c-extreme-z-apple-20g,Frit-C Extreme Z Apple 20g,"",Ayira Mini Mart,,Candy,Candy,true,Title,Default Title,,,,,,,,AYR-0636,0.0,,0,continue,manual,1.00,,true,true,,,,,,https://cdn.shopify.com/s/files/1/0819/7885/1544/files/q55n94-frit-c_20extreme_20z_20apple_2020_20g.png?v=1781343774,1,Frit-C Extreme Z Apple 20g,false,,,,,,,,,,kg,,,active
tazzy-mini-licorice-strawberry-25g,Tazzy Mini Licorice Strawberry 25g,"",Ayira Mini Mart,,Candy,Candy,true,Title,Default Title,,,,,,,,AYR-0635,0.0,,0,continue,manual,1.00,,true,true,,,,,,https://cdn.shopify.com/s/files/1/0819/7885/1544/files/5fniik-tazzy_20mini_20licorice_20strawberry_2025_20g.png?v=1781343774,1,Tazzy Mini Licorice Strawberry 25g,false,,,,,,,,,,kg,,,active
ring-candy-grape-flavour-10g,Ring Candy Grape Flavour 10g,"",Ayira Mini Mart,,Candy,Candy,true,Title,Default Title,,,,,,,,AYR-0634,0.0,,0,continue,manual,1.00,,true,true,,,,,,https://cdn.shopify.com/s/files/1/0819/7885/1544/files/i9fg7w-ring_20candy_20with_20grape_20flavour_2010_20g.png?v=1781343773,1,Ring Candy Grape Flavour 10g,false,,,,,,,,,,kg,,,active
brain-blasters-45g,Brain Blasters 45g,"",Ayira Mini Mart,,Candy,Candy,true,Title,Default Title,,,,,,,,AYR-0633,0.0,,0,continue,manual,3.50,,true,true,,,,,,https://cdn.shopify.com/s/files/1/0819/7885/1544/files/9r4hrl-brain_20blasters_2045_20g.png?v=1781343772,1,Brain Blasters 45g,false,,,,,,,,,,kg,,,active
mallow-iam-filled-mallows-20g,Mallow Iam Filled Mallows 20g,"",Ayira Mini Mart,,Candy,Candy,true,Title,Default Title,,,,,,,,AYR-0632,0.0,,0,continue,manual,1.50,,true,true,,,,,,https://cdn.shopify.com/s/files/1/0819/7885/1544/files/pe-agt-mallow_20iam_20filled_20mallows_2020_20g.png?v=1781343771,1,Mallow Iam Filled Mallows 20g,false,,,,,,,,,,kg,,,active
sour-stick-apple-flavour-20g,Sour Stick Apple Flavour 20g,"",Ayira Mini Mart,,Candy,Candy,true,Title,Default Title,,,,,,,,AYR-0631,0.0,,0,continue,manual,1.00,,true,true,,,,,,https://cdn.shopify.com/s/files/1/0819/7885/1544/files/pmoys2-sour_20stick_20apple_20flavour_2020_20g.png?v=1781343771,1,Sour Stick Apple Flavour 20g,false,,,,,,,,,,kg,,,active
fruit-roll-strawberry-flavour-12g,Fruit Roll Strawberry Flavour 12g,"",Ayira Mini Mart,,Candy,Candy,true,Title,Default Title,,,,,,,,AYR-0630,0.0,,0,continue,manual,1.00,,true,true,,,,,,https://cdn.shopify.com/s/files/1/0819/7885/1544/files/skp60p-fruit_20roll_20strawberry_20flavour_2012_20g.png?v=1781343770,1,Fruit Roll Strawberry Flavour 12g,false,,,,,,,,,,kg,,,active
bubbles-squeeze-40g,Bubbles Squeeze 40g,"",Ayira Mini Mart,,Candy,Candy,true,Title,Default Title,,,,,,,,AYR-0629,0.0,,0,continue,manual,2.50,,true,true,,,,,,https://cdn.shopify.com/s/files/1/0819/7885/1544/files/0xv2fi-bubbles_20squeeze_2040_20g.png?v=1781343769,1,Bubbles Squeeze 40g,false,,,,,,,,,,kg,,,active
yupi-fruit-cocktails-14g,Yupi Fruit Cocktails 14g,"",Ayira Mini Mart,,Candy,Candy,true,Title,Default Title,,,,,,,,AYR-0628,0.0,,0,continue,manual,1.00,,true,true,,,,,,https://cdn.shopify.com/s/files/1/0819/7885/1544/files/b-g-om-yupi_20fruit_20cocktails_2014_20g.png?v=1781343769,1,Yupi Fruit Cocktails 14g,false,,,,,,,,,,kg,,,active
funny-faces-chewy-candy-39g,Funny Faces Chewy Candy 39g,"",Ayira Mini Mart,,Candy,Candy,true,Title,Default Title,,,,,,,,AYR-0627,0.0,,0,continue,manual,2.00,,true,true,,,,,,https://cdn.shopify.com/s/files/1/0819/7885/1544/files/ooh4zh-funny_20faces_20chewy_20candy_2039_20g.png?v=1781343768,1,Funny Faces Chewy Candy 39g,false,,,,,,,,,,kg,,,active
jellopy-rainbow-licorice-20g,Jellopy Rainbow Licorice 20g,"",Ayira Mini Mart,,Candy,Candy,true,Title,Default Title,,,,,,,,AYR-0626,0.0,,0,continue,manual,1.00,,true,true,,,,,,https://cdn.shopify.com/s/files/1/0819/7885/1544/files/rm4dv4-jellopy_20rainbow_20licorice_2020_20g.png?v=1781343767,1,Jellopy Rainbow Licorice 20g,false,,,,,,,,,,kg,,,active
funkee-dips-blue-raspberry-sherbet-with-candy-dipstick-12g,Funkee Dips Blue Raspberry Sherbet with Candy Dipstick 12g,"",Ayira Mini Mart,,Candy,Candy,true,Title,Default Title,,,,,,,,AYR-0625,0.0,,0,continue,manual,1.00,,true,true,,,,,,https://cdn.shopify.com/s/files/1/0819/7885/1544/files/o9toc1-funkee_20dips_20blue_20raspberry_20sherbet_20with_20candy_20dipstick_2012_20g.png?v=1781343767,1,Funkee Dips Blue Raspberry Sherbet with Candy Dipstick 12g,false,,,,,,,,,,kg,,,active
scary-eyes-chewy-candy-39g,Scary Eyes Chewy Candy 39g,"",Ayira Mini Mart,,Candy,Candy,true,Title,Default Title,,,,,,,,AYR-0624,0.0,,0,continue,manual,2.00,,true,true,,,,,,https://cdn.shopify.com/s/files/1/0819/7885/1544/files/zdndq3-scary_20eyes_20chewy_20candy_2039_20g.png?v=1781343766,1,Scary Eyes Chewy Candy 39g,false,,,,,,,,,,kg,,,active
marshmallow-flower-15g,Marshmallow Flower 15g,"",Ayira Mini Mart,,Candy,Candy,true,Title,Default Title,,,,,,,,AYR-0623,0.0,,0,continue,manual,1.50,,true,true,,,,,,https://cdn.shopify.com/s/files/1/0819/7885/1544/files/y3lxbc-marshmallow_20flower_2015_20g.png?v=1781343765,1,Marshmallow Flower 15g,false,,,,,,,,,,kg,,,active
bebeto-cobra-x-jelly-gum-30g,Bebeto Cobra X Jelly Gum 30g,"",Ayira Mini Mart,,Candy,Candy,true,Title,Default Title,,,,,,,,AYR-0622,0.0,,0,continue,manual,2.00,,true,true,,,,,,https://cdn.shopify.com/s/files/1/0819/7885/1544/files/mlw7cp-bebeto_20cobra_20x_20jelly_20gum_2030_20g.png?v=1781343764,1,Bebeto Cobra X Jelly Gum 30g,false,,,,,,,,,,kg,,,active
sour-punk-apple-flavour-40g,Sour Punk Apple Flavour 40g,"",Ayira Mini Mart,,Candy,Candy,true,Title,Default Title,,,,,,,,AYR-0621,0.0,,0,continue,manual,2.00,,true,true,,,,,,https://cdn.shopify.com/s/files/1/0819/7885/1544/files/s3gelh-sour_20punk_20apple_20flavour_2040_20g.png?v=1781343764,1,Sour Punk Apple Flavour 40g,false,,,,,,,,,,kg,,,active
sour-punk-cola-flavour-50g,Sour Punk Cola Flavour 50g,"",Ayira Mini Mart,,Candy,Candy,true,Title,Default Title,,,,,,,,AYR-0620,0.0,,0,continue,manual,2.00,,true,true,,,,,,https://cdn.shopify.com/s/files/1/0819/7885/1544/files/k1afuz-sour_20punk_20cola_20flavour_2050_20g.png?v=1781343763,1,Sour Punk Cola Flavour 50g,false,,,,,,,,,,kg,,,active
sour-punk-blueberry-50g,Sour Punk Blueberry 50g,"",Ayira Mini Mart,,Candy,Candy,true,Title,Default Title,,,,,,,,AYR-0619,0.0,,0,continue,manual,2.00,,true,true,,,,,,https://cdn.shopify.com/s/files/1/0819/7885/1544/files/bnjuub-sour_20punk_2050_20g_20blueberry.png?v=1781343762,1,Sour Punk Blueberry 50g,false,,,,,,,,,,kg,,,active
sour-punk-strawberry-20g,Sour Punk Strawberry 20g,"",Ayira Mini Mart,,Candy,Candy,true,Title,Default Title,,,,,,,,AYR-0618,0.0,,0,continue,manual,1.00,,true,true,,,,,,https://cdn.shopify.com/s/files/1/0819/7885/1544/files/3duhe1-sour_20punk_20strawberry_2020_20g.png?v=1781343762,1,Sour Punk Strawberry 20g,false,,,,,,,,,,kg,,,active
ring-candy-strawberry-10g,Ring Candy Strawberry 10g,"",Ayira Mini Mart,,Candy,Candy,true,Title,Default Title,,,,,,,,AYR-0617,0.0,,0,continue,manual,1.00,,true,true,,,,,,https://cdn.shopify.com/s/files/1/0819/7885/1544/files/ooi6ai-ring_20candy_20strawberry_2010_20g.png?v=1781343761,1,Ring Candy Strawberry 10g,false,,,,,,,,,,kg,,,active
brain-blasters-sour-candy-45g,Brain Blasters Sour Candy 45g,"",Ayira Mini Mart,,Candy,Candy,true,Title,Default Title,,,,,,,,AYR-0616,0.0,,0,continue,manual,1.50,,true,true,,,,,,https://cdn.shopify.com/s/files/1/0819/7885/1544/files/gx9x9x-brain_20blasterz_20sour_20candy_20_E2_80_93_20brain_20bitz_2045.png?v=1781343760,1,Brain Blasters Sour Candy 45g,false,,,,,,,,,,kg,,,active
jelly-cola-20g,Jelly Cola 20g,"",Ayira Mini Mart,,Candy,Candy,true,Title,Default Title,,,,,,,,AYR-0615,0.0,,0,continue,manual,1.00,,true,true,,,,,,https://cdn.shopify.com/s/files/1/0819/7885/1544/files/ce-vfg-jelly_20cola_2020_20g.png?v=1781343760,1,Jelly Cola 20g,false,,,,,,,,,,kg,,,active
color-bubble-pencil-12g,Color Bubble Pencil 12g,"",Ayira Mini Mart,,Candy,Candy,true,Title,Default Title,,,,,,,,AYR-0614,0.0,,0,continue,manual,1.00,,true,true,,,,,,https://cdn.shopify.com/s/files/1/0819/7885/1544/files/5wqsgq-color_20bubble_20pencil_2012_20g.png?v=1781343759,1,Color Bubble Pencil 12g,false,,,,,,,,,,kg,,,active
narshmallow-13g,Narshmallow 13g,"",Ayira Mini Mart,,Candy,Candy,true,Title,Default Title,,,,,,,,AYR-0613,0.0,,0,continue,manual,1.00,,true,true,,,,,,https://cdn.shopify.com/s/files/1/0819/7885/1544/files/42fbme-narshmallow_2013_20gm.png?v=1781343758,1,Narshmallow 13g,false,,,,,,,,,,kg,,,active
twin-burger-14g,Twin Burger 14g,"",Ayira Mini Mart,,Candy,Candy,true,Title,Default Title,,,,,,,,AYR-0612,0.0,,0,continue,manual,1.00,,true,true,,,,,,https://cdn.shopify.com/s/files/1/0819/7885/1544/files/bvx7fx-twin_20burger_2014_20gm.png?v=1781343756,1,Twin Burger 14g,false,,,,,,,,,,kg,,,active
chupa-chups-bites-fruit-flavour-24-2g,Chupa Chups Bites Fruit Flavour 24.2g,"",Ayira Mini Mart,,Candy,Candy,true,Title,Default Title,,,,,,,,AYR-0611,0.0,,0,continue,manual,2.50,,true,true,,,,,,https://cdn.shopify.com/s/files/1/0819/7885/1544/files/armv4t-chupa_20chups_20bites_20fruit_20flavour_2024.2_20g.png?v=1781343755,1,Chupa Chups Bites Fruit Flavour 24.2g,false,,,,,,,,,,kg,,,active
lker-cocoa-cream-40g,Ülker Cocoa Cream 40g,"",Ayira Mini Mart,,Chocolates,Chocolates,true,Title,Default Title,,,,,,,,AYR-0610,0.0,,0,continue,manual,3.00,,true,true,,,,,,https://cdn.shopify.com/s/files/1/0819/7885/1544/files/xsnm9h-_C3_BClker_20cocoa_20cream_2040_20g.png?v=1781343754,1,Ülker Cocoa Cream 40g,false,,,,,,,,,,kg,,,active
smarties-38g,Smarties 38g,"",Ayira Mini Mart,,Chocolates,Chocolates,true,Title,Default Title,,,,,,,,AYR-0609,0.0,,0,continue,manual,3.50,,true,true,,,,,,https://cdn.shopify.com/s/files/1/0819/7885/1544/files/laz096-smarties_2038_20g.png?v=1781343752,1,Smarties 38g,false,,,,,,,,,,kg,,,active
galaxy-ripple-30g,Galaxy Ripple 30g,"",Ayira Mini Mart,,Chocolates,Chocolates,true,Title,Default Title,,,,,,,,AYR-0608,0.0,,0,continue,manual,3.50,,true,true,,,,,,https://cdn.shopify.com/s/files/1/0819/7885/1544/files/x8pbog-galaxy_20ripple_2030_20g.png?v=1781343751,1,Galaxy Ripple 30g,false,,,,,,,,,,kg,,,active
galaxy-flutes-45g,Galaxy Flutes 45g,"",Ayira Mini Mart,,Chocolates,Chocolates,true,Title,Default Title,,,,,,,,AYR-0607,0.0,,0,continue,manual,3.50,,true,true,,,,,,https://cdn.shopify.com/s/files/1/0819/7885/1544/files/hmonu7-galaxy_20flutes_2045_20g.png?v=1781343750,1,Galaxy Flutes 45g,false,,,,,,,,,,kg,,,active
batatos-salt-167g,Batatos Salt 167g,"",Ayira Mini Mart,,Chips & Crisps,Chips & Crisps,true,Title,Default Title,,,,,,,,AYR-0606,0.0,,0,continue,manual,8.00,,true,true,,,,,,https://cdn.shopify.com/s/files/1/0819/7885/1544/files/14jmkd-batatos_20salt_20167_20gm.png?v=1781343749,1,Batatos Salt 167g,false,,,,,,,,,,kg,,,active
batatos-tangy-ketchup-167g,Batatos Tangy Ketchup 167g,"",Ayira Mini Mart,,Chips & Crisps,Chips & Crisps,true,Title,Default Title,,,,,,,,AYR-0605,0.0,,0,continue,manual,8.00,,true,true,,,,,,https://cdn.shopify.com/s/files/1/0819/7885/1544/files/9b38ey-batatos_20tangy_20ketchup_20167_20gm.png?v=1781343748,1,Batatos Tangy Ketchup 167g,false,,,,,,,,,,kg,,,active
batatos-wisconsin-cheddar-167g,Batatos Wisconsin Cheddar 167g,"",Ayira Mini Mart,,Chips & Crisps,Chips & Crisps,true,Title,Default Title,,,,,,,,AYR-0604,0.0,,0,continue,manual,8.00,,true,true,,,,,,https://cdn.shopify.com/s/files/1/0819/7885/1544/files/50p9us-batatos_20wisconsin_20cheddar_20167_20gm.png?v=1781343747,1,Batatos Wisconsin Cheddar 167g,false,,,,,,,,,,kg,,,active
batatos-classic-salted-167g,Batatos Classic Salted 167g,"",Ayira Mini Mart,,Chips & Crisps,Chips & Crisps,true,Title,Default Title,,,,,,,,AYR-0603,0.0,,0,continue,manual,8.00,,true,true,,,,,,https://cdn.shopify.com/s/files/1/0819/7885/1544/files/761oit-batatos_20classic_20salted_20167_20gm.png?v=1781343746,1,Batatos Classic Salted 167g,false,,,,,,,,,,kg,,,active
batatos-smoky-bbq-167g,Batatos Smoky BBQ 167g,"",Ayira Mini Mart,,Chips & Crisps,Chips & Crisps,true,Title,Default Title,,,,,,,,AYR-0602,0.0,,0,continue,manual,8.00,,true,true,,,,,,https://cdn.shopify.com/s/files/1/0819/7885/1544/files/t9zcsp-batatos_20smoky_20bbq_20167_20gm.png?v=1781343746,1,Batatos Smoky BBQ 167g,false,,,,,,,,,,kg,,,active
batatos-spicy-flavour-167g,Batatos Spicy Flavour 167g,"",Ayira Mini Mart,,Chips & Crisps,Chips & Crisps,true,Title,Default Title,,,,,,,,AYR-0601,0.0,,0,continue,manual,8.00,,true,true,,,,,,https://cdn.shopify.com/s/files/1/0819/7885/1544/files/07wa-t-batatos_20spicy_20flavour_20167_20gm.png?v=1781343745,1,Batatos Spicy Flavour 167g,false,,,,,,,,,,kg,,,active
al-batal-ketchup-flavour-110g,Al Batal Ketchup Flavour 110g,"",Ayira Mini Mart,,Chips & Crisps,Chips & Crisps,true,Title,Default Title,,,,,,,,AYR-0600,0.0,,0,continue,manual,5.00,,true,true,,,,,,https://cdn.shopify.com/s/files/1/0819/7885/1544/files/aqmdkf-al_20batal_20ketchup_20flavour_20110_20gm_d29e7462-f0d9-4397-a574-9760241ab332.png?v=1781343744,1,Al Batal Ketchup Flavour 110g,false,,,,,,,,,,kg,,,active
al-batal-cheese-flavour-110g,Al Batal Cheese Flavour 110g,"",Ayira Mini Mart,,Chips & Crisps,Chips & Crisps,true,Title,Default Title,,,,,,,,AYR-0599,0.0,,0,continue,manual,5.00,,true,true,,,,,,https://cdn.shopify.com/s/files/1/0819/7885/1544/files/l0adr3-al_20batal_20cheese_20flavour_20110_20gm_ee31ebf2-47b4-4ff0-abcc-476548dabb7a.png?v=1781343743,1,Al Batal Cheese Flavour 110g,false,,,,,,,,,,kg,,,active
bugles-algerian-sauce-flavour-65g,Bugles Algerian Sauce Flavour 65g,"",Ayira Mini Mart,,Chips & Crisps,Chips & Crisps,true,Title,Default Title,,,,,,,,AYR-0598,0.0,,0,continue,manual,5.00,,true,true,,,,,,https://cdn.shopify.com/s/files/1/0819/7885/1544/files/mvca2v-bugles_20algerian_20sauce_20flavour_2065_20gm.png?v=1781343742,1,Bugles Algerian Sauce Flavour 65g,false,,,,,,,,,,kg,,,active
al-batal-salt-vinegar-flavour-110g,Al Batal Salt & Vinegar Flavour 110g,"",Ayira Mini Mart,,Chips & Crisps,Chips & Crisps,true,Title,Default Title,,,,,,,,AYR-0597,0.0,,0,continue,manual,5.00,,true,true,,,,,,https://cdn.shopify.com/s/files/1/0819/7885/1544/files/8ub5ou-al_20batal_20salt_20.png?v=1781343742,1,Al Batal Salt & Vinegar Flavour 110g,false,,,,,,,,,,kg,,,active
bugles-chilli-cheese-65g,Bugles Chilli Cheese 65g,"",Ayira Mini Mart,,Chips & Crisps,Chips & Crisps,true,Title,Default Title,,,,,,,,AYR-0596,0.0,,0,continue,manual,5.00,,true,true,,,,,,https://cdn.shopify.com/s/files/1/0819/7885/1544/files/9eoqrm-bugles_20chilli_20cheese_2065_20gm.png?v=1781343742,1,Bugles Chilli Cheese 65g,false,,,,,,,,,,kg,,,active
karkish-hot-chilli-40g,Karkish Hot Chilli 40g,"",Ayira Mini Mart,,Chips & Crisps,Chips & Crisps,true,Title,Default Title,,,,,,,,AYR-0595,0.0,,0,continue,manual,3.40,,true,true,,,,,,https://cdn.shopify.com/s/files/1/0819/7885/1544/files/964k76-karkish_20hot_20chilli_2040_20gm.png?v=1781343741,1,Karkish Hot Chilli 40g,false,,,,,,,,,,kg,,,active
karkish-french-cheese-40g,Karkish French Cheese 40g,"",Ayira Mini Mart,,Chips & Crisps,Chips & Crisps,true,Title,Default Title,,,,,,,,AYR-0594,0.0,,0,continue,manual,3.50,,true,true,,,,,,https://cdn.shopify.com/s/files/1/0819/7885/1544/files/2qwfk-karkish_20french_20cheese_2040_20gm.png?v=1781343739,1,Karkish French Cheese 40g,false,,,,,,,,,,kg,,,active
karkish-paprika-40g,Karkish Paprika 40g,"",Ayira Mini Mart,,Chips & Crisps,Chips & Crisps,true,Title,Default Title,,,,,,,,AYR-0593,0.0,,0,continue,manual,3.50,,true,true,,,,,,https://cdn.shopify.com/s/files/1/0819/7885/1544/files/bykijt-karkish_20paprika_2040_20gm.png?v=1781343739,1,Karkish Paprika 40g,false,,,,,,,,,,kg,,,active
karkish-nacho-cheese-85g,Karkish Nacho Cheese 85g,"",Ayira Mini Mart,,Chips & Crisps,Chips & Crisps,true,Title,Default Title,,,,,,,,AYR-0592,0.0,,0,continue,manual,6.00,,true,true,,,,,,https://cdn.shopify.com/s/files/1/0819/7885/1544/files/0jvvk-karkish_20nacho_20cheese_2085_20gm.png?v=1781343738,1,Karkish Nacho Cheese 85g,false,,,,,,,,,,kg,,,active
karkish-caramelized-onion-85g,Karkish Caramelized Onion 85g,"",Ayira Mini Mart,,Chips & Crisps,Chips & Crisps,true,Title,Default Title,,,,,,,,AYR-0591,0.0,,0,continue,manual,6.00,,true,true,,,,,,https://cdn.shopify.com/s/files/1/0819/7885/1544/files/oksvbf-karkish_20caramelized_20onion_2085_20gm.png?v=1781343737,1,Karkish Caramelized Onion 85g,false,,,,,,,,,,kg,,,active
mexita-hot-chilli-lime-tortilla-chips-180g,Mexita Hot Chilli & Lime Tortilla Chips 180g,"",Ayira Mini Mart,,Chips & Crisps,Chips & Crisps,true,Title,Default Title,,,,,,,,AYR-0590,0.0,,0,continue,manual,9.00,,true,true,,,,,,https://cdn.shopify.com/s/files/1/0819/7885/1544/files/w4sndb-mexita_20hot_20chilli_20.png?v=1781343737,1,Mexita Hot Chilli & Lime Tortilla Chips 180g,false,,,,,,,,,,kg,,,active
mexita-nacho-cheese-tortilla-chips-180g,Mexita Nacho Cheese Tortilla Chips 180g,"",Ayira Mini Mart,,Chips & Crisps,Chips & Crisps,true,Title,Default Title,,,,,,,,AYR-0589,0.0,,0,continue,manual,9.00,,true,true,,,,,,https://cdn.shopify.com/s/files/1/0819/7885/1544/files/e86794-mexita_20nacho_20cheese_20tortilla_20chips_20180_20gm.png?v=1781343736,1,Mexita Nacho Cheese Tortilla Chips 180g,false,,,,,,,,,,kg,,,active
mexita-sweet-chilli-pepper-tortilla-chips-180g,Mexita Sweet Chilli Pepper Tortilla Chips 180g,"",Ayira Mini Mart,,Chips & Crisps,Chips & Crisps,true,Title,Default Title,,,,,,,,AYR-0588,0.0,,0,continue,manual,9.00,,true,true,,,,,,https://cdn.shopify.com/s/files/1/0819/7885/1544/files/t7naeb-mexita_20sweet_20chilli_20pepper_20tortilla_20chips_20180_20gm.png?v=1781343735,1,Mexita Sweet Chilli Pepper Tortilla Chips 180g,false,,,,,,,,,,kg,,,active
mexita-sweet-sour-tortilla-chips-180g,Mexita Sweet & Sour Tortilla Chips 180g,"",Ayira Mini Mart,,Chips & Crisps,Chips & Crisps,true,Title,Default Title,,,,,,,,AYR-0587,0.0,,0,continue,manual,9.00,,true,true,,,,,,https://cdn.shopify.com/s/files/1/0819/7885/1544/files/sks-yf-mexita_20sweet_20.png?v=1781343735,1,Mexita Sweet & Sour Tortilla Chips 180g,false,,,,,,,,,,kg,,,active
al-mudhish-potato-chips-ready-salted-15g,Al Mudhish Potato Chips Ready Salted 15g,"",Ayira Mini Mart,,Chips & Crisps,Chips & Crisps,true,Title,Default Title,,,,,,,,AYR-0586,0.0,,0,continue,manual,1.00,,true,true,,,,,,https://cdn.shopify.com/s/files/1/0819/7885/1544/files/p38zvj-al_20mudhish_20potato_20chips_20ready_20salted_2015_20gm_2eed3d58-83f0-452b-b3c4-33d59b18e517.png?v=1781343733,1,Al Mudhish Potato Chips Ready Salted 15g,false,,,,,,,,,,kg,,,active
potato-ripples-crunch-cheese-15g,Potato Ripples Crunch Cheese 15g,"",Ayira Mini Mart,,Chips & Crisps,Chips & Crisps,true,Title,Default Title,,,,,,,,AYR-0585,0.0,,0,continue,manual,1.00,,true,true,,,,,,https://cdn.shopify.com/s/files/1/0819/7885/1544/files/gk7hs6-potato_20ripples_20crunch_20cheese_20flavour_2015_20gm.png?v=1781343733,1,Potato Ripples Crunch Cheese 15g,false,,,,,,,,,,kg,,,active
albadia-potato-chips-chilli-16g,Albadia Potato Chips Chilli 16g,"",Ayira Mini Mart,,Chips & Crisps,Chips & Crisps,true,Title,Default Title,,,,,,,,AYR-0584,0.0,,0,continue,manual,1.00,,true,true,,,,,,https://cdn.shopify.com/s/files/1/0819/7885/1544/files/5rflax-albadia_20potato_20chips_20chilli_2016_20gm.png?v=1781343732,1,Albadia Potato Chips Chilli 16g,false,,,,,,,,,,kg,,,active
albadia-potato-chips-16g,Albadia Potato Chips 16g,"",Ayira Mini Mart,,Chips & Crisps,Chips & Crisps,true,Title,Default Title,,,,,,,,AYR-0583,0.0,,0,continue,manual,1.00,,true,true,,,,,,https://cdn.shopify.com/s/files/1/0819/7885/1544/files/bph8sr-albadia_20potato_20chips_2016_20gm.png?v=1781343732,1,Albadia Potato Chips 16g,false,,,,,,,,,,kg,,,active
batatos-wisconsin-cheddar-15g,Batatos Wisconsin Cheddar 15g,"",Ayira Mini Mart,,Chips & Crisps,Chips & Crisps,true,Title,Default Title,,,,,,,,AYR-0582,0.0,,0,continue,manual,1.00,,true,true,,,,,,https://cdn.shopify.com/s/files/1/0819/7885/1544/files/uuf017-batatos_20wisconsin_20cheddar_2015_20gm.png?v=1781343731,1,Batatos Wisconsin Cheddar 15g,false,,,,,,,,,,kg,,,active
batatos-spicy-15g,Batatos Spicy 15g,"",Ayira Mini Mart,,Chips & Crisps,Chips & Crisps,true,Title,Default Title,,,,,,,,AYR-0581,0.0,,0,continue,manual,1.00,,true,true,,,,,,https://cdn.shopify.com/s/files/1/0819/7885/1544/files/kx-buq-batatos_20spicy_2015_20gm.png?v=1781343730,1,Batatos Spicy 15g,false,,,,,,,,,,kg,,,active
batatos-tangy-ketchup-15g,Batatos Tangy Ketchup 15g,"",Ayira Mini Mart,,Chips & Crisps,Chips & Crisps,true,Title,Default Title,,,,,,,,AYR-0580,0.0,,0,continue,manual,1.00,,true,true,,,,,,https://cdn.shopify.com/s/files/1/0819/7885/1544/files/hvogz7-batatos_20tangy_20ketchup_2015_20gm.png?v=1781343729,1,Batatos Tangy Ketchup 15g,false,,,,,,,,,,kg,,,active
batatos-classic-15g,Batatos Classic 15g,"",Ayira Mini Mart,,Chips & Crisps,Chips & Crisps,true,Title,Default Title,,,,,,,,AYR-0579,0.0,,0,continue,manual,1.00,,true,true,,,,,,https://cdn.shopify.com/s/files/1/0819/7885/1544/files/99rlzh-batatos_20classic_2015_20gm.png?v=1781343728,1,Batatos Classic 15g,false,,,,,,,,,,kg,,,active
batatos-smokey-bbq-15g,Batatos Smokey BBQ 15g,"",Ayira Mini Mart,,Chips & Crisps,Chips & Crisps,true,Title,Default Title,,,,,,,,AYR-0578,0.0,,0,continue,manual,1.00,,true,true,,,,,,https://cdn.shopify.com/s/files/1/0819/7885/1544/files/mvugis-batatos_20smokey_20bbq_2015_20gm_33c623ee-32fb-49f5-a831-16e5ff9d96f9.png?v=1781343728,1,Batatos Smokey BBQ 15g,false,,,,,,,,,,kg,,,active
frit-c-belts-strawberry-20g,Frit-C Belts Strawberry 20g,"",Ayira Mini Mart,,Candy,Candy,true,Title,Default Title,,,,,,,,AYR-0577,0.0,,0,continue,manual,1.00,,true,true,,,,,,https://cdn.shopify.com/s/files/1/0819/7885/1544/files/ouuzig-frit-c_20belts_20licorice_20belts_20strawberry_20flavour_2020_20g.png?v=1781343727,1,Frit-C Belts Strawberry 20g,false,,,,,,,,,,kg,,,active
milky-bar-12g,Milky Bar 12g,"",Ayira Mini Mart,,Chocolates,Chocolates,true,Title,Default Title,,,,,,,,AYR-0576,0.0,,0,continue,manual,1.50,,true,true,,,,,,https://cdn.shopify.com/s/files/1/0819/7885/1544/files/0tr1no-milky_20bar_2012_20g.png?v=1781343727,1,Milky Bar 12g,false,,,,,,,,,,kg,,,active
dubai-chocolate-pistachio-with-kunafa-27g,Dubai Chocolate Pistachio with Kunafa 27g,"",Ayira Mini Mart,,Chocolates,Chocolates,true,Title,Default Title,,,,,,,,AYR-0575,0.0,,0,continue,manual,4.50,,true,true,,,,,,https://cdn.shopify.com/s/files/1/0819/7885/1544/files/odep31-dubai_20chocolate_20pistachio_20with_20kunafa_2027_20g.png?v=1781343726,1,Dubai Chocolate Pistachio with Kunafa 27g,false,,,,,,,,,,kg,,,active
twix-white-23g,Twix White 23g,"",Ayira Mini Mart,,Chocolates,Chocolates,true,Title,Default Title,,,,,,,,AYR-0574,0.0,,0,continue,manual,4.00,,true,true,,,,,,https://cdn.shopify.com/s/files/1/0819/7885/1544/files/engscq-twix_20white_2023_20g.png?v=1781343725,1,Twix White 23g,false,,,,,,,,,,kg,,,active
twix-top-21g,Twix Top 21g,"",Ayira Mini Mart,,Chocolates,Chocolates,true,Title,Default Title,,,,,,,,AYR-0573,0.0,,0,continue,manual,1.50,,true,true,,,,,,https://cdn.shopify.com/s/files/1/0819/7885/1544/files/ll17jy-twix_20top_2021_20g.png?v=1781343724,1,Twix Top 21g,false,,,,,,,,,,kg,,,active
kinder-chocolate-4-bars-50g,Kinder Chocolate 4 Bars 50g,"",Ayira Mini Mart,,Chocolates,Chocolates,true,Title,Default Title,,,,,,,,AYR-0572,0.0,,0,continue,manual,4.50,,true,true,,,,,,https://cdn.shopify.com/s/files/1/0819/7885/1544/files/i81-av-kinder_20chocolate_204_20bars_2050_20g.png?v=1781343724,1,Kinder Chocolate 4 Bars 50g,false,,,,,,,,,,kg,,,active
kinder-maxi-21g,Kinder Maxi 21g,"",Ayira Mini Mart,,Chocolates,Chocolates,true,Title,Default Title,,,,,,,,AYR-0571,0.0,,0,continue,manual,2.00,,true,true,,,,,,https://cdn.shopify.com/s/files/1/0819/7885/1544/files/4frngy-kinder_20maxi_2021_20g.png?v=1781343723,1,Kinder Maxi 21g,false,,,,,,,,,,kg,,,active
kinder-cards-25-6g,Kinder Cards 25.6g,"",Ayira Mini Mart,,Chocolates,Chocolates,true,Title,Default Title,,,,,,,,AYR-0570,0.0,,0,continue,manual,3.50,,true,true,,,,,,https://cdn.shopify.com/s/files/1/0819/7885/1544/files/xr3q25-kinder_20cards_2025.6_20g.png?v=1781343722,1,Kinder Cards 25.6g,false,,,,,,,,,,kg,,,active
kinder-bueno-white-3-5g,Kinder Bueno White 3.5g,"",Ayira Mini Mart,,Chocolates,Chocolates,true,Title,Default Title,,,,,,,,AYR-0569,0.0,,0,continue,manual,3.50,,true,true,,,,,,https://cdn.shopify.com/s/files/1/0819/7885/1544/files/biml04-kinder_20bueno_20white_203.5_20gm.png?v=1781343722,1,Kinder Bueno White 3.5g,false,,,,,,,,,,kg,,,active
snickers-chocolate-bar,Snickers Chocolate Bar,"",Ayira Mini Mart,,Chocolates,Chocolates,true,Title,Default Title,,,,,,,,AYR-0568,0.0,,0,continue,manual,3.00,,true,true,,,,,,https://cdn.shopify.com/s/files/1/0819/7885/1544/files/e9sy3k-snickers_20chocolate_20bar_2040g_8c16d486-95ec-4c9b-9153-b715888ff214.jpg?v=1781343721,1,Snickers Chocolate Bar,false,,,,,,,,,,kg,,,active
nestl-tola-crispy-wafer-with-caramel-milk-chocolate,Nestlé Tola Crispy Wafer with Caramel & Milk Chocolate,"",Ayira Mini Mart,,Chocolates,Chocolates,true,Title,Default Title,,,,,,,,AYR-0567,0.0,,0,continue,manual,2.50,,true,true,,,,,,https://cdn.shopify.com/s/files/1/0819/7885/1544/files/p3wxe4-nestl_C3_A9_20tola_20crispy_20wafer_20covered_20with_20caramel_20and_20milk_20chocolate.png?v=1781343720,1,Nestlé Tola Crispy Wafer with Caramel & Milk Chocolate,false,,,,,,,,,,kg,,,active
twix-wafer-rolls-22-5-gm,Twix Wafer Rolls 22.5 gm,"",Ayira Mini Mart,,Chocolates,Chocolates,true,Title,Default Title,,,,,,,,AYR-0566,0.0,,0,continue,manual,2.00,,true,true,,,,,,https://cdn.shopify.com/s/files/1/0819/7885/1544/files/vk6xfi-twix_20wafer_20rolls_2022.5_20gm.png?v=1781343720,1,Twix Wafer Rolls 22.5 gm,false,,,,,,,,,,kg,,,active
boundry-wafer-rolls,Boundry Wafer Rolls,"",Ayira Mini Mart,,Biscuits & Wafers,Biscuits & Wafers,true,Title,Default Title,,,,,,,,AYR-0565,0.0,,0,continue,manual,2.00,,true,true,,,,,,https://cdn.shopify.com/s/files/1/0819/7885/1544/files/qvijjf-boundry_20wafer_20rolls.png?v=1781343719,1,Boundry Wafer Rolls,false,,,,,,,,,,kg,,,active
bounty-50-gm,Bounty 50 gm,"",Ayira Mini Mart,,Chocolates,Chocolates,true,Title,Default Title,,,,,,,,AYR-0564,0.0,,0,continue,manual,4.50,,true,true,,,,,,https://cdn.shopify.com/s/files/1/0819/7885/1544/files/9krzm2-bounty_2050_20gm.png?v=1781343718,1,Bounty 50 gm,false,,,,,,,,,,kg,,,active
lker-ikolata-hazelnut-40-gm,Ülker Çikolata Hazelnut 40 gm,"",Ayira Mini Mart,,Chocolates,Chocolates,true,Title,Default Title,,,,,,,,AYR-0563,0.0,,0,continue,manual,4.00,,true,true,,,,,,https://cdn.shopify.com/s/files/1/0819/7885/1544/files/shkabt-_C3_BClker_20_C3_A7ikolata_20hazelnut_2040_20gm.png?v=1781343717,1,Ülker Çikolata Hazelnut 40 gm,false,,,,,,,,,,kg,,,active
lker-laviva-milky-cream-filling-35-gm,Ülker Laviva Milky Cream Filling 35 gm,"",Ayira Mini Mart,,Chocolates,Chocolates,true,Title,Default Title,,,,,,,,AYR-0562,0.0,,0,continue,manual,4.00,,true,true,,,,,,https://cdn.shopify.com/s/files/1/0819/7885/1544/files/yqxq-a-_C3_BClker_20laviva_20milky_20cream_20filling_2035_20gm.png?v=1781343717,1,Ülker Laviva Milky Cream Filling 35 gm,false,,,,,,,,,,kg,,,active
lker-hobby-30-gm,Ülker Hobby 30 gm,"",Ayira Mini Mart,,Chocolates,Chocolates,true,Title,Default Title,,,,,,,,AYR-0561,0.0,,0,continue,manual,1.00,,true,true,,,,,,https://cdn.shopify.com/s/files/1/0819/7885/1544/files/qikxe4-_C3_BClker_20hobby_2030_20gm.png?v=1781343716,1,Ülker Hobby 30 gm,false,,,,,,,,,,kg,,,active
lker-katkattat-hazelnut-cream-28-gm,Ülker Katkattat Hazelnut Cream 28 gm,"",Ayira Mini Mart,,Chocolates,Chocolates,true,Title,Default Title,,,,,,,,AYR-0560,0.0,,0,continue,manual,1.50,,true,true,,,,,,https://cdn.shopify.com/s/files/1/0819/7885/1544/files/xtv1e2-_C3_BClker_20katkattat_20hazelnut_20cream_2028_20gm.png?v=1781343715,1,Ülker Katkattat Hazelnut Cream 28 gm,false,,,,,,,,,,kg,,,active
haribo-mega-roulette-45-gm,Haribo Mega-Roulette 45 gm,"",Ayira Mini Mart,,Candy,Candy,true,Title,Default Title,,,,,,,,AYR-0559,0.0,,0,continue,manual,2.50,,true,true,,,,,,https://cdn.shopify.com/s/files/1/0819/7885/1544/files/l8-wrn-haribo_20mega-roulette_2045_20gm.png?v=1781343714,1,Haribo Mega-Roulette 45 gm,false,,,,,,,,,,kg,,,active
snickers-wafer-rolls-24-gm,Snickers Wafer Rolls 24 gm,"",Ayira Mini Mart,,Chocolates,Chocolates,true,Title,Default Title,,,,,,,,AYR-0558,0.0,,0,continue,manual,2.00,,true,true,,,,,,https://cdn.shopify.com/s/files/1/0819/7885/1544/files/k74vca-snickers_20wafer_20rolls_2024_20gm.png?v=1781343714,1,Snickers Wafer Rolls 24 gm,false,,,,,,,,,,kg,,,active
godiva-belgium-1926-double-chocolate-bar-35-gm,Godiva Belgium 1926 Double Chocolate Bar 35 gm,"",Ayira Mini Mart,,Chocolates,Chocolates,true,Title,Default Title,,,,,,,,AYR-0557,0.0,,0,continue,manual,4.00,,true,true,,,,,,https://cdn.shopify.com/s/files/1/0819/7885/1544/files/fcbg6n-godiva_20belgium_201926_20double_20chocolate_20bar_2035_20gm.png?v=1781343713,1,Godiva Belgium 1926 Double Chocolate Bar 35 gm,false,,,,,,,,,,kg,,,active
galaxy-caramel-40-gm,Galaxy Caramel 40 gm,"",Ayira Mini Mart,,Chocolates,Chocolates,true,Title,Default Title,,,,,,,,AYR-0556,0.0,,0,continue,manual,4.00,,true,true,,,,,,https://cdn.shopify.com/s/files/1/0819/7885/1544/files/1o49xo-galaxy_20caramel_2040_20gm.png?v=1781343712,1,Galaxy Caramel 40 gm,false,,,,,,,,,,kg,,,active
lker-laviva-35-gm,Ülker Laviva 35 gm,"",Ayira Mini Mart,,Chocolates,Chocolates,true,Title,Default Title,,,,,,,,AYR-0555,0.0,,0,continue,manual,3.50,,true,true,,,,,,https://cdn.shopify.com/s/files/1/0819/7885/1544/files/xplxmx-_C3_BClker_20laviva_20milky_20cream_20filling_2035_20gm.png?v=1781343711,1,Ülker Laviva 35 gm,false,,,,,,,,,,kg,,,active
galaxy-smooth-milk-36-gm,Galaxy Smooth Milk 36 gm,"",Ayira Mini Mart,,Chocolates,Chocolates,true,Title,Default Title,,,,,,,,AYR-0554,0.0,,0,continue,manual,4.00,,true,true,,,,,,https://cdn.shopify.com/s/files/1/0819/7885/1544/files/9sg7lm-galaxy_20smooth_20milk_2036_20gm.png?v=1781343710,1,Galaxy Smooth Milk 36 gm,false,,,,,,,,,,kg,,,active
galaxy-smooth-white-38-gm,Galaxy Smooth White 38 gm,"",Ayira Mini Mart,,Chocolates,Chocolates,true,Title,Default Title,,,,,,,,AYR-0553,0.0,,0,continue,manual,4.50,,true,true,,,,,,https://cdn.shopify.com/s/files/1/0819/7885/1544/files/66-qmb-galaxy_20smooth_20white_2038_20gm.png?v=1781343710,1,Galaxy Smooth White 38 gm,false,,,,,,,,,,kg,,,active
galaxy-smooth-dark-40-gm,Galaxy Smooth Dark 40 gm,"",Ayira Mini Mart,,Chocolates,Chocolates,true,Title,Default Title,,,,,,,,AYR-0552,0.0,,0,continue,manual,4.50,,true,true,,,,,,https://cdn.shopify.com/s/files/1/0819/7885/1544/files/ww5kj7-galaxy_20smooth_20dark_2040_20gm.png?v=1781343709,1,Galaxy Smooth Dark 40 gm,false,,,,,,,,,,kg,,,active
galaxy-hazelnut-36-gm,Galaxy Hazelnut 36 gm,"",Ayira Mini Mart,,Chocolates,Chocolates,true,Title,Default Title,,,,,,,,AYR-0551,0.0,,0,continue,manual,4.00,,true,true,,,,,,https://cdn.shopify.com/s/files/1/0819/7885/1544/files/clkwhh-galaxy_20hazelnut_2036_20gm.png?v=1781343708,1,Galaxy Hazelnut 36 gm,false,,,,,,,,,,kg,,,active
galaxy-fruit-nut-36-gm,Galaxy Fruit & Nut 36 gm,"",Ayira Mini Mart,,Chocolates,Chocolates,true,Title,Default Title,,,,,,,,AYR-0550,0.0,,0,continue,manual,4.00,,true,true,,,,,,https://cdn.shopify.com/s/files/1/0819/7885/1544/files/x5r0am-galaxy_20fruit_20.png?v=1781343708,1,Galaxy Fruit & Nut 36 gm,false,,,,,,,,,,kg,,,active
galaxy-cookie-crumble-36-gm,Galaxy Cookie Crumble 36 gm,"",Ayira Mini Mart,,Chocolates,Chocolates,true,Title,Default Title,,,,,,,,AYR-0549,0.0,,0,continue,manual,4.00,,true,true,,,,,,https://cdn.shopify.com/s/files/1/0819/7885/1544/files/38h3ax-galaxy_20cookie_20crumble_2036_20gm.png?v=1781343707,1,Galaxy Cookie Crumble 36 gm,false,,,,,,,,,,kg,,,active
spark-18-gm,Spark 18 gm,"",Ayira Mini Mart,,Chocolates,Chocolates,true,Title,Default Title,,,,,,,,AYR-0548,0.0,,0,continue,manual,1.00,,true,true,,,,,,https://cdn.shopify.com/s/files/1/0819/7885/1544/files/71sl7g-spark_2018_20gm.png?v=1781343706,1,Spark 18 gm,false,,,,,,,,,,kg,,,active
snickers-x-treme-42-gm,Snickers X-Treme 42 GM,"",Ayira Mini Mart,,Chocolates,Chocolates,true,Title,Default Title,,,,,,,,AYR-0547,0.0,,0,continue,manual,3.50,,true,true,,,,,,https://cdn.shopify.com/s/files/1/0819/7885/1544/files/79-t-3-snickers_20x-treme_2042_20gm.png?v=1781343705,1,Snickers X-Treme 42 GM,false,,,,,,,,,,kg,,,active
snickers-dark-42-gm,Snickers Dark 42 GM,"",Ayira Mini Mart,,Chocolates,Chocolates,true,Title,Default Title,,,,,,,,AYR-0546,0.0,,0,continue,manual,4.00,,true,true,,,,,,https://cdn.shopify.com/s/files/1/0819/7885/1544/files/8cnzh0-snickers_20dark_2042_20gm.png?v=1781343705,1,Snickers Dark 42 GM,false,,,,,,,,,,kg,,,active
snickers-creamy-peanut-butter-36-5-gm,Snickers Creamy Peanut Butter 36.5 GM,"",Ayira Mini Mart,,Chocolates,Chocolates,true,Title,Default Title,,,,,,,,AYR-0545,0.0,,0,continue,manual,3.50,,true,true,,,,,,https://cdn.shopify.com/s/files/1/0819/7885/1544/files/wzwm1d-snickers_20creamy_20peanut_20butter_2036.5_20gm.png?v=1781343704,1,Snickers Creamy Peanut Butter 36.5 GM,false,,,,,,,,,,kg,,,active
snickers-45-gm,Snickers 45 GM,"",Ayira Mini Mart,,Chocolates,Chocolates,true,Title,Default Title,,,,,,,,AYR-0544,0.0,,0,continue,manual,3.00,,true,true,,,,,,https://cdn.shopify.com/s/files/1/0819/7885/1544/files/snsh4m-snickers_2045_20gm.png?v=1781343703,1,Snickers 45 GM,false,,,,,,,,,,kg,,,active
snickers-70-gm,Snickers 70 GM,"",Ayira Mini Mart,,Chocolates,Chocolates,true,Title,Default Title,,,,,,,,AYR-0543,0.0,,0,continue,manual,5.00,,true,true,,,,,,https://cdn.shopify.com/s/files/1/0819/7885/1544/files/swd1rg-snickers_2070_20gm.png?v=1781343702,1,Snickers 70 GM,false,,,,,,,,,,kg,,,active
galaxy-crispy-36-gm,Galaxy Crispy 36 GM,"",Ayira Mini Mart,,Chocolates,Chocolates,true,Title,Default Title,,,,,,,,AYR-0542,0.0,,0,continue,manual,4.00,,true,true,,,,,,https://cdn.shopify.com/s/files/1/0819/7885/1544/files/r2skz4-galaxy_20crispy_2036_20gm.png?v=1781343702,1,Galaxy Crispy 36 GM,false,,,,,,,,,,kg,,,active
chupa-chups-soft-bubble-gum-babol-strawberry-flavour-27-gm,Chupa Chups Soft Bubble Gum Babol Strawberry Flavour 27 GM,"",Ayira Mini Mart,,Gums,Gums,true,Title,Default Title,,,,,,,,AYR-0541,0.0,,0,continue,manual,1.50,,true,true,,,,,,https://cdn.shopify.com/s/files/1/0819/7885/1544/files/ig07ft-chupa_20chups_20soft_20bubble_20gum_20babol_20strawberry_20flavour_2027_20gm.png?v=1781343701,1,Chupa Chups Soft Bubble Gum Babol Strawberry Flavour 27 GM,false,,,,,,,,,,kg,,,active
chupa-chups-soft-bubble-gum-babol-tutti-frutti-flavour-27-gm,Chupa Chups Soft Bubble Gum Babol Tutti Frutti Flavour 27 GM,"",Ayira Mini Mart,,Gums,Gums,true,Title,Default Title,,,,,,,,AYR-0540,0.0,,0,continue,manual,1.50,,true,true,,,,,,https://cdn.shopify.com/s/files/1/0819/7885/1544/files/ox0j74-chupa_20chups_20soft_20bubble_20gum_20babol_20tutti_20frutti_20flavour_2027_20gm.png?v=1781343700,1,Chupa Chups Soft Bubble Gum Babol Tutti Frutti Flavour 27 GM,false,,,,,,,,,,kg,,,active
kiokpop-candy-orange-5g,Kiokpop Candy Orange 5G,"",Ayira Mini Mart,,Candy,Candy,true,Title,Default Title,,,,,,,,AYR-0539,0.0,,0,continue,manual,1.00,,true,true,,,,,,https://cdn.shopify.com/s/files/1/0819/7885/1544/files/n3a49j-kiokpop_20candy_20orange_205g.png?v=1781343700,1,Kiokpop Candy Orange 5G,false,,,,,,,,,,kg,,,active
hot-dog-with-candy-mustard-15-ml,Hot Dog with Candy Mustard 15 ML,"",Ayira Mini Mart,,Candy,Candy,true,Title,Default Title,,,,,,,,AYR-0538,0.0,,0,continue,manual,1.50,,true,true,,,,,,https://cdn.shopify.com/s/files/1/0819/7885/1544/files/3dyjn1-hot_20dog_20with_20candy_20mustard_2015_20ml.png?v=1781343699,1,Hot Dog with Candy Mustard 15 ML,false,,,,,,,,,,kg,,,active
brain-blasterz-sour-powder-with-lolly-dipper-10-gm,Brain Blasterz Sour Powder with Lolly Dipper 10 GM,"",Ayira Mini Mart,,Candy,Candy,true,Title,Default Title,,,,,,,,AYR-0537,0.0,,0,continue,manual,1.50,,true,true,,,,,,https://cdn.shopify.com/s/files/1/0819/7885/1544/files/tv47yo-brain_20blasterz_20sour_20powder_20with_20lolly_20dipper_2010_20gm.png?v=1781343698,1,Brain Blasterz Sour Powder with Lolly Dipper 10 GM,false,,,,,,,,,,kg,,,active
x-treme-sour-candy-18-gm,X-Treme Sour Candy 18 GM,"",Ayira Mini Mart,,Candy,Candy,true,Title,Default Title,,,,,,,,AYR-0536,0.0,,0,continue,manual,1.00,,true,true,,,,,,https://cdn.shopify.com/s/files/1/0819/7885/1544/files/dvr71d-x-treme_20sour_20candy_2018_20gm.png?v=1781343697,1,X-Treme Sour Candy 18 GM,false,,,,,,,,,,kg,,,active
confetteria-raffaello-30-gm,Confetteria Raffaello 30 GM,"",Ayira Mini Mart,,Chocolates,Chocolates,true,Title,Default Title,,,,,,,,AYR-0535,0.0,,0,continue,manual,5.00,,true,true,,,,,,https://cdn.shopify.com/s/files/1/0819/7885/1544/files/4myp8g-confetteria_20raffaello_2030_20gm.png?v=1781343697,1,Confetteria Raffaello 30 GM,false,,,,,,,,,,kg,,,active
ferrero-rocher-37-5-gm,Ferrero Rocher 37.5 GM,"",Ayira Mini Mart,,Chocolates,Chocolates,true,Title,Default Title,,,,,,,,AYR-0534,0.0,,0,continue,manual,6.50,,true,true,,,,,,https://cdn.shopify.com/s/files/1/0819/7885/1544/files/08xyep-ferrero_20rocher_2037.5_20gm.png?v=1781343696,1,Ferrero Rocher 37.5 GM,false,,,,,,,,,,kg,,,active
sando-italian-recipe-chocolate-wafer-32-gm,Sando Italian Recipe Chocolate Wafer 32 GM,"",Ayira Mini Mart,,Chocolates,Chocolates,true,Title,Default Title,,,,,,,,AYR-0533,0.0,,0,continue,manual,1.00,,true,true,,,,,,https://cdn.shopify.com/s/files/1/0819/7885/1544/files/dqoqgx-sando_20italian_20recipe_20chocolate_20wafer_2032_20gm.png?v=1781343695,1,Sando Italian Recipe Chocolate Wafer 32 GM,false,,,,,,,,,,kg,,,active
nestl-kitkat-crunchy-40-gm,Nestlé KitKat Crunchy 40 GM,"",Ayira Mini Mart,,Chocolates,Chocolates,true,Title,Default Title,,,,,,,,AYR-0532,0.0,,0,continue,manual,4.00,,true,true,,,,,,https://cdn.shopify.com/s/files/1/0819/7885/1544/files/jedf0i-nestl_C3_A9_20kitkat_20crunchy_2040_20gm.png?v=1781343694,1,Nestlé KitKat Crunchy 40 GM,false,,,,,,,,,,kg,,,active
m-m-s-snacks-36-gm,M&M's Snacks 36 GM,"",Ayira Mini Mart,,Chocolates,Chocolates,true,Title,Default Title,,,,,,,,AYR-0531,0.0,,0,continue,manual,4.00,,true,true,,,,,,https://cdn.shopify.com/s/files/1/0819/7885/1544/files/oq0qie-m.png?v=1781343694,1,M&M's Snacks 36 GM,false,,,,,,,,,,kg,,,active
flake-32-gm,Flake 32 GM,"",Ayira Mini Mart,,Chocolates,Chocolates,true,Title,Default Title,,,,,,,,AYR-0530,0.0,,0,continue,manual,3.50,,true,true,,,,,,https://cdn.shopify.com/s/files/1/0819/7885/1544/files/nw1sdz-flake_2032_20gm.png?v=1781343693,1,Flake 32 GM,false,,,,,,,,,,kg,,,active
nestl-kitkat-18-gm,Nestlé KitKat 18 GM,"",Ayira Mini Mart,,Chocolates,Chocolates,true,Title,Default Title,,,,,,,,AYR-0529,0.0,,0,continue,manual,2.00,,true,true,,,,,,https://cdn.shopify.com/s/files/1/0819/7885/1544/files/bj4cx3-nestl_C3_A9_20kitkat_2018_20gm.png?v=1781343692,1,Nestlé KitKat 18 GM,false,,,,,,,,,,kg,,,active
nestl-kitkat-36-5-gm,Nestlé KitKat 36.5 GM,"",Ayira Mini Mart,,Chocolates,Chocolates,true,Title,Default Title,,,,,,,,AYR-0528,0.0,,0,continue,manual,4.00,,true,true,,,,,,https://cdn.shopify.com/s/files/1/0819/7885/1544/files/xktp06-nestl_C3_A9_20kitkat_2036.5_20gm.png?v=1781343691,1,Nestlé KitKat 36.5 GM,false,,,,,,,,,,kg,,,active
galaxy-minstrels-pleasure-worth-sharing-42-gm,Galaxy Minstrels Pleasure Worth Sharing 42 GM,"",Ayira Mini Mart,,Chocolates,Chocolates,true,Title,Default Title,,,,,,,,AYR-0527,0.0,,0,continue,manual,4.50,,true,true,,,,,,https://cdn.shopify.com/s/files/1/0819/7885/1544/files/0woocp-galaxy_20minstrels_20pleasure_20worth_20sharing_2042_20gm.png?v=1781343691,1,Galaxy Minstrels Pleasure Worth Sharing 42 GM,false,,,,,,,,,,kg,,,active
go-on-vitamin-l-carnitine-magnesium-7-vitamins-50-gm,Go On Vitamin L-Carnitine Magnesium 7 Vitamins 50 GM,"",Ayira Mini Mart,,Chocolates,Chocolates,true,Title,Default Title,,,,,,,,AYR-0526,0.0,,0,continue,manual,4.00,,true,true,,,,,,https://cdn.shopify.com/s/files/1/0819/7885/1544/files/3gewip-go_20on_20vitamin_20l-carnitine_20magnesium_207_20vitamins_2050_20gm.png?v=1781343690,1,Go On Vitamin L-Carnitine Magnesium 7 Vitamins 50 GM,false,,,,,,,,,,kg,,,active
go-on-protein-cocoa-chocolate-vitamin-7-50-gm,Go On Protein Cocoa Chocolate Vitamin 7 – 50 GM,"",Ayira Mini Mart,,Chocolates,Chocolates,true,Title,Default Title,,,,,,,,AYR-0525,0.0,,0,continue,manual,7.00,,true,true,,,,,,https://cdn.shopify.com/s/files/1/0819/7885/1544/files/0fsrcc-go_20on_20protein_20cocoa_20chocolate_20vitamin_207_20_E2_80_93_2050_20gm.png?v=1781343689,1,Go On Protein Cocoa Chocolate Vitamin 7 – 50 GM,false,,,,,,,,,,kg,,,active
m-m-s-peanut-45-gm,M&M’s Peanut 45 GM,"",Ayira Mini Mart,,Chocolates,Chocolates,true,Title,Default Title,,,,,,,,AYR-0524,0.0,,0,continue,manual,4.00,,true,true,,,,,,https://cdn.shopify.com/s/files/1/0819/7885/1544/files/hsjtbj-m.png?v=1781343689,1,M&M’s Peanut 45 GM,false,,,,,,,,,,kg,,,active
nestl-lion-30-gm,Nestlé Lion 30 GM,"",Ayira Mini Mart,,Chocolates,Chocolates,true,Title,Default Title,,,,,,,,AYR-0523,0.0,,0,continue,manual,3.00,,true,true,,,,,,https://cdn.shopify.com/s/files/1/0819/7885/1544/files/nmyu7y-nestl_C3_A9_20lion_2030_20gm.png?v=1781343688,1,Nestlé Lion 30 GM,false,,,,,,,,,,kg,,,active
m-m-s-chocolate-45-gm,M&M’s Chocolate 45 GM,"",Ayira Mini Mart,,Chocolates,Chocolates,true,Title,Default Title,,,,,,,,AYR-0522,0.0,,0,continue,manual,4.00,,true,true,,,,,,https://cdn.shopify.com/s/files/1/0819/7885/1544/files/nx9gtt-m.png?v=1781343687,1,M&M’s Chocolate 45 GM,false,,,,,,,,,,kg,,,active
astor-mini-stick-20-gm,Astor Mini Stick 20 GM,"",Ayira Mini Mart,,Chocolates,Chocolates,true,Title,Default Title,,,,,,,,AYR-0521,0.0,,0,continue,manual,1.00,,true,true,,,,,,https://cdn.shopify.com/s/files/1/0819/7885/1544/files/550jxf-astor_20mini_20stick_2020_20gm.png?v=1781343686,1,Astor Mini Stick 20 GM,false,,,,,,,,,,kg,,,active
maltesers-37-gm,Maltesers 37 GM,"",Ayira Mini Mart,,Chocolates,Chocolates,true,Title,Default Title,,,,,,,,AYR-0520,0.0,,0,continue,manual,4.50,,true,true,,,,,,https://cdn.shopify.com/s/files/1/0819/7885/1544/files/4u-dd0-maltesers_2037_20gm.png?v=1781343685,1,Maltesers 37 GM,false,,,,,,,,,,kg,,,active
loacker-classic-napolitaner-45-gm,Loacker Classic Napolitaner 45 GM,"",Ayira Mini Mart,,Chocolates,Chocolates,true,Title,Default Title,,,,,,,,AYR-0519,0.0,,0,continue,manual,3.00,,true,true,,,,,,https://cdn.shopify.com/s/files/1/0819/7885/1544/files/fl3nfm-loacker_20classic_20napolitaner_2045_20gm.png?v=1781343684,1,Loacker Classic Napolitaner 45 GM,false,,,,,,,,,,kg,,,active
loacker-classic-cremkakao-45-gm,Loacker Classic Cremkakao 45 GM,"",Ayira Mini Mart,,Chocolates,Chocolates,true,Title,Default Title,,,,,,,,AYR-0518,0.0,,0,continue,manual,3.00,,true,true,,,,,,https://cdn.shopify.com/s/files/1/0819/7885/1544/files/3nyo75-loacker_20classic_20cremkakao_2045_20gm.png?v=1781343684,1,Loacker Classic Cremkakao 45 GM,false,,,,,,,,,,kg,,,active
lker-ikolatal-gofret-36-gm,Ülker Çikolatalı Gofret 36 GM,"",Ayira Mini Mart,,Chocolates,Chocolates,true,Title,Default Title,,,,,,,,AYR-0517,0.0,,0,continue,manual,2.00,,true,true,,,,,,https://cdn.shopify.com/s/files/1/0819/7885/1544/files/5s9jgz-_C3_BClker_20_C3_A7ikolatal_C4_B1_20gofret_2036_20gm.png?v=1781343683,1,Ülker Çikolatalı Gofret 36 GM,false,,,,,,,,,,kg,,,active
lker-rulokat-24-gm,Ülker Rulokat 24 GM,"",Ayira Mini Mart,,Chocolates,Chocolates,true,Title,Default Title,,,,,,,,AYR-0516,0.0,,0,continue,manual,1.50,,true,true,,,,,,https://cdn.shopify.com/s/files/1/0819/7885/1544/files/1f17od-_C3_BClker_20rulokat_2024_20gm.png?v=1781343682,1,Ülker Rulokat 24 GM,false,,,,,,,,,,kg,,,active
nutella-biscuits-1-4-gm,Nutella Biscuits 1.4 GM,"",Ayira Mini Mart,,Chocolates,Chocolates,true,Title,Default Title,,,,,,,,AYR-0515,0.0,,0,continue,manual,3.50,,true,true,,,,,,https://cdn.shopify.com/s/files/1/0819/7885/1544/files/rb7c44-nutella_20biscuits_201.4_20gm.png?v=1781343681,1,Nutella Biscuits 1.4 GM,false,,,,,,,,,,kg,,,active
date-almond-bar-granio-milk-chocolate-40-gm,Date & Almond Bar Granio Milk Chocolate 40 GM,"",Ayira Mini Mart,,Chocolates,Chocolates,true,Title,Default Title,,,,,,,,AYR-0514,0.0,,0,continue,manual,2.50,,true,true,,,,,,https://cdn.shopify.com/s/files/1/0819/7885/1544/files/qn2t6a-date_20.png?v=1781343681,1,Date & Almond Bar Granio Milk Chocolate 40 GM,false,,,,,,,,,,kg,,,active
abc-cheese-12-g,ABC Cheese 12 g,"",Ayira Mini Mart,,Chips & Crisps,Chips & Crisps,true,Title,Default Title,,,,,,,,AYR-0513,0.0,,0,continue,manual,1.00,,true,true,,,,,,https://cdn.shopify.com/s/files/1/0819/7885/1544/files/mkyyvf-abc_20cheese_2012_20g.png?v=1781343680,1,ABC Cheese 12 g,false,,,,,,,,,,kg,,,active
chilli-out-fire-fingers-spicy-chicken-60-g,Chilli Out Fire Fingers Spicy Chicken 60 g,"",Ayira Mini Mart,,Chips & Crisps,Chips & Crisps,true,Title,Default Title,,,,,,,,AYR-0512,0.0,,0,continue,manual,2.50,,true,true,,,,,,https://cdn.shopify.com/s/files/1/0819/7885/1544/files/u3uipa-chilli_20out_20fire_20fingers_20spicy_20chicken_2060_20g.png?v=1781343678,1,Chilli Out Fire Fingers Spicy Chicken 60 g,false,,,,,,,,,,kg,,,active
chilli-out-fire-fingers-spicy-shrimp-60-g,Chilli Out Fire Fingers Spicy Shrimp 60 g,"",Ayira Mini Mart,,Chips & Crisps,Chips & Crisps,true,Title,Default Title,,,,,,,,AYR-0511,0.0,,0,continue,manual,2.50,,true,true,,,,,,https://cdn.shopify.com/s/files/1/0819/7885/1544/files/5ygzc2-chilli_20out_20fire_20fingers_20spicy_20shrimp_2060_20g.png?v=1781343677,1,Chilli Out Fire Fingers Spicy Shrimp 60 g,false,,,,,,,,,,kg,,,active
raja-potatos-crunchies-ketchup-60-g,Raja Potatos Crunchies Ketchup 60 g,"",Ayira Mini Mart,,Chips & Crisps,Chips & Crisps,true,Title,Default Title,,,,,,,,AYR-0510,0.0,,0,continue,manual,5.00,,true,true,,,,,,https://cdn.shopify.com/s/files/1/0819/7885/1544/files/qr27ui-raja_20potatos_20crunchies_20ketchup_2060_20g.png?v=1781343676,1,Raja Potatos Crunchies Ketchup 60 g,false,,,,,,,,,,kg,,,active
mini-takis-fuego-hot-chili-pepper-lime-artificially-flavoured-tortilla-chips-35-g,Mini Takis Fuego Hot Chili Pepper & Lime Artificially Flavoured Tortilla Chips 35 g,"",Ayira Mini Mart,,Chips & Crisps,Chips & Crisps,true,Title,Default Title,,,,,,,,AYR-0509,0.0,,0,continue,manual,3.50,,true,true,,,,,,https://cdn.shopify.com/s/files/1/0819/7885/1544/files/46czue-mini_20takis_20fuego_20hot_20chili_20pepper_20.png?v=1781343674,1,Mini Takis Fuego Hot Chili Pepper & Lime Artificially Flavoured Tortilla Chips 35 g,false,,,,,,,,,,kg,,,active
salad-chips-15-g,Salad Chips 15 g,"",Ayira Mini Mart,,Chips & Crisps,Chips & Crisps,true,Title,Default Title,,,,,,,,AYR-0508,0.0,,0,continue,manual,1.00,,true,true,,,,,,https://cdn.shopify.com/s/files/1/0819/7885/1544/files/13caj9-salad_20chips_2015_20g.png?v=1781343673,1,Salad Chips 15 g,false,,,,,,,,,,kg,,,active
chips-oman-chili-flavour-15-g,Chips Oman Chili Flavour 15 g,"",Ayira Mini Mart,,Chips & Crisps,Chips & Crisps,true,Title,Default Title,,,,,,,,AYR-0507,0.0,,0,continue,manual,1.00,,true,true,,,,,,https://cdn.shopify.com/s/files/1/0819/7885/1544/files/4cviqn-chips_20oman_20chili_20flavour_2015_20g.png?v=1781343671,1,Chips Oman Chili Flavour 15 g,false,,,,,,,,,,kg,,,active
abc-ketchup-12-g,ABC Ketchup 12 g,"",Ayira Mini Mart,,Chips & Crisps,Chips & Crisps,true,Title,Default Title,,,,,,,,AYR-0506,0.0,,0,continue,manual,1.00,,true,true,,,,,,https://cdn.shopify.com/s/files/1/0819/7885/1544/files/cvreay-abc_20ketchup_2012_20g.png?v=1781343670,1,ABC Ketchup 12 g,false,,,,,,,,,,kg,,,active
takis-blue-heat-hot-chili-pepper-lime-tortilla-chips-artificially-flavoured-113-4-g,"Takis Blue Heat Hot Chili Pepper & Lime Tortilla Chips, Artificially Flavoured 113.4 g","",Ayira Mini Mart,,Chips & Crisps,Chips & Crisps,true,Title,Default Title,,,,,,,,AYR-0505,0.0,,0,continue,manual,23.00,,true,true,,,,,,https://cdn.shopify.com/s/files/1/0819/7885/1544/files/n3sp30-takis_20blue_20heat_20hot_20chili_20pepper_20.png?v=1781343669,1,"Takis Blue Heat Hot Chili Pepper & Lime Tortilla Chips, Artificially Flavoured 113.4 g",false,,,,,,,,,,kg,,,active
takis-zombie-habanero-cucumber-tortilla-chips-artificially-flavoured-92-3-g,"Takis Zombie Habanero & Cucumber Tortilla Chips, Artificially Flavoured 92.3 g","",Ayira Mini Mart,,Chips & Crisps,Chips & Crisps,true,Title,Default Title,,,,,,,,AYR-0504,0.0,,0,continue,manual,14.00,,true,true,,,,,,https://cdn.shopify.com/s/files/1/0819/7885/1544/files/qzm42v-takis_20zombie_20habanero_20.png?v=1781343668,1,"Takis Zombie Habanero & Cucumber Tortilla Chips, Artificially Flavoured 92.3 g",false,,,,,,,,,,kg,,,active
takis-fuego-hot-chili-pepper-lime-tortilla-chips-artificially-flavoured-113-4-g,"Takis Fuego Hot Chili Pepper & Lime Tortilla Chips, Artificially Flavoured 113.4 g","",Ayira Mini Mart,,Chips & Crisps,Chips & Crisps,true,Title,Default Title,,,,,,,,AYR-0503,0.0,,0,continue,manual,14.00,,true,true,,,,,,https://cdn.shopify.com/s/files/1/0819/7885/1544/files/eyyic2-takis_20fuego_20hot_20chili_20pepper_20.png?v=1781343667,1,"Takis Fuego Hot Chili Pepper & Lime Tortilla Chips, Artificially Flavoured 113.4 g",false,,,,,,,,,,kg,,,active
karkish-natural-potato-chips-barbecue-flavour-40-g,Karkish Natural Potato Chips Barbecue Flavour 40 g,"",Ayira Mini Mart,,Chips & Crisps,Chips & Crisps,true,Title,Default Title,,,,,,,,AYR-0502,0.0,,0,continue,manual,3.50,,true,true,,,,,,https://cdn.shopify.com/s/files/1/0819/7885/1544/files/8-t6aj-karkish_20natural_20potato_20chips_20barbecue_20flavour_2040_20g.png?v=1781343666,1,Karkish Natural Potato Chips Barbecue Flavour 40 g,false,,,,,,,,,,kg,,,active
molto-chips-ketchup-flavour-70-g,Molto Chips Ketchup Flavour 70 g,"",Ayira Mini Mart,,Chips & Crisps,Chips & Crisps,true,Title,Default Title,,,,,,,,AYR-0501,0.0,,0,continue,manual,3.50,,true,true,,,,,,https://cdn.shopify.com/s/files/1/0819/7885/1544/files/52igea-molto_20chips_20ketchup_20flavour_2070_20g.png?v=1781343665,1,Molto Chips Ketchup Flavour 70 g,false,,,,,,,,,,kg,,,active
molto-chips-salt-flavour-70-g,Molto Chips Salt Flavour 70 g,"",Ayira Mini Mart,,Chips & Crisps,Chips & Crisps,true,Title,Default Title,,,,,,,,AYR-0500,0.0,,0,continue,manual,3.50,,true,true,,,,,,https://cdn.shopify.com/s/files/1/0819/7885/1544/files/t6f4i9-molto_20chips_20salt_20flavour_2070_20g.png?v=1781343664,1,Molto Chips Salt Flavour 70 g,false,,,,,,,,,,kg,,,active
molto-chips-chilli-lemon-flavour-70-g,Molto Chips Chilli & Lemon Flavour 70 g,"",Ayira Mini Mart,,Chips & Crisps,Chips & Crisps,true,Title,Default Title,,,,,,,,AYR-0499,0.0,,0,continue,manual,3.50,,true,true,,,,,,https://cdn.shopify.com/s/files/1/0819/7885/1544/files/mrbzsl-molto_20chips_20chilli_20.png?v=1781343664,1,Molto Chips Chilli & Lemon Flavour 70 g,false,,,,,,,,,,kg,,,active
molto-chips-barbecue-flavour-70-g,Molto Chips Barbecue Flavour 70 g,"",Ayira Mini Mart,,Chips & Crisps,Chips & Crisps,true,Title,Default Title,,,,,,,,AYR-0498,0.0,,0,continue,manual,3.50,,true,true,,,,,,https://cdn.shopify.com/s/files/1/0819/7885/1544/files/r-22pi-molto_20chips_20barbecue_20flavour_2070_20g.png?v=1781343663,1,Molto Chips Barbecue Flavour 70 g,false,,,,,,,,,,kg,,,active
molto-chips-cheese-flavour-70-g,Molto Chips Cheese Flavour 70 g,"",Ayira Mini Mart,,Chips & Crisps,Chips & Crisps,true,Title,Default Title,,,,,,,,AYR-0497,0.0,,0,continue,manual,3.50,,true,true,,,,,,https://cdn.shopify.com/s/files/1/0819/7885/1544/files/h0fs43-molto_20chips_20cheese_20flavour_2070_20g.png?v=1781343662,1,Molto Chips Cheese Flavour 70 g,false,,,,,,,,,,kg,,,active
salad-chips-75-g,Salad Chips 75 g,"",Ayira Mini Mart,,Chips & Crisps,Chips & Crisps,true,Title,Default Title,,,,,,,,AYR-0496,0.0,,0,continue,manual,5.00,,true,true,,,,,,https://cdn.shopify.com/s/files/1/0819/7885/1544/files/1-8y0a-salad_20chips_2075_20g.png?v=1781343661,1,Salad Chips 75 g,false,,,,,,,,,,kg,,,active
chips-oman-chili-flavour-100-g,Chips Oman Chili Flavour 100 g,"",Ayira Mini Mart,,Chips & Crisps,Chips & Crisps,true,Title,Default Title,,,,,,,,AYR-0495,0.0,,0,continue,manual,6.00,,true,true,,,,,,https://cdn.shopify.com/s/files/1/0819/7885/1544/files/leehwl-chips_20oman_20chili_20flavour_20100_20g.png?v=1781343660,1,Chips Oman Chili Flavour 100 g,false,,,,,,,,,,kg,,,active
nice-lightly-salted-natural-potato-chips-80-g,Nice Lightly Salted Natural Potato Chips 80 g,"",Ayira Mini Mart,,Chips & Crisps,Chips & Crisps,true,Title,Default Title,,,,,,,,AYR-0494,0.0,,0,continue,manual,4.00,,true,true,,,,,,https://cdn.shopify.com/s/files/1/0819/7885/1544/files/apc45e-nice_20lightly_20salted_20natural_20potato_20chips_2080_20g.png?v=1781343660,1,Nice Lightly Salted Natural Potato Chips 80 g,false,,,,,,,,,,kg,,,active
nice-tomato-ketchup-natural-potato-chips-80-g,Nice Tomato Ketchup Natural Potato Chips 80 g,"",Ayira Mini Mart,,Chips & Crisps,Chips & Crisps,true,Title,Default Title,,,,,,,,AYR-0493,0.0,,0,continue,manual,4.00,,true,true,,,,,,https://cdn.shopify.com/s/files/1/0819/7885/1544/files/cp0il--nice_20tomato_20ketchup_20natural_20potato_20chips_2080_20g.png?v=1781343659,1,Nice Tomato Ketchup Natural Potato Chips 80 g,false,,,,,,,,,,kg,,,active
nice-paprika-natural-potato-chips-80-g,Nice Paprika Natural Potato Chips 80 g,"",Ayira Mini Mart,,Chips & Crisps,Chips & Crisps,true,Title,Default Title,,,,,,,,AYR-0492,0.0,,0,continue,manual,4.00,,true,true,,,,,,https://cdn.shopify.com/s/files/1/0819/7885/1544/files/7urxur-nice_20paprika_20natural_20potato_20chips_2080_20g.png?v=1781343658,1,Nice Paprika Natural Potato Chips 80 g,false,,,,,,,,,,kg,,,active
nice-french-cheese-natural-potato-chips-80-g,Nice French Cheese Natural Potato Chips 80 g,"",Ayira Mini Mart,,Chips & Crisps,Chips & Crisps,true,Title,Default Title,,,,,,,,AYR-0491,0.0,,0,continue,manual,4.00,,true,true,,,,,,https://cdn.shopify.com/s/files/1/0819/7885/1544/files/yydmn0-nice_20french_20cheese_20natural_20potato_20chips_2080_20g.png?v=1781343657,1,Nice French Cheese Natural Potato Chips 80 g,false,,,,,,,,,,kg,,,active
nice-salt-vinegar-natural-potato-chips-167-g,Nice Salt & Vinegar Natural Potato Chips 167 g,"",Ayira Mini Mart,,Chips & Crisps,Chips & Crisps,true,Title,Default Title,,,,,,,,AYR-0490,0.0,,0,continue,manual,7.00,,true,true,,,,,,https://cdn.shopify.com/s/files/1/0819/7885/1544/files/sfyqe6-nice_20salt_20.png?v=1781343657,1,Nice Salt & Vinegar Natural Potato Chips 167 g,false,,,,,,,,,,kg,,,active
nice-paprika-natural-potato-chips-167-g,Nice Paprika Natural Potato Chips 167 g,"",Ayira Mini Mart,,Chips & Crisps,Chips & Crisps,true,Title,Default Title,,,,,,,,AYR-0489,0.0,,0,continue,manual,7.00,,true,true,,,,,,https://cdn.shopify.com/s/files/1/0819/7885/1544/files/io-s0-nice_20paprika_20natural_20potato_20chips_20167_20g.png?v=1781343656,1,Nice Paprika Natural Potato Chips 167 g,false,,,,,,,,,,kg,,,active
nice-lightly-salted-natural-potato-chips-167-g,Nice Lightly Salted Natural Potato Chips 167 g,"",Ayira Mini Mart,,Chips & Crisps,Chips & Crisps,true,Title,Default Title,,,,,,,,AYR-0488,0.0,,0,continue,manual,7.00,,true,true,,,,,,https://cdn.shopify.com/s/files/1/0819/7885/1544/files/ll73wt-nice_20lightly_20salted_20natural_20potato_20chips_20167_20g.png?v=1781343655,1,Nice Lightly Salted Natural Potato Chips 167 g,false,,,,,,,,,,kg,,,active
nice-hot-spicy-natural-potato-chips-167-g,Nice Hot & Spicy Natural Potato Chips 167 g,"",Ayira Mini Mart,,Chips & Crisps,Chips & Crisps,true,Title,Default Title,,,,,,,,AYR-0487,0.0,,0,continue,manual,7.00,,true,true,,,,,,https://cdn.shopify.com/s/files/1/0819/7885/1544/files/m-lb36-nice_20hot_20.png?v=1781343655,1,Nice Hot & Spicy Natural Potato Chips 167 g,false,,,,,,,,,,kg,,,active
al-mudhish-potato-rings-salsa-flavour-15-g,Al Mudhish Potato Rings – Salsa Flavour 15 g,"",Ayira Mini Mart,,Chips & Crisps,Chips & Crisps,true,Title,Default Title,,,,,,,,AYR-0486,0.0,,0,continue,manual,1.00,,true,true,,,,,,https://cdn.shopify.com/s/files/1/0819/7885/1544/files/idp-ny-al_20mudhish_20potato_20rings_20_E2_80_93_20salsa_20flavour_2015_20g.png?v=1781343654,1,Al Mudhish Potato Rings – Salsa Flavour 15 g,false,,,,,,,,,,kg,,,active
batatos-smokey-bbq-15-g,Batatos Smokey BBQ 15 g,"",Ayira Mini Mart,,Chips & Crisps,Chips & Crisps,true,Title,Default Title,,,,,,,,AYR-0485,0.0,,0,continue,manual,1.00,,true,true,,,,,,https://cdn.shopify.com/s/files/1/0819/7885/1544/files/mvugis-batatos_20smokey_20bbq_2015_20gm.png?v=1781343653,1,Batatos Smokey BBQ 15 g,false,,,,,,,,,,kg,,,active
qatar-pafki-15-g,Qatar Pafki 15 g,"",Ayira Mini Mart,,Chips & Crisps,Chips & Crisps,true,Title,Default Title,,,,,,,,AYR-0484,0.0,,0,continue,manual,1.00,,true,true,,,,,,https://cdn.shopify.com/s/files/1/0819/7885/1544/files/xz4o48-qatar_20pafki_2015_20g.png?v=1781343652,1,Qatar Pafki 15 g,false,,,,,,,,,,kg,,,active
al-mudish-tortilla-chips-pizza-flavour-20-g,Al Mudish Tortilla Chips – Pizza Flavour 20 g,"",Ayira Mini Mart,,Chips & Crisps,Chips & Crisps,true,Title,Default Title,,,,,,,,AYR-0483,0.0,,0,continue,manual,1.00,,true,true,,,,,,https://cdn.shopify.com/s/files/1/0819/7885/1544/files/hrjjty-al_20mudish_20tortilla_20chips_20_E2_80_93_20pizza_20flavour_2020_20g.png?v=1781343651,1,Al Mudish Tortilla Chips – Pizza Flavour 20 g,false,,,,,,,,,,kg,,,active
sohar-chips-22-g,Sohar Chips 22 g,"",Ayira Mini Mart,,Chips & Crisps,Chips & Crisps,true,Title,Default Title,,,,,,,,AYR-0482,0.0,,0,continue,manual,2.00,,true,true,,,,,,https://cdn.shopify.com/s/files/1/0819/7885/1544/files/i34yd--sohar_20chips_2022_20g.png?v=1781343650,1,Sohar Chips 22 g,false,,,,,,,,,,kg,,,active
suroor-natural-potato-chips-salt-vinegar-14-g,Suroor Natural Potato Chips Salt & Vinegar 14 g,"",Ayira Mini Mart,,Chips & Crisps,Chips & Crisps,true,Title,Default Title,,,,,,,,AYR-0481,0.0,,0,continue,manual,1.00,,true,true,,,,,,https://cdn.shopify.com/s/files/1/0819/7885/1544/files/1shvp9-suroor_20natural_20potato_20chips_20salt_20.png?v=1781343650,1,Suroor Natural Potato Chips Salt & Vinegar 14 g,false,,,,,,,,,,kg,,,active
suroor-natural-potato-chips-tomato-ketchup-14-g,Suroor Natural Potato Chips Tomato Ketchup 14 g,"",Ayira Mini Mart,,Chips & Crisps,Chips & Crisps,true,Title,Default Title,,,,,,,,AYR-0480,0.0,,0,continue,manual,1.00,,true,true,,,,,,https://cdn.shopify.com/s/files/1/0819/7885/1544/files/x08q1m-suroor_20natural_20potato_20chips_20tomato_20ketchup_2014_20g.png?v=1781343649,1,Suroor Natural Potato Chips Tomato Ketchup 14 g,false,,,,,,,,,,kg,,,active
al-mudhish-potato-chips-ripples-crunch-sour-cream-onion-flavour-15-g,Al Mudhish Potato Chips Ripples Crunch Sour Cream & Onion Flavour 15 g,"",Ayira Mini Mart,,Chips & Crisps,Chips & Crisps,true,Title,Default Title,,,,,,,,AYR-0479,0.0,,0,continue,manual,1.00,,true,true,,,,,,https://cdn.shopify.com/s/files/1/0819/7885/1544/files/1wuwwg-al_20mudhish_20potato_20chips_20ripples_20crunch_20sour_20cream_20.png?v=1781343648,1,Al Mudhish Potato Chips Ripples Crunch Sour Cream & Onion Flavour 15 g,false,,,,,,,,,,kg,,,active
suroor-natural-potato-chips-chilli-14-g,Suroor Natural Potato Chips Chilli 14 g,"",Ayira Mini Mart,,Chips & Crisps,Chips & Crisps,true,Title,Default Title,,,,,,,,AYR-0478,0.0,,0,continue,manual,1.00,,true,true,,,,,,https://cdn.shopify.com/s/files/1/0819/7885/1544/files/lcumdg-suroor_20natural_20potato_20chips_20chilli_2014_20g.png?v=1781343649,1,Suroor Natural Potato Chips Chilli 14 g,false,,,,,,,,,,kg,,,active
suroor-natural-potato-chips-ready-salted-14-g,Suroor Natural Potato Chips Ready Salted 14 g,"",Ayira Mini Mart,,Chips & Crisps,Chips & Crisps,true,Title,Default Title,,,,,,,,AYR-0477,0.0,,0,continue,manual,1.00,,true,true,,,,,,https://cdn.shopify.com/s/files/1/0819/7885/1544/files/aix14-suroor_20natural_20potato_20chips_20ready_20salted_2014_20g.png?v=1781343646,1,Suroor Natural Potato Chips Ready Salted 14 g,false,,,,,,,,,,kg,,,active
doritos-spicy-sweet-chili-flavoured,Doritos Spicy Sweet Chili Flavoured,"",Ayira Mini Mart,,Chips & Crisps,Chips & Crisps,true,Title,Default Title,,,,,,,,AYR-0476,0.0,,0,continue,manual,9.00,,true,true,,,,,,https://cdn.shopify.com/s/files/1/0819/7885/1544/files/9fc1y7-doritos_20spicy_20sweet_20chili_20flavored_2092.1_20g_0b79d3b5-b076-4fd9-9bc9-9bea7a800efd.png?v=1781343646,1,Doritos Spicy Sweet Chili Flavoured,false,,,,,,,,,,kg,,,active
al-batal-potato-chips-salt-flavour-12g,Al Batal Potato Chips Salt Flavour 12g,"",Ayira Mini Mart,,Chips & Crisps,Chips & Crisps,true,Title,Default Title,,,,,,,,AYR-0475,0.0,,0,continue,manual,1.00,,true,true,,,,,,https://cdn.shopify.com/s/files/1/0819/7885/1544/files/ni81g9-al_20mudhish_20potato_20chips_20salt_bbc8a4c8-c785-404d-8c9d-60482519d9e3.jpg?v=1781343645,1,Al Batal Potato Chips Salt Flavour 12g,false,,,,,,,,,,kg,,,active
al-batal-potato-chips-cheese-flavour-12g,Al Batal Potato Chips Cheese Flavour 12g,"",Ayira Mini Mart,,Chips & Crisps,Chips & Crisps,true,Title,Default Title,,,,,,,,AYR-0474,0.0,,0,continue,manual,1.00,,true,true,,,,,,https://cdn.shopify.com/s/files/1/0819/7885/1544/files/l0adr3-al_20batal_20cheese_20flavour_20110_20gm.png?v=1781343645,1,Al Batal Potato Chips Cheese Flavour 12g,false,,,,,,,,,,kg,,,active
al-batal-potato-chips-ketchup-flavour-12g,Al Batal Potato Chips Ketchup Flavour 12g,"",Ayira Mini Mart,,Chips & Crisps,Chips & Crisps,true,Title,Default Title,,,,,,,,AYR-0473,0.0,,0,continue,manual,1.00,,true,true,,,,,,https://cdn.shopify.com/s/files/1/0819/7885/1544/files/aqmdkf-al_20batal_20ketchup_20flavour_20110_20gm.png?v=1781343644,1,Al Batal Potato Chips Ketchup Flavour 12g,false,,,,,,,,,,kg,,,active
al-batal-salt-vinegar-potato-chips-12g,Al Batal Salt & Vinegar Potato Chips 12g,"",Ayira Mini Mart,,Chips & Crisps,Chips & Crisps,true,Title,Default Title,,,,,,,,AYR-0472,0.0,,0,continue,manual,1.00,,true,true,,,,,,https://cdn.shopify.com/s/files/1/0819/7885/1544/files/ni81g9-al_20mudhish_20potato_20chips_20salt_c568b5b5-8f39-4233-9c7c-b86ea6807ba7.jpg?v=1781343643,1,Al Batal Salt & Vinegar Potato Chips 12g,false,,,,,,,,,,kg,,,active
mazoon-snack-20g,Mazoon Snack 20g,"",Ayira Mini Mart,,Chips & Crisps,Chips & Crisps,true,Title,Default Title,,,,,,,,AYR-0471,0.0,,0,continue,manual,1.00,,true,true,,,,,,https://cdn.shopify.com/s/files/1/0819/7885/1544/files/esez40-mazoon_2020_20g.png?v=1781343642,1,Mazoon Snack 20g,false,,,,,,,,,,kg,,,active
mexita-sweet-chilli-pepper-tortilla-chips-40g,Mexita Sweet Chilli Pepper Tortilla Chips 40g,"",Ayira Mini Mart,,Chips & Crisps,Chips & Crisps,true,Title,Default Title,,,,,,,,AYR-0470,0.0,,0,continue,manual,2.50,,true,true,,,,,,https://cdn.shopify.com/s/files/1/0819/7885/1544/files/n-7mfg-mexita_20sweet_20chilli_20pepper_20tortilla_20chips_2040_20g.png?v=1781343641,1,Mexita Sweet Chilli Pepper Tortilla Chips 40g,false,,,,,,,,,,kg,,,active
mexita-hot-chilli-lime-tortilla-chips-40g,Mexita Hot Chilli & Lime Tortilla Chips 40g,"",Ayira Mini Mart,,Chips & Crisps,Chips & Crisps,true,Title,Default Title,,,,,,,,AYR-0469,0.0,,0,continue,manual,2.50,,true,true,,,,,,https://cdn.shopify.com/s/files/1/0819/7885/1544/files/pr3qpo-mexita_20hot_20chilli_20.png?v=1781343641,1,Mexita Hot Chilli & Lime Tortilla Chips 40g,false,,,,,,,,,,kg,,,active
chilli-out-fire-fingers-spicy-lemon-60g,Chilli Out Fire Fingers Spicy Lemon 60g,"",Ayira Mini Mart,,Chips & Crisps,Chips & Crisps,true,Title,Default Title,,,,,,,,AYR-0468,0.0,,0,continue,manual,2.50,,true,true,,,,,,https://cdn.shopify.com/s/files/1/0819/7885/1544/files/aoon65-chilli_20out_20fire_20fingers_20spicy_20lemon_2060_20gm.jpg?v=1781343640,1,Chilli Out Fire Fingers Spicy Lemon 60g,false,,,,,,,,,,kg,,,active
chilli-out-fire-fingers-spicy-honey-60g,Chilli Out Fire Fingers Spicy Honey 60g,"",Ayira Mini Mart,,Chips & Crisps,Chips & Crisps,true,Title,Default Title,,,,,,,,AYR-0467,0.0,,0,continue,manual,2.50,,true,true,,,,,,https://cdn.shopify.com/s/files/1/0819/7885/1544/files/ch50j9-chilli_20out_20fire_20fingers_20spicy_20honey_2060_20gm.jpg?v=1781343639,1,Chilli Out Fire Fingers Spicy Honey 60g,false,,,,,,,,,,kg,,,active
chilli-out-fire-fingers-spicy-masala-60g,Chilli Out Fire Fingers Spicy Masala 60g,"",Ayira Mini Mart,,Chips & Crisps,Chips & Crisps,true,Title,Default Title,,,,,,,,AYR-0466,0.0,,0,continue,manual,2.50,,true,true,,,,,,https://cdn.shopify.com/s/files/1/0819/7885/1544/files/mr58rg-chilli_20out_20fire_20fingers_20spicy_20masala_2060_20g.jpg?v=1781343638,1,Chilli Out Fire Fingers Spicy Masala 60g,false,,,,,,,,,,kg,,,active
al-mudhish-natural-potato-sticks-75g,Al Mudhish Natural Potato Sticks 75g,"",Ayira Mini Mart,,Chips & Crisps,Chips & Crisps,true,Title,Default Title,,,,,,,,AYR-0465,0.0,,0,continue,manual,4.00,,true,true,,,,,,https://cdn.shopify.com/s/files/1/0819/7885/1544/files/cdhpg5-al_20mudhish_20natural_20potato_20sticks_2075_20g.png?v=1781343638,1,Al Mudhish Natural Potato Sticks 75g,false,,,,,,,,,,kg,,,active
abc-salt-vinegar-chips-80g,ABC Salt & Vinegar Chips 80g,"",Ayira Mini Mart,,Chips & Crisps,Chips & Crisps,true,Title,Default Title,,,,,,,,AYR-0464,0.0,,0,continue,manual,4.00,,true,true,,,,,,https://cdn.shopify.com/s/files/1/0819/7885/1544/files/2q54bw-abc_20salt_20.png?v=1781343637,1,ABC Salt & Vinegar Chips 80g,false,,,,,,,,,,kg,,,active
al-mudhish-potato-ripples-crunch-sour-cream-onion-flavour-75g,Al Mudhish Potato Ripples Crunch Sour Cream & Onion Flavour 75g,"",Ayira Mini Mart,,Chips & Crisps,Chips & Crisps,true,Title,Default Title,,,,,,,,AYR-0463,0.0,,0,continue,manual,4.00,,true,true,,,,,,https://cdn.shopify.com/s/files/1/0819/7885/1544/files/g8u7s3-al_20mudhish_20potato_20ripples_20crunch_20sour_20cream_20.png?v=1781343636,1,Al Mudhish Potato Ripples Crunch Sour Cream & Onion Flavour 75g,false,,,,,,,,,,kg,,,active
lays-original-taste-155g,LAYS Original Taste 155g,"",Ayira Mini Mart,,Chips & Crisps,Chips & Crisps,true,Title,Default Title,,,,,,,,AYR-0462,0.0,,0,continue,manual,10.00,,true,true,,,,,,https://cdn.shopify.com/s/files/1/0819/7885/1544/files/qd-cl9-lays_20original_20taste_20155_20g.png?v=1781343635,1,LAYS Original Taste 155g,false,,,,,,,,,,kg,,,active
wrigley-s-doublemint-chewing-gum-5-sticks,Wrigley’s Doublemint Chewing Gum 5 Sticks,"",Ayira Mini Mart,,Gums,Gums,true,Title,Default Title,,,,,,,,AYR-0461,0.0,,0,continue,manual,2.50,,true,true,,,,,,https://cdn.shopify.com/s/files/1/0819/7885/1544/files/7hhlu9-wrigley_E2_80_99s_20doublemint_20chewing_20gum_205_20sticks.png?v=1781343635,1,Wrigley’s Doublemint Chewing Gum 5 Sticks,false,,,,,,,,,,kg,,,active
extra-watermelon-flavour-chewing-gum-14g,Extra Watermelon Flavour Chewing Gum 14g,"",Ayira Mini Mart,,Gums,Gums,true,Title,Default Title,,,,,,,,AYR-0460,0.0,,0,continue,manual,2.50,,true,true,,,,,,https://cdn.shopify.com/s/files/1/0819/7885/1544/files/iu1ixq-extra_20watermelon_20flavour_2014_20gm.png?v=1781343634,1,Extra Watermelon Flavour Chewing Gum 14g,false,,,,,,,,,,kg,,,active
extra-strawberry-flavour-chewing-gum-14g,Extra Strawberry Flavour Chewing Gum 14g,"",Ayira Mini Mart,,Gums,Gums,true,Title,Default Title,,,,,,,,AYR-0459,0.0,,0,continue,manual,2.50,,true,true,,,,,,https://cdn.shopify.com/s/files/1/0819/7885/1544/files/qkq293-extra_20strawberry_20flavour_2014_20gm.png?v=1781343633,1,Extra Strawberry Flavour Chewing Gum 14g,false,,,,,,,,,,kg,,,active
airwaves-chewing-gum-14g,Airwaves Chewing Gum 14g,"",Ayira Mini Mart,,Gums,Gums,true,Title,Default Title,,,,,,,,AYR-0458,0.0,,0,continue,manual,2.50,,true,true,,,,,,https://cdn.shopify.com/s/files/1/0819/7885/1544/files/kbfllb-airwaves_2014_20gm.png?v=1781343632,1,Airwaves Chewing Gum 14g,false,,,,,,,,,,kg,,,active
extra-spearmint-flavour-chewing-gum-14g,Extra Spearmint Flavour Chewing Gum 14g,"",Ayira Mini Mart,,Gums,Gums,true,Title,Default Title,,,,,,,,AYR-0457,0.0,,0,continue,manual,2.50,,true,true,,,,,,https://cdn.shopify.com/s/files/1/0819/7885/1544/files/e8ugm3-extra_20spearmint_20flavour_2014_20gm.png?v=1781343631,1,Extra Spearmint Flavour Chewing Gum 14g,false,,,,,,,,,,kg,,,active
extra-peppermint-flavour-chewing-gum-14g,Extra Peppermint Flavour Chewing Gum 14g,"",Ayira Mini Mart,,Gums,Gums,true,Title,Default Title,,,,,,,,AYR-0456,0.0,,0,continue,manual,2.50,,true,true,,,,,,https://cdn.shopify.com/s/files/1/0819/7885/1544/files/irxcop-extra_20peppermint_20flavour_2014_20gm.png?v=1781343630,1,Extra Peppermint Flavour Chewing Gum 14g,false,,,,,,,,,,kg,,,active
extra-bubblemint-flavour-chewing-gum-14g,Extra Bubblemint Flavour Chewing Gum 14g,"",Ayira Mini Mart,,Gums,Gums,true,Title,Default Title,,,,,,,,AYR-0455,0.0,,0,continue,manual,2.50,,true,true,,,,,,https://cdn.shopify.com/s/files/1/0819/7885/1544/files/1tf3k6-extra_20bubblemint_20flavour_2014_20gm.png?v=1781343629,1,Extra Bubblemint Flavour Chewing Gum 14g,false,,,,,,,,,,kg,,,active
extra-mega-peppermint-chewing-gum-23-cubes,Extra Mega Peppermint Chewing Gum 23 Cubes,"",Ayira Mini Mart,,Gums,Gums,true,Title,Default Title,,,,,,,,AYR-0454,0.0,,0,continue,manual,12.50,,true,true,,,,,,https://cdn.shopify.com/s/files/1/0819/7885/1544/files/ipzi97-extra_20mega_20peppermint_2023_20cubes.png?v=1781343629,1,Extra Mega Peppermint Chewing Gum 23 Cubes,false,,,,,,,,,,kg,,,active
airwaves-chewing-gum-40-pcs,Airwaves Chewing Gum 40 pcs,"",Ayira Mini Mart,,Gums,Gums,true,Title,Default Title,,,,,,,,AYR-0453,0.0,,0,continue,manual,12.00,,true,true,,,,,,https://cdn.shopify.com/s/files/1/0819/7885/1544/files/zpy949-airwaves_2040_20pcs.png?v=1781343628,1,Airwaves Chewing Gum 40 pcs,false,,,,,,,,,,kg,,,active
extra-mega-spearmint-chewing-gum-23-cubes,Extra Mega Spearmint Chewing Gum 23 Cubes,"",Ayira Mini Mart,,Gums,Gums,true,Title,Default Title,,,,,,,,AYR-0452,0.0,,0,continue,manual,12.50,,true,true,,,,,,https://cdn.shopify.com/s/files/1/0819/7885/1544/files/91jguh-extra_20mega_20spearmint_2023_20cubes.png?v=1781343627,1,Extra Mega Spearmint Chewing Gum 23 Cubes,false,,,,,,,,,,kg,,,active
extra-refreshers-spearmint-flavour-sugar-free-30-pcs,Extra Refreshers Spearmint Flavour Sugar Free 30 pcs,"",Ayira Mini Mart,,Gums,Gums,true,Title,Default Title,,,,,,,,AYR-0451,0.0,,0,continue,manual,16.00,,true,true,,,,,,https://cdn.shopify.com/s/files/1/0819/7885/1544/files/n9s51j-extra_20refreshers_20spearmint_20flavour_20sugar_20free_2030_20pcs.png?v=1781343626,1,Extra Refreshers Spearmint Flavour Sugar Free 30 pcs,false,,,,,,,,,,kg,,,active
extra-strawberry-flavour-60-pcs,Extra Strawberry Flavour 60 pcs,"",Ayira Mini Mart,,Gums,Gums,true,Title,Default Title,,,,,,,,AYR-0450,0.0,,0,continue,manual,15.00,,true,true,,,,,,https://cdn.shopify.com/s/files/1/0819/7885/1544/files/5cg3ak-extra_20strawberry_20flavour_2060_20pcs.png?v=1781343626,1,Extra Strawberry Flavour 60 pcs,false,,,,,,,,,,kg,,,active
extra-refreshers-watermelon-raspberry-flavour-sugar-free-30-pcs,Extra Refreshers Watermelon Raspberry Flavour Sugar Free 30 pcs,"",Ayira Mini Mart,,Gums,Gums,true,Title,Default Title,,,,,,,,AYR-0449,0.0,,0,continue,manual,16.00,,true,true,,,,,,https://cdn.shopify.com/s/files/1/0819/7885/1544/files/1xueni-extra_20refreshers_20watermelon_20raspberry_20flavour_20sugar_20free_2030_20pcs.png?v=1781343625,1,Extra Refreshers Watermelon Raspberry Flavour Sugar Free 30 pcs,false,,,,,,,,,,kg,,,active
extra-blueberry-flavour-60-pcs,Extra Blueberry Flavour 60 pcs,"",Ayira Mini Mart,,Gums,Gums,true,Title,Default Title,,,,,,,,AYR-0448,0.0,,0,continue,manual,15.00,,true,true,,,,,,https://cdn.shopify.com/s/files/1/0819/7885/1544/files/vjsg2g-extra_20blueberry_20flavour_2060_20pcs.png?v=1781343624,1,Extra Blueberry Flavour 60 pcs,false,,,,,,,,,,kg,,,active
extra-refreshers-bubblemint-flavour-sugar-free-30-pcs,Extra Refreshers Bubblemint Flavour Sugar Free 30 pcs,"",Ayira Mini Mart,,Gums,Gums,true,Title,Default Title,,,,,,,,AYR-0447,0.0,,0,continue,manual,15.00,,true,true,,,,,,https://cdn.shopify.com/s/files/1/0819/7885/1544/files/drmtna-extra_20refreshers_20bubblemint_20flavour_20sugar_20free_2030_20pcs.png?v=1781343623,1,Extra Refreshers Bubblemint Flavour Sugar Free 30 pcs,false,,,,,,,,,,kg,,,active
extra-watermelon-flavour-60-pcs,Extra Watermelon Flavour 60 pcs,"",Ayira Mini Mart,,Gums,Gums,true,Title,Default Title,,,,,,,,AYR-0446,0.0,,0,continue,manual,15.00,,true,true,,,,,,https://cdn.shopify.com/s/files/1/0819/7885/1544/files/iqwlfh-extra_20watermelon_20flavour_2060_20pcs.png?v=1781343623,1,Extra Watermelon Flavour 60 pcs,false,,,,,,,,,,kg,,,active
extra-bubblemint-flavour-60-pcs,Extra Bubblemint Flavour 60 pcs,"",Ayira Mini Mart,,Gums,Gums,true,Title,Default Title,,,,,,,,AYR-0445,0.0,,0,continue,manual,15.00,,true,true,,,,,,https://cdn.shopify.com/s/files/1/0819/7885/1544/files/mqv1zm-extra_20bubblemint_20flavour_2060_20pcs.png?v=1781343622,1,Extra Bubblemint Flavour 60 pcs,false,,,,,,,,,,kg,,,active
airwaves-chewing-gum-46-pcs,Airwaves Chewing Gum 46 pcs,"",Ayira Mini Mart,,Gums,Gums,true,Title,Default Title,,,,,,,,AYR-0444,0.0,,0,continue,manual,12.00,,true,true,,,,,,https://cdn.shopify.com/s/files/1/0819/7885/1544/files/e7s8fp-airwaves_2046_20pcs.png?v=1781343621,1,Airwaves Chewing Gum 46 pcs,false,,,,,,,,,,kg,,,active
extra-spearmint-flavour-60-pcs,Extra Spearmint Flavour 60 pcs,"",Ayira Mini Mart,,Gums,Gums,true,Title,Default Title,,,,,,,,AYR-0443,0.0,,0,continue,manual,15.00,,true,true,,,,,,https://cdn.shopify.com/s/files/1/0819/7885/1544/files/3imal8-extra_20spearmint_20flavour_2060_20pcs.png?v=1781343620,1,Extra Spearmint Flavour 60 pcs,false,,,,,,,,,,kg,,,active
extra-refreshers-tropical-flavour-sugar-free-30-pcs,Extra Refreshers Tropical Flavour Sugar Free 30 pcs,"",Ayira Mini Mart,,Gums,Gums,true,Title,Default Title,,,,,,,,AYR-0442,0.0,,0,continue,manual,16.00,,true,true,,,,,,https://cdn.shopify.com/s/files/1/0819/7885/1544/files/tqq6lm-extra_20refreshers_20tropical_20flavour_20sugar_20free_2030_20pcs.png?v=1781343620,1,Extra Refreshers Tropical Flavour Sugar Free 30 pcs,false,,,,,,,,,,kg,,,active
extra-peppermint-flavour-sugar-free-60-pcs,Extra Peppermint Flavour Sugar Free 60 pcs,"",Ayira Mini Mart,,Gums,Gums,true,Title,Default Title,,,,,,,,AYR-0441,0.0,,0,continue,manual,15.00,,true,true,,,,,,https://cdn.shopify.com/s/files/1/0819/7885/1544/files/4t-pr9-extra_20peppermint_20flavour_20sugar_20free_2060_20pcs.png?v=1781343619,1,Extra Peppermint Flavour Sugar Free 60 pcs,false,,,,,,,,,,kg,,,active
extra-refreshers-strawberry-citrus-sugar-free-30-pcs,Extra Refreshers Strawberry Citrus Sugar Free 30 pcs,"",Ayira Mini Mart,,Gums,Gums,true,Title,Default Title,,,,,,,,AYR-0440,0.0,,0,continue,manual,16.00,,true,true,,,,,,https://cdn.shopify.com/s/files/1/0819/7885/1544/files/wa-th0-extra_20refreshers_20strawberry_20citrus_20flavour_2030_20piece_20sugar_20free.png?v=1781343618,1,Extra Refreshers Strawberry Citrus Sugar Free 30 pcs,false,,,,,,,,,,kg,,,active
raja-potato-crunchies-ketchup-12g,Raja Potato Crunchies Ketchup 12g,"",Ayira Mini Mart,,Chips & Crisps,Chips & Crisps,true,Title,Default Title,,,,,,,,AYR-0439,0.0,,0,continue,manual,1.00,,true,true,,,,,,https://cdn.shopify.com/s/files/1/0819/7885/1544/files/7rxu99-raja_20potatoes_20crunchies_20ketchup_2012.png?v=1781343618,1,Raja Potato Crunchies Ketchup 12g,false,,,,,,,,,,kg,,,active
al-mudhish-ripples-chips-15g,Al Mudhish Ripples Chips 15g,"",Ayira Mini Mart,,Chips & Crisps,Chips & Crisps,true,Title,Default Title,,,,,,,,AYR-0438,0.0,,0,continue,manual,1.00,,true,true,,,,,,https://cdn.shopify.com/s/files/1/0819/7885/1544/files/fkl4yt-al_20mudhish_20potato_20chips_20ripples_20crunch_20sour_20cream_20_a1634e82-836e-429e-bec1-02494f53c3b2.png?v=1781343617,1,Al Mudhish Ripples Chips 15g,false,,,,,,,,,,kg,,,active
rubiyan-corn-stick-spicy-cheese-flavour-18g,Rubiyan Corn Stick Spicy Cheese Flavour 18g,"",Ayira Mini Mart,,Chips & Crisps,Chips & Crisps,true,Title,Default Title,,,,,,,,AYR-0437,0.0,,0,continue,manual,1.00,,true,true,,,,,,https://cdn.shopify.com/s/files/1/0819/7885/1544/files/uqegj-rubiyan_20corn_20stick_20spicy_20cheese_20flavour_2018_20gm.png?v=1781343616,1,Rubiyan Corn Stick Spicy Cheese Flavour 18g,false,,,,,,,,,,kg,,,active
rubiyan-chips-spicy-cheese-flavour-20g,Rubiyan Chips Spicy Cheese Flavour 20g,"",Ayira Mini Mart,,Chips & Crisps,Chips & Crisps,true,Title,Default Title,,,,,,,,AYR-0436,0.0,,0,continue,manual,1.00,,true,true,,,,,,https://cdn.shopify.com/s/files/1/0819/7885/1544/files/2hpbd6-rubiyan_20chips_20spicy_20cheese_20flavour_2020_20gm.png?v=1781343615,1,Rubiyan Chips Spicy Cheese Flavour 20g,false,,,,,,,,,,kg,,,active
rubiyan-cheesy-flavour-18g,Rubiyan Cheesy Flavour 18g,"",Ayira Mini Mart,,Chips & Crisps,Chips & Crisps,true,Title,Default Title,,,,,,,,AYR-0435,0.0,,0,continue,manual,1.00,,true,true,,,,,,https://cdn.shopify.com/s/files/1/0819/7885/1544/files/rr7kgr-rubiyan_20cheesy_20flavour_2018_20gm.png?v=1781343615,1,Rubiyan Cheesy Flavour 18g,false,,,,,,,,,,kg,,,active
raja-potato-crunchies-12g,Raja Potato Crunchies 12g,"",Ayira Mini Mart,,Chips & Crisps,Chips & Crisps,true,Title,Default Title,,,,,,,,AYR-0434,0.0,,0,continue,manual,1.00,,true,true,,,,,,https://cdn.shopify.com/s/files/1/0819/7885/1544/files/eoxabu-raja_20potato_20crunchies_2012_20gm.png?v=1781343614,1,Raja Potato Crunchies 12g,false,,,,,,,,,,kg,,,active
molto-chips-ketchup-flavour-16g,Molto Chips Ketchup Flavour 16g,"",Ayira Mini Mart,,Chips & Crisps,Chips & Crisps,true,Title,Default Title,,,,,,,,AYR-0433,0.0,,0,continue,manual,1.00,,true,true,,,,,,https://cdn.shopify.com/s/files/1/0819/7885/1544/files/lkr9qt-molto_20chips_20ketchup_20flavour_2016_20gm.png?v=1781343613,1,Molto Chips Ketchup Flavour 16g,false,,,,,,,,,,kg,,,active
molto-chips-chilli-vinegar-flavour-16g,Molto Chips Chilli & Vinegar Flavour 16g,"",Ayira Mini Mart,,Chips & Crisps,Chips & Crisps,true,Title,Default Title,,,,,,,,AYR-0432,0.0,,0,continue,manual,1.00,,true,true,,,,,,https://cdn.shopify.com/s/files/1/0819/7885/1544/files/w89ixq-molto_20chips_20chilli_20.png?v=1781343613,1,Molto Chips Chilli & Vinegar Flavour 16g,false,,,,,,,,,,kg,,,active
balaji-chataka-pataka-spicy-rice-corn-snacks-75g,Balaji Chataka Pataka Spicy Rice & Corn Snacks 75g,"",Ayira Mini Mart,,Chips & Crisps,Chips & Crisps,true,Title,Default Title,,,,,,,,AYR-0431,0.0,,0,continue,manual,2.50,,true,true,,,,,,https://cdn.shopify.com/s/files/1/0819/7885/1544/files/23g4aa-balaji_20chataka_20pataka_20spicy_20rice_20.png?v=1781343612,1,Balaji Chataka Pataka Spicy Rice & Corn Snacks 75g,false,,,,,,,,,,kg,,,active
lay-s-flamin-hot-48g,Lay’s Flamin’ Hot 48g,"",Ayira Mini Mart,,Chips & Crisps,Chips & Crisps,true,Title,Default Title,,,,,,,,AYR-0430,0.0,,0,continue,manual,4.00,,true,true,,,,,,https://cdn.shopify.com/s/files/1/0819/7885/1544/files/l7joze-lay_E2_80_99s_20flamin_E2_80_99_20hot_2048_20gm.png?v=1781343611,1,Lay’s Flamin’ Hot 48g,false,,,,,,,,,,kg,,,active
lay-s-maxx-chicago-hot-wings-160g,Lay’s Maxx Chicago Hot Wings 160g,"",Ayira Mini Mart,,Chips & Crisps,Chips & Crisps,true,Title,Default Title,,,,,,,,AYR-0429,0.0,,0,continue,manual,10.00,,true,true,,,,,,https://cdn.shopify.com/s/files/1/0819/7885/1544/files/a9j-h6-lay_E2_80_99s_20maxx_20chicago_20hot_20wings_20160_20gm.png?v=1781343611,1,Lay’s Maxx Chicago Hot Wings 160g,false,,,,,,,,,,kg,,,active
lay-s-maxx-mexican-chilli-105g,Lay’s Maxx Mexican Chilli 105g,"",Ayira Mini Mart,,Chips & Crisps,Chips & Crisps,true,Title,Default Title,,,,,,,,AYR-0428,0.0,,0,continue,manual,8.00,,true,true,,,,,,https://cdn.shopify.com/s/files/1/0819/7885/1544/files/wxnwt9-lay_E2_80_99s_20maxx_20mexican_20chilli_20105_20gm.png?v=1781343610,1,Lay’s Maxx Mexican Chilli 105g,false,,,,,,,,,,kg,,,active
balaji-wafers-chataka-pataka-tomato-flavour-65g,Balaji Wafers Chataka Pataka Tomato Flavour 65g,"",Ayira Mini Mart,,Chips & Crisps,Chips & Crisps,true,Title,Default Title,,,,,,,,AYR-0427,0.0,,0,continue,manual,2.50,,true,true,,,,,,https://cdn.shopify.com/s/files/1/0819/7885/1544/files/rwreu6-balaji_20wafers_20chataka_20pataka_20tomato_20flavour_2065_20gm.png?v=1781343609,1,Balaji Wafers Chataka Pataka Tomato Flavour 65g,false,,,,,,,,,,kg,,,active
balaji-wafers-chataka-pataka-chilli-flavour-65g,Balaji Wafers Chataka Pataka Chilli Flavour 65g,"",Ayira Mini Mart,,Chips & Crisps,Chips & Crisps,true,Title,Default Title,,,,,,,,AYR-0426,0.0,,0,continue,manual,2.50,,true,true,,,,,,https://cdn.shopify.com/s/files/1/0819/7885/1544/files/3ih90t-balaji_20wafers_20chataka_20pataka_20chilli_20flavour_2065_20gm.png?v=1781343609,1,Balaji Wafers Chataka Pataka Chilli Flavour 65g,false,,,,,,,,,,kg,,,active
al-batal-popcorn-chilli-flavour-14g,Al Batal Popcorn Chilli Flavour 14g,"",Ayira Mini Mart,,Chips & Crisps,Chips & Crisps,true,Title,Default Title,,,,,,,,AYR-0425,0.0,,0,continue,manual,1.00,,true,true,,,,,,https://cdn.shopify.com/s/files/1/0819/7885/1544/files/i89y8o-al_20batal_20popcorn_20chilli_20flavour_2014_20gm.png?v=1781343608,1,Al Batal Popcorn Chilli Flavour 14g,false,,,,,,,,,,kg,,,active
dragos-cheddar-cheese-flavour-25g,Dragos Cheddar Cheese Flavour 25g,"",Ayira Mini Mart,,Chips & Crisps,Chips & Crisps,true,Title,Default Title,,,,,,,,AYR-0424,0.0,,0,continue,manual,2.00,,true,true,,,,,,https://cdn.shopify.com/s/files/1/0819/7885/1544/files/c-2jr0-dragos_20cheddar_20cheese_20flavour_2025_20gm.png?v=1781343607,1,Dragos Cheddar Cheese Flavour 25g,false,,,,,,,,,,kg,,,active
dragos-flamin-lime-flavour-25g,Dragos Flamin’ Lime Flavour 25g,"",Ayira Mini Mart,,Chips & Crisps,Chips & Crisps,true,Title,Default Title,,,,,,,,AYR-0423,0.0,,0,continue,manual,2.00,,true,true,,,,,,https://cdn.shopify.com/s/files/1/0819/7885/1544/files/xduba5-dragos_20flamin_E2_80_99_20lime_20flavour_2025_20gm.png?v=1781343606,1,Dragos Flamin’ Lime Flavour 25g,false,,,,,,,,,,kg,,,active
karkish-salt-vinegar-40g,Karkish Salt & Vinegar 40g,"",Ayira Mini Mart,,Chips & Crisps,Chips & Crisps,true,Title,Default Title,,,,,,,,AYR-0422,0.0,,0,continue,manual,2.50,,true,true,,,,,,https://cdn.shopify.com/s/files/1/0819/7885/1544/files/4-gk6b-karkish_20salt_20.png?v=1781343606,1,Karkish Salt & Vinegar 40g,false,,,,,,,,,,kg,,,active
dr-puffs-hot-cheese-18g,Dr Puffs Hot Cheese 18g,"",Ayira Mini Mart,,Chips & Crisps,Chips & Crisps,true,Title,Default Title,,,,,,,,AYR-0421,0.0,,0,continue,manual,1.00,,true,true,,,,,,https://cdn.shopify.com/s/files/1/0819/7885/1544/files/b0dt6z-dr_20puffs_20hot_20cheese_2018_20gm.png?v=1781343605,1,Dr Puffs Hot Cheese 18g,false,,,,,,,,,,kg,,,active
al-mudhish-potato-chips-ripples-sour-cream-onion-15g,Al Mudhish Potato Chips Ripples Sour Cream & Onion 15g,"",Ayira Mini Mart,,Chips & Crisps,Chips & Crisps,true,Title,Default Title,,,,,,,,AYR-0420,0.0,,0,continue,manual,1.00,,true,true,,,,,,https://cdn.shopify.com/s/files/1/0819/7885/1544/files/fkl4yt-al_20mudhish_20potato_20chips_20ripples_20crunch_20sour_20cream_20.png?v=1781343604,1,Al Mudhish Potato Chips Ripples Sour Cream & Onion 15g,false,,,,,,,,,,kg,,,active
al-mudhish-potato-chips-15g,Al Mudhish Potato Chips 15g,"",Ayira Mini Mart,,Chips & Crisps,Chips & Crisps,true,Title,Default Title,,,,,,,,AYR-0419,0.0,,0,continue,manual,1.00,,true,true,,,,,,https://cdn.shopify.com/s/files/1/0819/7885/1544/files/6f92jj-al_20mudhish_20potato_20chips_20salted_2015g_c9b042b8-0837-41a1-a0fb-6c962e508c2f.jpg?v=1781343604,1,Al Mudhish Potato Chips 15g,false,,,,,,,,,,kg,,,active
rubiyan-salt-vinegar-flavour-20g,Rubiyan Salt & Vinegar Flavour 20g,"",Ayira Mini Mart,,Chips & Crisps,Chips & Crisps,true,Title,Default Title,,,,,,,,AYR-0418,0.0,,0,continue,manual,1.00,,true,true,,,,,,https://cdn.shopify.com/s/files/1/0819/7885/1544/files/aytxf1-rubiyan_20salt_20.png?v=1781343604,1,Rubiyan Salt & Vinegar Flavour 20g,false,,,,,,,,,,kg,,,active
fonnzies-bbq-curry-best-flavoured-corn-snacks-24g,Fonnzies BBQ Curry Best Flavoured Corn Snacks 24g,"",Ayira Mini Mart,,Chips & Crisps,Chips & Crisps,true,Title,Default Title,,,,,,,,AYR-0417,0.0,,0,continue,manual,2.50,,true,true,,,,,,https://cdn.shopify.com/s/files/1/0819/7885/1544/files/0s9zj5-fonnzies_20bbq_20curry_20best_20flavoured_20corn_20snacks_2024_20g.jpg?v=1781343602,1,Fonnzies BBQ Curry Best Flavoured Corn Snacks 24g,false,,,,,,,,,,kg,,,active
fonnzies-chickenator-flavoured-corn-snacks-24g,Fonnzies Chickenator Flavoured Corn Snacks 24g,"",Ayira Mini Mart,,Chips & Crisps,Chips & Crisps,true,Title,Default Title,,,,,,,,AYR-0416,0.0,,0,continue,manual,2.50,,true,true,,,,,,https://cdn.shopify.com/s/files/1/0819/7885/1544/files/9h0arm-fonnzies_20chickenator_20flavoured_20corn_20snacks_2024_20g.jpg?v=1781343601,1,Fonnzies Chickenator Flavoured Corn Snacks 24g,false,,,,,,,,,,kg,,,active
cheetos-flamin-hot-crunchy-lime-50g,Cheetos Flamin’ Hot Crunchy Lime 50g,"",Ayira Mini Mart,,Chips & Crisps,Chips & Crisps,true,Title,Default Title,,,,,,,,AYR-0415,0.0,,0,continue,manual,4.00,,true,true,,,,,,https://cdn.shopify.com/s/files/1/0819/7885/1544/files/md019n-cheetos_20flamin_27_20hot_20crunchy_20lime_2050_20g.png?v=1781343601,1,Cheetos Flamin’ Hot Crunchy Lime 50g,false,,,,,,,,,,kg,,,active
cheetos-flamin-hot-crunchy-25g,Cheetos Flamin’ Hot Crunchy 25g,"",Ayira Mini Mart,,Chips & Crisps,Chips & Crisps,true,Title,Default Title,,,,,,,,AYR-0414,0.0,,0,continue,manual,2.00,,true,true,,,,,,https://cdn.shopify.com/s/files/1/0819/7885/1544/files/0pwuxc-cheetos_20flamin_27_20hot_20crunchy_2025_20g.png?v=1781343600,1,Cheetos Flamin’ Hot Crunchy 25g,false,,,,,,,,,,kg,,,active
cheetos-crunchy-35-4g,Cheetos Crunchy 35.4g,"",Ayira Mini Mart,,Chips & Crisps,Chips & Crisps,true,Title,Default Title,,,,,,,,AYR-0413,0.0,,0,continue,manual,3.50,,true,true,,,,,,https://cdn.shopify.com/s/files/1/0819/7885/1544/files/8ua65e-cheetos_20crunchy_2035.4_20g.png?v=1781343600,1,Cheetos Crunchy 35.4g,false,,,,,,,,,,kg,,,active
doritos-spicy-sweet-chili-flavored-92-1g,Doritos Spicy Sweet Chili Flavored 92.1g,"",Ayira Mini Mart,,Chips & Crisps,Chips & Crisps,true,Title,Default Title,,,,,,,,AYR-0412,0.0,,0,continue,manual,9.00,,true,true,,,,,,https://cdn.shopify.com/s/files/1/0819/7885/1544/files/9fc1y7-doritos_20spicy_20sweet_20chili_20flavored_2092.1_20g.png?v=1781343599,1,Doritos Spicy Sweet Chili Flavored 92.1g,false,,,,,,,,,,kg,,,active
bliss-veggie-chips-original-135g,Bliss Veggie Chips Original 135g,"",Ayira Mini Mart,,Chips & Crisps,Chips & Crisps,true,Title,Default Title,,,,,,,,AYR-0411,0.0,,0,continue,manual,13.00,,true,true,,,,,,https://cdn.shopify.com/s/files/1/0819/7885/1544/files/l62oka-bliss_20veggie_20chips_20original_20135_20g.png?v=1781343598,1,Bliss Veggie Chips Original 135g,false,,,,,,,,,,kg,,,active
bliss-veggie-straws-original-135g,Bliss Veggie Straws Original 135g,"",Ayira Mini Mart,,Chips & Crisps,Chips & Crisps,true,Title,Default Title,,,,,,,,AYR-0410,0.0,,0,continue,manual,13.00,,true,true,,,,,,https://cdn.shopify.com/s/files/1/0819/7885/1544/files/mhjkws-bliss_20veggie_20straws_20original_20135_20g.png?v=1781343598,1,Bliss Veggie Straws Original 135g,false,,,,,,,,,,kg,,,active
bliss-hummus-chips-original-135g,Bliss Hummus Chips Original 135g,"",Ayira Mini Mart,,Chips & Crisps,Chips & Crisps,true,Title,Default Title,,,,,,,,AYR-0409,0.0,,0,continue,manual,13.00,,true,true,,,,,,https://cdn.shopify.com/s/files/1/0819/7885/1544/files/n9mt42-bliss_20hummus_20chips_20original_20135_20g.png?v=1781343597,1,Bliss Hummus Chips Original 135g,false,,,,,,,,,,kg,,,active
al-moudhish-potato-chips-75g,Al Moudhish Potato Chips 75g,"",Ayira Mini Mart,,Chips & Crisps,Chips & Crisps,true,Title,Default Title,,,,,,,,AYR-0408,0.0,,0,continue,manual,4.00,,true,true,,,,,,https://cdn.shopify.com/s/files/1/0819/7885/1544/files/6f92jj-al_20mudhish_20potato_20chips_20salted_2015g_281a6f99-ec9f-4e88-bb96-83610c3ad6b3.jpg?v=1781343596,1,Al Moudhish Potato Chips 75g,false,,,,,,,,,,kg,,,active
al-moudhish-potato-chips-ready-salted-75g,Al Moudhish Potato Chips Ready Salted 75g,"",Ayira Mini Mart,,Chips & Crisps,Chips & Crisps,true,Title,Default Title,,,,,,,,AYR-0407,0.0,,0,continue,manual,4.00,,true,true,,,,,,https://cdn.shopify.com/s/files/1/0819/7885/1544/files/p38zvj-al_20mudhish_20potato_20chips_20ready_20salted_2015_20gm.png?v=1781343596,1,Al Moudhish Potato Chips Ready Salted 75g,false,,,,,,,,,,kg,,,active
crispy-potato-chips-mexican-chilli-75g,Crispy Potato Chips Mexican Chilli 75g,"",Ayira Mini Mart,,Chips & Crisps,Chips & Crisps,true,Title,Default Title,,,,,,,,AYR-0406,0.0,,0,continue,manual,4.00,,true,true,,,,,,https://cdn.shopify.com/s/files/1/0819/7885/1544/files/l4irrk-crispy_20potato_20chips_20mexican_20chilli_2075_20g.png?v=1781343595,1,Crispy Potato Chips Mexican Chilli 75g,false,,,,,,,,,,kg,,,active
cheetos-flamin-hot-40g,Cheetos Flamin’ Hot 40g,"",Ayira Mini Mart,,Chips & Crisps,Chips & Crisps,true,Title,Default Title,,,,,,,,AYR-0405,0.0,,0,continue,manual,9.00,,true,true,,,,,,https://cdn.shopify.com/s/files/1/0819/7885/1544/files/qngtgb-cheetos_20flamin_27_20hot_2040_20g_5a24de82-fff5-4309-959d-2e0e93638632.png?v=1781343594,1,Cheetos Flamin’ Hot 40g,false,,,,,,,,,,kg,,,active
cheetos-flamin-hot-crunchy-99-2g,Cheetos Flamin’ Hot Crunchy 99.2g,"",Ayira Mini Mart,,Chips & Crisps,Chips & Crisps,true,Title,Default Title,,,,,,,,AYR-0404,0.0,,0,continue,manual,9.00,,true,true,,,,,,https://cdn.shopify.com/s/files/1/0819/7885/1544/files/sqglwn-cheetos_20crunchy_20flamin_27_20hot_20110_20g_1e8c6036-c0d6-4a6e-854e-ec3f1efbd126.png?v=1781343593,1,Cheetos Flamin’ Hot Crunchy 99.2g,false,,,,,,,,,,kg,,,active
cheetos-crunchy-99-2g,Cheetos Crunchy 99.2g,"",Ayira Mini Mart,,Chips & Crisps,Chips & Crisps,true,Title,Default Title,,,,,,,,AYR-0403,0.0,,0,continue,manual,9.00,,true,true,,,,,,https://cdn.shopify.com/s/files/1/0819/7885/1544/files/mv0lqn-cheetos_20crunchy_2099.2_20g.png?v=1781343593,1,Cheetos Crunchy 99.2g,false,,,,,,,,,,kg,,,active
lays-cheddar-sour-cream-flavored-184-2g,LAYS Cheddar & Sour Cream Flavored 184.2g,"",Ayira Mini Mart,,Chips & Crisps,Chips & Crisps,true,Title,Default Title,,,,,,,,AYR-0402,0.0,,0,continue,manual,19.00,,true,true,,,,,,https://cdn.shopify.com/s/files/1/0819/7885/1544/files/pfu3j1-lays_20cheddar_20.png?v=1781343592,1,LAYS Cheddar & Sour Cream Flavored 184.2g,false,,,,,,,,,,kg,,,active
lays-salt-vinegar-flavored-184-2g,LAYS Salt & Vinegar Flavored 184.2g,"",Ayira Mini Mart,,Chips & Crisps,Chips & Crisps,true,Title,Default Title,,,,,,,,AYR-0401,0.0,,0,continue,manual,19.00,,true,true,,,,,,https://cdn.shopify.com/s/files/1/0819/7885/1544/files/8pahdt-lays_20salt_20.png?v=1781343592,1,LAYS Salt & Vinegar Flavored 184.2g,false,,,,,,,,,,kg,,,active
lays-sour-cream-onion-flavored-184-2g,LAYS Sour Cream & Onion Flavored 184.2g,"",Ayira Mini Mart,,Chips & Crisps,Chips & Crisps,true,Title,Default Title,,,,,,,,AYR-0400,0.0,,0,continue,manual,19.00,,true,true,,,,,,https://cdn.shopify.com/s/files/1/0819/7885/1544/files/0kn98p-lays_20sour_20cream_20.png?v=1781343591,1,LAYS Sour Cream & Onion Flavored 184.2g,false,,,,,,,,,,kg,,,active
lays-classic-184-2g,LAYS Classic 184.2g,"",Ayira Mini Mart,,Chips & Crisps,Chips & Crisps,true,Title,Default Title,,,,,,,,AYR-0399,0.0,,0,continue,manual,19.00,,true,true,,,,,,https://cdn.shopify.com/s/files/1/0819/7885/1544/files/u4mrr6-lays_20classic_20184.2_20g.png?v=1781343590,1,LAYS Classic 184.2g,false,,,,,,,,,,kg,,,active
cheetos-cheddar-jalape-o-crunchy-226-6g,Cheetos Cheddar Jalapeño Crunchy 226.6g,"",Ayira Mini Mart,,Chips & Crisps,Chips & Crisps,true,Title,Default Title,,,,,,,,AYR-0398,0.0,,0,continue,manual,19.00,,true,true,,,,,,https://cdn.shopify.com/s/files/1/0819/7885/1544/files/2do7tu-cheetos_20cheddar_20jalape_C3_B1o_20crunchy_20226.6_20g.png?v=1781343589,1,Cheetos Cheddar Jalapeño Crunchy 226.6g,false,,,,,,,,,,kg,,,active
lays-honey-barbecue-flavored-184-2g,LAYS Honey Barbecue Flavored 184.2g,"",Ayira Mini Mart,,Chips & Crisps,Chips & Crisps,true,Title,Default Title,,,,,,,,AYR-0397,0.0,,0,continue,manual,19.00,,true,true,,,,,,https://cdn.shopify.com/s/files/1/0819/7885/1544/files/xol1bk-lays_20honey_20barbecue_20flavored_20184.2_20g.png?v=1781343589,1,LAYS Honey Barbecue Flavored 184.2g,false,,,,,,,,,,kg,,,active
lays-barbecue-flavored-184-2g,LAYS Barbecue Flavored 184.2g,"",Ayira Mini Mart,,Chips & Crisps,Chips & Crisps,true,Title,Default Title,,,,,,,,AYR-0396,0.0,,0,continue,manual,19.00,,true,true,,,,,,https://cdn.shopify.com/s/files/1/0819/7885/1544/files/gqaoou-lays_20barbecue_20flavored_20184.2_20g.png?v=1781343588,1,LAYS Barbecue Flavored 184.2g,false,,,,,,,,,,kg,,,active
molto-chips-cheese-flavour-16g,Molto Chips Cheese Flavour 16g,"",Ayira Mini Mart,,Chips & Crisps,Chips & Crisps,true,Title,Default Title,,,,,,,,AYR-0395,0.0,,0,continue,manual,1.00,,true,true,,,,,,https://cdn.shopify.com/s/files/1/0819/7885/1544/files/5txg1m-molto_20chips_20cheese_20flavour_2016_20g.png?v=1781343587,1,Molto Chips Cheese Flavour 16g,false,,,,,,,,,,kg,,,active
lays-tomato-ketchup-21g,LAYS Tomato Ketchup 21g,"",Ayira Mini Mart,,Chips & Crisps,Chips & Crisps,true,Title,Default Title,,,,,,,,AYR-0394,0.0,,0,continue,manual,1.50,,true,true,,,,,,https://cdn.shopify.com/s/files/1/0819/7885/1544/files/b20epp-lays_20tomato_20ketchup_2021_20g.png?v=1781343587,1,LAYS Tomato Ketchup 21g,false,,,,,,,,,,kg,,,active
lays-salted-12g,LAYS Salted 12g,"",Ayira Mini Mart,,Chips & Crisps,Chips & Crisps,true,Title,Default Title,,,,,,,,AYR-0393,0.0,,0,continue,manual,1.50,,true,true,,,,,,https://cdn.shopify.com/s/files/1/0819/7885/1544/files/4tm3d1-lays_20salt_2012_20g.png?v=1781343586,1,LAYS Salted 12g,false,,,,,,,,,,kg,,,active
lays-french-cheese-21g,LAYS French Cheese 21g,"",Ayira Mini Mart,,Chips & Crisps,Chips & Crisps,true,Title,Default Title,,,,,,,,AYR-0392,0.0,,0,continue,manual,1.50,,true,true,,,,,,https://cdn.shopify.com/s/files/1/0819/7885/1544/files/kzs84z-lays_20french_20cheese_2012_20g.png?v=1781343586,1,LAYS French Cheese 21g,false,,,,,,,,,,kg,,,active
forno-authentic-cheese-40g,FORNO Authentic Cheese 40g,"",Ayira Mini Mart,,Chips & Crisps,Chips & Crisps,true,Title,Default Title,,,,,,,,AYR-0391,0.0,,0,continue,manual,4.00,,true,true,,,,,,https://cdn.shopify.com/s/files/1/0819/7885/1544/files/uwlqy4-forno_20authentic_20cheese_2040_20g.png?v=1781343585,1,FORNO Authentic Cheese 40g,false,,,,,,,,,,kg,,,active
fonzies-original-cheese-flavoured-corn-snacks-24g,Fonzies Original Cheese Flavoured Corn Snacks 24g,"",Ayira Mini Mart,,Chips & Crisps,Chips & Crisps,true,Title,Default Title,,,,,,,,AYR-0390,0.0,,0,continue,manual,2.50,,true,true,,,,,,https://cdn.shopify.com/s/files/1/0819/7885/1544/files/sehyrf-fonzies_20original_20cheese_20flavoured_20corn_20snacks_2024_20g.png?v=1781343584,1,Fonzies Original Cheese Flavoured Corn Snacks 24g,false,,,,,,,,,,kg,,,active
doritos-sweet-chili-pepper,DORITOS Sweet Chili Pepper,"",Ayira Mini Mart,,Chips & Crisps,Chips & Crisps,true,Title,Default Title,,,,,,,,AYR-0389,0.0,,0,continue,manual,2.00,,true,true,,,,,,https://cdn.shopify.com/s/files/1/0819/7885/1544/files/mmebvi-doritos_20sweet_20chili_20pepper.png?v=1781343583,1,DORITOS Sweet Chili Pepper,false,,,,,,,,,,kg,,,active
doritos-nacho-cheese,DORITOS Nacho Cheese,"",Ayira Mini Mart,,Chips & Crisps,Chips & Crisps,true,Title,Default Title,,,,,,,,AYR-0388,0.0,,0,continue,manual,2.00,,true,true,,,,,,https://cdn.shopify.com/s/files/1/0819/7885/1544/files/uqu4ll-doritos_20nacho_20cheese.png?v=1781343583,1,DORITOS Nacho Cheese,false,,,,,,,,,,kg,,,active
karkish-salt-vinegar,Karkish Salt & Vinegar,"",Ayira Mini Mart,,Chips & Crisps,Chips & Crisps,true,Title,Default Title,,,,,,,,AYR-0387,0.0,,0,continue,manual,3.50,,true,true,,,,,,https://cdn.shopify.com/s/files/1/0819/7885/1544/files/2d9pje-karkish_20salt_20.png?v=1781343582,1,Karkish Salt & Vinegar,false,,,,,,,,,,kg,,,active
karkish-salt,Karkish Salt,"",Ayira Mini Mart,,Chips & Crisps,Chips & Crisps,true,Title,Default Title,,,,,,,,AYR-0386,0.0,,0,continue,manual,3.50,,true,true,,,,,,https://cdn.shopify.com/s/files/1/0819/7885/1544/files/kouw6k-karkish_20salt.png?v=1781343581,1,Karkish Salt,false,,,,,,,,,,kg,,,active
mexita-sweet-chili-pepper-tortilla-chips-23g,Mexita Sweet Chili Pepper Tortilla Chips 23g,"",Ayira Mini Mart,,Chips & Crisps,Chips & Crisps,true,Title,Default Title,,,,,,,,AYR-0385,0.0,,0,continue,manual,2.50,,true,true,,,,,,https://cdn.shopify.com/s/files/1/0819/7885/1544/files/mjb5no-mexita_20sweet_20chili_20pepper_20tortilla_20chips_2023_20g.png?v=1781343581,1,Mexita Sweet Chili Pepper Tortilla Chips 23g,false,,,,,,,,,,kg,,,active
mexita-nacho-cheese-tortilla-chips-23g,Mexita Nacho Cheese Tortilla Chips 23g,"",Ayira Mini Mart,,Chips & Crisps,Chips & Crisps,true,Title,Default Title,,,,,,,,AYR-0384,0.0,,0,continue,manual,2.50,,true,true,,,,,,https://cdn.shopify.com/s/files/1/0819/7885/1544/files/0-2bvv-mexita_20nacho_20cheese_20tortilla_20chips_2023_20g.png?v=1781343580,1,Mexita Nacho Cheese Tortilla Chips 23g,false,,,,,,,,,,kg,,,active
mexita-hot-chili-lime-tortilla-chips-23g,Mexita Hot Chili & Lime Tortilla Chips 23g,"",Ayira Mini Mart,,Chips & Crisps,Chips & Crisps,true,Title,Default Title,,,,,,,,AYR-0383,0.0,,0,continue,manual,2.50,,true,true,,,,,,https://cdn.shopify.com/s/files/1/0819/7885/1544/files/cuodyn-mexita_20hot_20chili_20.png?v=1781343580,1,Mexita Hot Chili & Lime Tortilla Chips 23g,false,,,,,,,,,,kg,,,active
cheetos-flamin-hot-crunchy-export-35-4g,Cheetos Flamin’ Hot Crunchy Export 35.4g,"",Ayira Mini Mart,,Chips & Crisps,Chips & Crisps,true,Title,Default Title,,,,,,,,AYR-0382,0.0,,0,continue,manual,3.50,,true,true,,,,,,https://cdn.shopify.com/s/files/1/0819/7885/1544/files/m2tlut-cheetos_20flamin_27_20hot_20crunchy_20export_2035.4_20g.png?v=1781343579,1,Cheetos Flamin’ Hot Crunchy Export 35.4g,false,,,,,,,,,,kg,,,active
lays-chili-48g,LAYS Chili 48g,"",Ayira Mini Mart,,Chips & Crisps,Chips & Crisps,true,Title,Default Title,,,,,,,,AYR-0381,0.0,,0,continue,manual,4.00,,true,true,,,,,,https://cdn.shopify.com/s/files/1/0819/7885/1544/files/enb799-lays_20chili_2048_20g.png?v=1781343578,1,LAYS Chili 48g,false,,,,,,,,,,kg,,,active
lays-french-cheese-48g,LAYS French Cheese 48g,"",Ayira Mini Mart,,Chips & Crisps,Chips & Crisps,true,Title,Default Title,,,,,,,,AYR-0380,0.0,,0,continue,manual,4.00,,true,true,,,,,,https://cdn.shopify.com/s/files/1/0819/7885/1544/files/gt8s76-lays_20french_20cheese_2048_20g.png?v=1781343577,1,LAYS French Cheese 48g,false,,,,,,,,,,kg,,,active
doritos-sweet-chili-pepper-48g,DORITOS Sweet Chili Pepper 48g,"",Ayira Mini Mart,,Chips & Crisps,Chips & Crisps,true,Title,Default Title,,,,,,,,AYR-0379,0.0,,0,continue,manual,4.00,,true,true,,,,,,https://cdn.shopify.com/s/files/1/0819/7885/1544/files/1vc883-doritos_20sweet_20chili_20pepper_2048_20g.png?v=1781343577,1,DORITOS Sweet Chili Pepper 48g,false,,,,,,,,,,kg,,,active
lays-salted-48g,LAYS Salted 48g,"",Ayira Mini Mart,,Chips & Crisps,Chips & Crisps,true,Title,Default Title,,,,,,,,AYR-0378,0.0,,0,continue,manual,4.00,,true,true,,,,,,https://cdn.shopify.com/s/files/1/0819/7885/1544/files/iole7i-lays_20salt_2048_20g.png?v=1781343576,1,LAYS Salted 48g,false,,,,,,,,,,kg,,,active
doritos-dinamita-flamin-hot-40g,DORITOS Dinamita Flamin’ Hot 40g,"",Ayira Mini Mart,,Chips & Crisps,Chips & Crisps,true,Title,Default Title,,,,,,,,AYR-0377,0.0,,0,continue,manual,4.00,,true,true,,,,,,https://cdn.shopify.com/s/files/1/0819/7885/1544/files/xj3fi2-doritos_20dinamita_20flamin_27_20hot_2040_20g.png?v=1781343575,1,DORITOS Dinamita Flamin’ Hot 40g,false,,,,,,,,,,kg,,,active
cheetos-crunchy-flamin-hot-110g,Cheetos Crunchy Flamin’ Hot 110g,"",Ayira Mini Mart,,Chips & Crisps,Chips & Crisps,true,Title,Default Title,,,,,,,,AYR-0376,0.0,,0,continue,manual,8.00,,true,true,,,,,,https://cdn.shopify.com/s/files/1/0819/7885/1544/files/sqglwn-cheetos_20crunchy_20flamin_27_20hot_20110_20g.png?v=1781343575,1,Cheetos Crunchy Flamin’ Hot 110g,false,,,,,,,,,,kg,,,active
doritos-flamin-hot-50g,DORITOS Flamin’ Hot 50g,"",Ayira Mini Mart,,Chips & Crisps,Chips & Crisps,true,Title,Default Title,,,,,,,,AYR-0375,0.0,,0,continue,manual,4.00,,true,true,,,,,,https://cdn.shopify.com/s/files/1/0819/7885/1544/files/r252gl-doritos_20flamin_27_20hot_2050_20g.png?v=1781343574,1,DORITOS Flamin’ Hot 50g,false,,,,,,,,,,kg,,,active
cheetos-flamin-hot-50g,Cheetos Flamin’ Hot 50g,"",Ayira Mini Mart,,Chips & Crisps,Chips & Crisps,true,Title,Default Title,,,,,,,,AYR-0374,0.0,,0,continue,manual,4.00,,true,true,,,,,,https://cdn.shopify.com/s/files/1/0819/7885/1544/files/qngtgb-cheetos_20flamin_27_20hot_2040_20g.png?v=1781343573,1,Cheetos Flamin’ Hot 50g,false,,,,,,,,,,kg,,,active
balaji-crunchem-simply-salted-155g,Balaji Crunchem Simply Salted 155g,"",Ayira Mini Mart,,Chips & Crisps,Chips & Crisps,true,Title,Default Title,,,,,,,,AYR-0373,0.0,,0,continue,manual,6.50,,true,true,,,,,,https://cdn.shopify.com/s/files/1/0819/7885/1544/files/dk3efe-balaji_20crunchem_20simply_20salted_20155_20g.png?v=1781343572,1,Balaji Crunchem Simply Salted 155g,false,,,,,,,,,,kg,,,active
lays-salted-155g,LAYS Salted 155g,"",Ayira Mini Mart,,Chips & Crisps,Chips & Crisps,true,Title,Default Title,,,,,,,,AYR-0372,0.0,,0,continue,manual,10.00,,true,true,,,,,,https://cdn.shopify.com/s/files/1/0819/7885/1544/files/njg9b5-lays_20salted_20155_20g.png?v=1781343570,1,LAYS Salted 155g,false,,,,,,,,,,kg,,,active
lays-tomato-ketchup-155g,LAYS Tomato Ketchup 155g,"",Ayira Mini Mart,,Chips & Crisps,Chips & Crisps,true,Title,Default Title,,,,,,,,AYR-0371,0.0,,0,continue,manual,10.00,,true,true,,,,,,https://cdn.shopify.com/s/files/1/0819/7885/1544/files/go48zg-lays_20tomato_20ketchup_20155_20g.png?v=1781343569,1,LAYS Tomato Ketchup 155g,false,,,,,,,,,,kg,,,active
doritos-sweet-chili-pepper-105g,DORITOS Sweet Chili Pepper 105g,"",Ayira Mini Mart,,Chips & Crisps,Chips & Crisps,true,Title,Default Title,,,,,,,,AYR-0370,0.0,,0,continue,manual,12.00,,true,true,,,,,,https://cdn.shopify.com/s/files/1/0819/7885/1544/files/mg-s6u-doritos_20sweet_20chili_20pepper_20105_20g.png?v=1781343569,1,DORITOS Sweet Chili Pepper 105g,false,,,,,,,,,,kg,,,active
cheetos-flamin-hot-crunchy-export-226-8g,Cheetos Flamin’ Hot Crunchy Export 226.8g,"",Ayira Mini Mart,,Chips & Crisps,Chips & Crisps,true,Title,Default Title,,,,,,,,AYR-0369,0.0,,0,continue,manual,18.00,,true,true,,,,,,https://cdn.shopify.com/s/files/1/0819/7885/1544/files/vnzwjw-cheetos_20flamin_27_20hot_20crunchy_20export_20226.8_20g.png?v=1781343568,1,Cheetos Flamin’ Hot Crunchy Export 226.8g,false,,,,,,,,,,kg,,,active
balaji-wafers-crunchem-chaat-chaska-135g,Balaji Wafers Crunchem Chaat Chaska 135g,"",Ayira Mini Mart,,Chips & Crisps,Chips & Crisps,true,Title,Default Title,,,,,,,,AYR-0368,0.0,,0,continue,manual,6.50,,true,true,,,,,,https://cdn.shopify.com/s/files/1/0819/7885/1544/files/ws82qy-balaji_20wafers_20crunchem_20chaat_20chaska_20135_20g.png?v=1781343566,1,Balaji Wafers Crunchem Chaat Chaska 135g,false,,,,,,,,,,kg,,,active
cheetos-crunchy-cheese-190g,CHEETOS Crunchy Cheese 190g,"",Ayira Mini Mart,,Chips & Crisps,Chips & Crisps,true,Title,Default Title,,,,,,,,AYR-0367,0.0,,0,continue,manual,18.00,,true,true,,,,,,https://cdn.shopify.com/s/files/1/0819/7885/1544/files/cz156h-cheetos_20crunchy_20cheese_20190_20g.png?v=1781343565,1,CHEETOS Crunchy Cheese 190g,false,,,,,,,,,,kg,,,active
doritos-sweet-chili-pepper-175g,DORITOS Sweet Chili Pepper 175g,"",Ayira Mini Mart,,Chips & Crisps,Chips & Crisps,true,Title,Default Title,,,,,,,,AYR-0366,0.0,,0,continue,manual,12.00,,true,true,,,,,,https://cdn.shopify.com/s/files/1/0819/7885/1544/files/1i8sp4-doritos_20sweet_20chili_20pepper_20175_20g.png?v=1781343564,1,DORITOS Sweet Chili Pepper 175g,false,,,,,,,,,,kg,,,active
doritos-nacho-cheese-175g,DORITOS Nacho Cheese 175g,"",Ayira Mini Mart,,Chips & Crisps,Chips & Crisps,true,Title,Default Title,,,,,,,,AYR-0365,0.0,,0,continue,manual,12.00,,true,true,,,,,,https://cdn.shopify.com/s/files/1/0819/7885/1544/files/nd032n-dorito_20nacho_20cheese_20175_20g.png?v=1781343563,1,DORITOS Nacho Cheese 175g,false,,,,,,,,,,kg,,,active
halabi-pistachios-250g,HALABI Pistachios 250g,"",Ayira Mini Mart,,Nuts & Seeds,Nuts & Seeds,true,Title,Default Title,,,,,,,,AYR-0364,0.0,,0,continue,manual,44.00,,true,true,,,,,,https://cdn.shopify.com/s/files/1/0819/7885/1544/files/3wom4j-halabi_20pistachios_20250_20gm.png?v=1781343562,1,HALABI Pistachios 250g,false,,,,,,,,,,kg,,,active
halabi-coated-peanuts-kri-kri-250g,HALABI Coated Peanuts Kri Kri 250g,"",Ayira Mini Mart,,Nuts & Seeds,Nuts & Seeds,true,Title,Default Title,,,,,,,,AYR-0363,0.0,,0,continue,manual,12.50,,true,true,,,,,,https://cdn.shopify.com/s/files/1/0819/7885/1544/files/mjqvek-halabi_20coated_20peanuts_20kri_20kri_20250_20gm.png?v=1781343561,1,HALABI Coated Peanuts Kri Kri 250g,false,,,,,,,,,,kg,,,active
halabi-salted-almonds-90g,HALABI Salted Almonds 90g,"",Ayira Mini Mart,,Nuts & Seeds,Nuts & Seeds,true,Title,Default Title,,,,,,,,AYR-0362,0.0,,0,continue,manual,12.00,,true,true,,,,,,https://cdn.shopify.com/s/files/1/0819/7885/1544/files/6tdqkm-halabi_20salted_20almonds_2090_20gm.png?v=1781343561,1,HALABI Salted Almonds 90g,false,,,,,,,,,,kg,,,active
halabi-cashews-90g,HALABI Cashews 90g,"",Ayira Mini Mart,,Nuts & Seeds,Nuts & Seeds,true,Title,Default Title,,,,,,,,AYR-0361,0.0,,0,continue,manual,13.50,,true,true,,,,,,https://cdn.shopify.com/s/files/1/0819/7885/1544/files/lr5rxu-halabi_20cashews_2090gm.png?v=1781343560,1,HALABI Cashews 90g,false,,,,,,,,,,kg,,,active
halabi-peanuts-250g,HALABI Peanuts 250g,"",Ayira Mini Mart,,Nuts & Seeds,Nuts & Seeds,true,Title,Default Title,,,,,,,,AYR-0360,0.0,,0,continue,manual,12.50,,true,true,,,,,,https://cdn.shopify.com/s/files/1/0819/7885/1544/files/9hiwbq-halabi_20peanuts_20250_20gm.png?v=1781343560,1,HALABI Peanuts 250g,false,,,,,,,,,,kg,,,active
halabi-cashews-250g,HALABI Cashews 250g,"",Ayira Mini Mart,,Nuts & Seeds,Nuts & Seeds,true,Title,Default Title,,,,,,,,AYR-0359,0.0,,0,continue,manual,38.00,,true,true,,,,,,https://cdn.shopify.com/s/files/1/0819/7885/1544/files/u4lw0w-halabi_20cashews_20250_20gm.png?v=1781343559,1,HALABI Cashews 250g,false,,,,,,,,,,kg,,,active
halabi-sunflower-seeds-250g,HALABI Sunflower Seeds 250g,"",Ayira Mini Mart,,Nuts & Seeds,Nuts & Seeds,true,Title,Default Title,,,,,,,,AYR-0358,0.0,,0,continue,manual,8.50,,true,true,,,,,,https://cdn.shopify.com/s/files/1/0819/7885/1544/files/4p3p8v-halabi_20sunflower_20seeds_20250gm.png?v=1781343558,1,HALABI Sunflower Seeds 250g,false,,,,,,,,,,kg,,,active
halabi-pumpkin-seeds-250g,HALABI Pumpkin Seeds 250g,"",Ayira Mini Mart,,Nuts & Seeds,Nuts & Seeds,true,Title,Default Title,,,,,,,,AYR-0357,0.0,,0,continue,manual,19.00,,true,true,,,,,,https://cdn.shopify.com/s/files/1/0819/7885/1544/files/t3h-c3-halabi_20pumpkin_20seeds_20250_20gm.png?v=1781343557,1,HALABI Pumpkin Seeds 250g,false,,,,,,,,,,kg,,,active
halabi-super-extra-mix-300g,HALABI Super Extra Mix 300g,"",Ayira Mini Mart,,Nuts & Seeds,Nuts & Seeds,true,Title,Default Title,,,,,,,,AYR-0356,0.0,,0,continue,manual,22.00,,true,true,,,,,,https://cdn.shopify.com/s/files/1/0819/7885/1544/files/iw01l5-halabi_20super_20extra_20mix_20300_20gm.png?v=1781343557,1,HALABI Super Extra Mix 300g,false,,,,,,,,,,kg,,,active
halabi-thai-mix-175g,HALABI Thai Mix 175g,"",Ayira Mini Mart,,Nuts & Seeds,Nuts & Seeds,true,Title,Default Title,,,,,,,,AYR-0355,0.0,,0,continue,manual,12.50,,true,true,,,,,,https://cdn.shopify.com/s/files/1/0819/7885/1544/files/pi7oj6-halabi_20thai_20mix_20175_20gm.png?v=1781343556,1,HALABI Thai Mix 175g,false,,,,,,,,,,kg,,,active
halabi-classic-mix-300g,HALABI Classic Mix 300g,"",Ayira Mini Mart,,Nuts & Seeds,Nuts & Seeds,true,Title,Default Title,,,,,,,,AYR-0354,0.0,,0,continue,manual,13.50,,true,true,,,,,,https://cdn.shopify.com/s/files/1/0819/7885/1544/files/bn2h22-halabi_20classic_20mix_20300_20gm.png?v=1781343555,1,HALABI Classic Mix 300g,false,,,,,,,,,,kg,,,active
halabi-mexican-nuts-175g,HALABI Mexican Nuts 175g,"",Ayira Mini Mart,,Nuts & Seeds,Nuts & Seeds,true,Title,Default Title,,,,,,,,AYR-0353,0.0,,0,continue,manual,12.50,,true,true,,,,,,https://cdn.shopify.com/s/files/1/0819/7885/1544/files/1g5e6c-halabi_20mexican_20nuts_20175_20gm.png?v=1781343555,1,HALABI Mexican Nuts 175g,false,,,,,,,,,,kg,,,active
halabi-kernels-mix-300g,HALABI Kernels Mix 300g,"",Ayira Mini Mart,,Nuts & Seeds,Nuts & Seeds,true,Title,Default Title,,,,,,,,AYR-0352,0.0,,0,continue,manual,44.00,,true,true,,,,,,https://cdn.shopify.com/s/files/1/0819/7885/1544/files/i534cg-halabi_20kernels_20mix_20300_20gm.png?v=1781343554,1,HALABI Kernels Mix 300g,false,,,,,,,,,,kg,,,active
halabi-kernels-mix-400g-tin,HALABI Kernels Mix 400g (Tin),"",Ayira Mini Mart,,Nuts & Seeds,Nuts & Seeds,true,Title,Default Title,,,,,,,,AYR-0351,0.0,,0,continue,manual,40.00,,true,true,,,,,,https://cdn.shopify.com/s/files/1/0819/7885/1544/files/xtvmhg-halabi_20kernels_20mix_20400_20gm_20_28tin_29.png?v=1781343553,1,HALABI Kernels Mix 400g (Tin),false,,,,,,,,,,kg,,,active
halabi-super-extra-mix-400g-tin,HALABI Super Extra Mix 400g (Tin),"",Ayira Mini Mart,,Nuts & Seeds,Nuts & Seeds,true,Title,Default Title,,,,,,,,AYR-0350,0.0,,0,continue,manual,26.00,,true,true,,,,,,https://cdn.shopify.com/s/files/1/0819/7885/1544/files/5gewve-halabi_20super_20extra_20mix_20400_20gm_20_28tin_29.png?v=1781343552,1,HALABI Super Extra Mix 400g (Tin),false,,,,,,,,,,kg,,,active
halabi-unsalted-mix-400g-tin,HALABI Unsalted Mix 400g (Tin),"",Ayira Mini Mart,,Nuts & Seeds,Nuts & Seeds,true,Title,Default Title,,,,,,,,AYR-0349,0.0,,0,continue,manual,38.00,,true,true,,,,,,https://cdn.shopify.com/s/files/1/0819/7885/1544/files/icu452-halabi_20unsalted_20mix_20400_20gm_20_28tin_29.png?v=1781343552,1,HALABI Unsalted Mix 400g (Tin),false,,,,,,,,,,kg,,,active
raffaello-chocolate-30g,Raffaello Chocolate 30g,"",Ayira Mini Mart,,Chocolates,Chocolates,true,Title,Default Title,,,,,,,,AYR-0348,0.0,,0,continue,manual,6.50,,true,true,,,,,,https://cdn.shopify.com/s/files/1/0819/7885/1544/files/jy0bg7-raffaello_2030g.png?v=1781343551,1,Raffaello Chocolate 30g,false,,,,,,,,,,kg,,,active
tofi-luk-chocolate-bar-33g,Tofi Luk Chocolate Bar 33g,"",Ayira Mini Mart,,Chocolates,Chocolates,true,Title,Default Title,,,,,,,,AYR-0347,0.0,,0,continue,manual,1.75,,true,true,,,,,,https://cdn.shopify.com/s/files/1/0819/7885/1544/files/ytvzlj-tofi_20luk_2033g.png?v=1781343550,1,Tofi Luk Chocolate Bar 33g,false,,,,,,,,,,kg,,,active
nutella-b-ready,Nutella B-Ready,"",Ayira Mini Mart,,Chocolates,Chocolates,true,Title,Default Title,,,,,,,,AYR-0346,0.0,,0,continue,manual,2.50,,true,true,,,,,,https://cdn.shopify.com/s/files/1/0819/7885/1544/files/rxvj1a-nutella_20b-ready.png?v=1781343550,1,Nutella B-Ready,false,,,,,,,,,,kg,,,active
nestl-lion-chocolate-bar-42g,Nestlé Lion Chocolate Bar 42g,"",Ayira Mini Mart,,Chocolates,Chocolates,true,Title,Default Title,,,,,,,,AYR-0345,0.0,,0,continue,manual,3.00,,true,true,,,,,,https://cdn.shopify.com/s/files/1/0819/7885/1544/files/toyol1-nestl_C3_A9_20lion_20bar_2050g.png?v=1781343549,1,Nestlé Lion Chocolate Bar 42g,false,,,,,,,,,,kg,,,active
konak-hoop-dubai-wafer-balls-pistachio-kunafa-27g,Konak Hoop Dubai Wafer Balls Pistachio Kunafa 27g,"",Ayira Mini Mart,,Chocolates,Chocolates,true,Title,Default Title,,,,,,,,AYR-0344,0.0,,0,continue,manual,3.00,,true,true,,,,,,https://cdn.shopify.com/s/files/1/0819/7885/1544/files/5spe-s-konak_20hoop_20dubai_20wafer_20balls_20pistachio_20kunafa_2027g.png?v=1781343549,1,Konak Hoop Dubai Wafer Balls Pistachio Kunafa 27g,false,,,,,,,,,,kg,,,active
cadbury-flake-minis-chocolate-28g,Cadbury Flake Minis Chocolate 28g,"",Ayira Mini Mart,,Chocolates,Chocolates,true,Title,Default Title,,,,,,,,AYR-0343,0.0,,0,continue,manual,3.50,,true,true,,,,,,https://cdn.shopify.com/s/files/1/0819/7885/1544/files/b0i4qa-cadbury_20flake_20minis_20chocolate_2028g.png?v=1781343548,1,Cadbury Flake Minis Chocolate 28g,false,,,,,,,,,,kg,,,active
cadbury-time-out-crunch-wafer-28g,Cadbury Time Out Crunch Wafer 28g,"",Ayira Mini Mart,,Chocolates,Chocolates,true,Title,Default Title,,,,,,,,AYR-0342,0.0,,0,continue,manual,1.50,,true,true,,,,,,https://cdn.shopify.com/s/files/1/0819/7885/1544/files/kbclyh-cadbury_20time_20out_20crunch_20wafer_2028_20gm.png?v=1781343547,1,Cadbury Time Out Crunch Wafer 28g,false,,,,,,,,,,kg,,,active
cadbury-dairy-milk-fruit-nut-chocolate-bar-32g,Cadbury Dairy Milk Fruit & Nut Chocolate Bar 32g,"",Ayira Mini Mart,,Chocolates,Chocolates,true,Title,Default Title,,,,,,,,AYR-0341,0.0,,0,continue,manual,3.50,,true,true,,,,,,https://cdn.shopify.com/s/files/1/0819/7885/1544/files/pnr-nm-cadbury_20dairy_20milk_20fruit_20.png?v=1781343546,1,Cadbury Dairy Milk Fruit & Nut Chocolate Bar 32g,false,,,,,,,,,,kg,,,active
cadbury-dairy-milk-hazelnut-chocolate-bar-32g,Cadbury Dairy Milk Hazelnut Chocolate Bar 32g,"",Ayira Mini Mart,,Chocolates,Chocolates,true,Title,Default Title,,,,,,,,AYR-0340,0.0,,0,continue,manual,3.50,,true,true,,,,,,https://cdn.shopify.com/s/files/1/0819/7885/1544/files/fji1io-cadbury_20dairy_20milk_20hazelnut_20chocolate_20bar_2032g.png?v=1781343546,1,Cadbury Dairy Milk Hazelnut Chocolate Bar 32g,false,,,,,,,,,,kg,,,active
cadbury-dairy-milk-bubbly-milk-chocolate-28g,Cadbury Dairy Milk Bubbly Milk Chocolate 28g,"",Ayira Mini Mart,,Chocolates,Chocolates,true,Title,Default Title,,,,,,,,AYR-0339,0.0,,0,continue,manual,3.50,,true,true,,,,,,https://cdn.shopify.com/s/files/1/0819/7885/1544/files/cls0ys-cadbury_20dairy_20milk_20bubbly_20milk_20chocolate_2028g.png?v=1781343545,1,Cadbury Dairy Milk Bubbly Milk Chocolate 28g,false,,,,,,,,,,kg,,,active
al-mudhish-ripples-cheese-potato-chips-75g,AL MUDHISH Ripples Cheese Potato Chips 75g,"",Ayira Mini Mart,,Chips & Crisps,Chips & Crisps,true,Title,Default Title,,,,,,,,AYR-0338,0.0,,0,continue,manual,4.00,,true,true,,,,,,https://cdn.shopify.com/s/files/1/0819/7885/1544/files/o8el-s-al_20mudhish_20ripples_20cheese_2075g_749ebdac-fe94-4714-a5c2-df4bb8f2e938.jpg?v=1781343544,1,AL MUDHISH Ripples Cheese Potato Chips 75g,false,,,,,,,,,,kg,,,active
al-mudhish-salt-vinegar-potato-chips-75g,AL MUDHISH Salt & Vinegar Potato Chips 75g,"",Ayira Mini Mart,,Chips & Crisps,Chips & Crisps,true,Title,Default Title,,,,,,,,AYR-0337,0.0,,0,continue,manual,4.00,,true,true,,,,,,https://cdn.shopify.com/s/files/1/0819/7885/1544/files/ni81g9-al_20mudhish_20potato_20chips_20salt_311aba5f-da90-4bcf-aa19-7539aaa63379.jpg?v=1781343544,1,AL MUDHISH Salt & Vinegar Potato Chips 75g,false,,,,,,,,,,kg,,,active
al-mudhish-potato-chips-salted-15g,AL MUDHISH Potato Chips Salted 15g,"",Ayira Mini Mart,,Chips & Crisps,Chips & Crisps,true,Title,Default Title,,,,,,,,AYR-0336,0.0,,0,continue,manual,1.00,,true,true,,,,,,https://cdn.shopify.com/s/files/1/0819/7885/1544/files/6f92jj-al_20mudhish_20potato_20chips_20salted_2015g_4a3a77bd-4a8e-4380-a0ef-9701115a0d39.jpg?v=1781343543,1,AL MUDHISH Potato Chips Salted 15g,false,,,,,,,,,,kg,,,active
al-mudhish-potato-chips-salt-vinegar-15g,AL MUDHISH Potato Chips Salt & Vinegar 15g,"",Ayira Mini Mart,,Chips & Crisps,Chips & Crisps,true,Title,Default Title,,,,,,,,AYR-0335,0.0,,0,continue,manual,1.00,,true,true,,,,,,https://cdn.shopify.com/s/files/1/0819/7885/1544/files/ni81g9-al_20mudhish_20potato_20chips_20salt.jpg?v=1781343542,1,AL MUDHISH Potato Chips Salt & Vinegar 15g,false,,,,,,,,,,kg,,,active
al-mudhish-rings-salsa-crunchy-potato-15g,AL MUDHISH Rings Salsa Crunchy Potato 15g,"",Ayira Mini Mart,,Chips & Crisps,Chips & Crisps,true,Title,Default Title,,,,,,,,AYR-0334,0.0,,0,continue,manual,1.00,,true,true,,,,,,https://cdn.shopify.com/s/files/1/0819/7885/1544/files/ybdny9-al_20mudhish_20rings_20salsa_20crnchy_20potato15g.jpg?v=1781343542,1,AL MUDHISH Rings Salsa Crunchy Potato 15g,false,,,,,,,,,,kg,,,active
al-mudhish-potato-ripples-sour-cream-onion-15g,AL MUDHISH Potato Ripples Sour Cream & Onion 15g,"",Ayira Mini Mart,,Chips & Crisps,Chips & Crisps,true,Title,Default Title,,,,,,,,AYR-0333,0.0,,0,continue,manual,1.00,,true,true,,,,,,https://cdn.shopify.com/s/files/1/0819/7885/1544/files/6f92jj-al_20mudhish_20potato_20chips_20salted_2015g.jpg?v=1781343541,1,AL MUDHISH Potato Ripples Sour Cream & Onion 15g,false,,,,,,,,,,kg,,,active
al-mudhish-potato-ripples-crunchy-chilli-15g,AL MUDHISH Potato Ripples Crunchy Chilli 15g,"",Ayira Mini Mart,,Chips & Crisps,Chips & Crisps,true,Title,Default Title,,,,,,,,AYR-0332,0.0,,0,continue,manual,1.00,,true,true,,,,,,https://cdn.shopify.com/s/files/1/0819/7885/1544/files/mu1waw-al_20mudhish_20potato_20ripples_20crnch_20chilli15g.jpg?v=1781343540,1,AL MUDHISH Potato Ripples Crunchy Chilli 15g,false,,,,,,,,,,kg,,,active
al-mudhish-potato-ripples-crunchy-cheese-15g,AL MUDHISH Potato Ripples Crunchy Cheese 15g,"",Ayira Mini Mart,,Chips & Crisps,Chips & Crisps,true,Title,Default Title,,,,,,,,AYR-0331,0.0,,0,continue,manual,1.00,,true,true,,,,,,https://cdn.shopify.com/s/files/1/0819/7885/1544/files/o8el-s-al_20mudhish_20ripples_20cheese_2075g.jpg?v=1781343540,1,AL MUDHISH Potato Ripples Crunchy Cheese 15g,false,,,,,,,,,,kg,,,active
albadia-corn-cones-cheese-16g,ALBADIA Corn Cones Cheese 16g,"",Ayira Mini Mart,,Chips & Crisps,Chips & Crisps,true,Title,Default Title,,,,,,,,AYR-0330,0.0,,0,continue,manual,1.00,,true,true,,,,,,https://cdn.shopify.com/s/files/1/0819/7885/1544/files/9dvu9q-albadia_20corn_20cones_20cheese_2016g.jpg?v=1781343539,1,ALBADIA Corn Cones Cheese 16g,false,,,,,,,,,,kg,,,active
al-mudhish-ripple-chilli-chips-75g,Al Mudhish Ripple Chilli Chips 75g,"",Ayira Mini Mart,,Chips & Crisps,Chips & Crisps,true,Title,Default Title,,,,,,,,AYR-0329,0.0,,0,continue,manual,4.00,,true,true,,,,,,https://cdn.shopify.com/s/files/1/0819/7885/1544/files/igj7dz-al_20mudhish_20ripple_20chilly_2075g.jpg?v=1781343538,1,Al Mudhish Ripple Chilli Chips 75g,false,,,,,,,,,,kg,,,active
oman-chips-chilli-flavor-15g,OMAN Chips Chilli Flavor 15g,"",Ayira Mini Mart,,Chips & Crisps,Chips & Crisps,true,Title,Default Title,,,,,,,,AYR-0328,0.0,,0,continue,manual,1.00,,true,true,,,,,,https://cdn.shopify.com/s/files/1/0819/7885/1544/files/sw0j1c-oman_20chips_20chilli_20flavor_2015g.jpg?v=1781343538,1,OMAN Chips Chilli Flavor 15g,false,,,,,,,,,,kg,,,active
kitco-nice-chips-lightly-salted-80g,KITCO Nice Chips Lightly Salted 80g,"",Ayira Mini Mart,,Chips & Crisps,Chips & Crisps,true,Title,Default Title,,,,,,,,AYR-0327,0.0,,0,continue,manual,4.00,,true,true,,,,,,https://cdn.shopify.com/s/files/1/0819/7885/1544/files/r4cdsm-kitco_20nice_20chips_20lightly_20salted_2080g.jpg?v=1781343537,1,KITCO Nice Chips Lightly Salted 80g,false,,,,,,,,,,kg,,,active
kitco-nice-tomato-ketchup-chips-16g,KITCO Nice Tomato Ketchup Chips 16g,"",Ayira Mini Mart,,Chips & Crisps,Chips & Crisps,true,Title,Default Title,,,,,,,,AYR-0326,0.0,,0,continue,manual,1.00,,true,true,,,,,,https://cdn.shopify.com/s/files/1/0819/7885/1544/files/o0n67b-kitco_20nice_20tomato_20ketchup_2016g.jpg?v=1781343536,1,KITCO Nice Tomato Ketchup Chips 16g,false,,,,,,,,,,kg,,,active
kitco-nice-salt-vinegar-chips-80g,KITCO Nice Salt & Vinegar Chips 80g,"",Ayira Mini Mart,,Chips & Crisps,Chips & Crisps,true,Title,Default Title,,,,,,,,AYR-0325,0.0,,0,continue,manual,4.00,,true,true,,,,,,https://cdn.shopify.com/s/files/1/0819/7885/1544/files/ssln6t-kitco_20nice_20salt_20.jpg?v=1781343536,1,KITCO Nice Salt & Vinegar Chips 80g,false,,,,,,,,,,kg,,,active
kitco-nice-french-cheese-chips-16g,KITCO Nice French Cheese Chips 16g,"",Ayira Mini Mart,,Chips & Crisps,Chips & Crisps,true,Title,Default Title,,,,,,,,AYR-0324,0.0,,0,continue,manual,1.00,,true,true,,,,,,https://cdn.shopify.com/s/files/1/0819/7885/1544/files/ishmo6-kitco_20nice_20french_20cheese_2016g.jpg?v=1781343535,1,KITCO Nice French Cheese Chips 16g,false,,,,,,,,,,kg,,,active
kitco-nice-hot-spicy-chips-16g,KITCO Nice Hot & Spicy Chips 16g,"",Ayira Mini Mart,,Chips & Crisps,Chips & Crisps,true,Title,Default Title,,,,,,,,AYR-0323,0.0,,0,continue,manual,1.00,,true,true,,,,,,https://cdn.shopify.com/s/files/1/0819/7885/1544/files/mli44g-kitco_20nice_20hot.jpg?v=1781343535,1,KITCO Nice Hot & Spicy Chips 16g,false,,,,,,,,,,kg,,,active
kitco-nice-chicken-flavor-chips-16g,KITCO Nice Chicken Flavor Chips 16g,"",Ayira Mini Mart,,Chips & Crisps,Chips & Crisps,true,Title,Default Title,,,,,,,,AYR-0322,0.0,,0,continue,manual,1.00,,true,true,,,,,,https://cdn.shopify.com/s/files/1/0819/7885/1544/files/k6hb1m-kitco_20nice_20chicken_2016g.jpg?v=1781343534,1,KITCO Nice Chicken Flavor Chips 16g,false,,,,,,,,,,kg,,,active
kitco-nice-chips-tomato-ketchup-pack-20-16g,KITCO Nice Chips Tomato Ketchup Pack 20 × 16g,"",Ayira Mini Mart,,Chips & Crisps,Chips & Crisps,true,Title,Default Title,,,,,,,,AYR-0321,0.0,,0,continue,manual,18.00,,true,true,,,,,,https://cdn.shopify.com/s/files/1/0819/7885/1544/files/cmffz2-kitco_20nice_20chips_20with_20tomato_20ketchup_20pack_2020pcsx16g.jpg?v=1781343533,1,KITCO Nice Chips Tomato Ketchup Pack 20 × 16g,false,,,,,,,,,,kg,,,active
kitco-nice-chips-salt-vinegar-pack-20-16g,KITCO Nice Chips Salt & Vinegar Pack 20 × 16g,"",Ayira Mini Mart,,Chips & Crisps,Chips & Crisps,true,Title,Default Title,,,,,,,,AYR-0320,0.0,,0,continue,manual,18.00,,true,true,,,,,,https://cdn.shopify.com/s/files/1/0819/7885/1544/files/1y6ff5-nice_20chips_20with_20salt_20.png?v=1781343532,1,KITCO Nice Chips Salt & Vinegar Pack 20 × 16g,false,,,,,,,,,,kg,,,active
kitco-nice-chips-chicken-flavor-pack-20-16g,KITCO Nice Chips Chicken Flavor Pack 20 × 16g,"",Ayira Mini Mart,,Chips & Crisps,Chips & Crisps,true,Title,Default Title,,,,,,,,AYR-0319,0.0,,0,continue,manual,18.00,,true,true,,,,,,https://cdn.shopify.com/s/files/1/0819/7885/1544/files/6sx9qh-kitco_20nice_20chips_20with_20chicken_20pack_2020pcsx16g.jpg?v=1781343532,1,KITCO Nice Chips Chicken Flavor Pack 20 × 16g,false,,,,,,,,,,kg,,,active
kitco-nice-chips-french-cheese-pack-20-16g,KITCO Nice Chips French Cheese Pack 20 × 16g,"",Ayira Mini Mart,,Chips & Crisps,Chips & Crisps,true,Title,Default Title,,,,,,,,AYR-0318,0.0,,0,continue,manual,18.00,,true,true,,,,,,https://cdn.shopify.com/s/files/1/0819/7885/1544/files/qs8vbz-kitco_20nice_20chips_20with_20french_20cheese_20pack_2020pcsx16g.jpg?v=1781343531,1,KITCO Nice Chips French Cheese Pack 20 × 16g,false,,,,,,,,,,kg,,,active
kitco-nice-french-cheese-chips-80g,KITCO Nice French Cheese Chips 80g,"",Ayira Mini Mart,,Chips & Crisps,Chips & Crisps,true,Title,Default Title,,,,,,,,AYR-0317,0.0,,0,continue,manual,4.00,,true,true,,,,,,https://cdn.shopify.com/s/files/1/0819/7885/1544/files/zoa6ju-kitco_20nice_20french_20cheese_2080g.jpg?v=1781343530,1,KITCO Nice French Cheese Chips 80g,false,,,,,,,,,,kg,,,active
kitco-nice-hot-spicy-chips-80g,KITCO Nice Hot & Spicy Chips 80g,"",Ayira Mini Mart,,Chips & Crisps,Chips & Crisps,true,Title,Default Title,,,,,,,,AYR-0316,0.0,,0,continue,manual,4.00,,true,true,,,,,,https://cdn.shopify.com/s/files/1/0819/7885/1544/files/hexzqa-kitco_20nice_20hot.jpg?v=1781343529,1,KITCO Nice Hot & Spicy Chips 80g,false,,,,,,,,,,kg,,,active
kitco-nice-chips-paprika-80g,KITCO Nice Chips Paprika 80g,"",Ayira Mini Mart,,Chips & Crisps,Chips & Crisps,true,Title,Default Title,,,,,,,,AYR-0315,0.0,,0,continue,manual,4.00,,true,true,,,,,,https://cdn.shopify.com/s/files/1/0819/7885/1544/files/dcn9qa-kitco_20nice_20paprica_2080g.jpg?v=1781343528,1,KITCO Nice Chips Paprika 80g,false,,,,,,,,,,kg,,,active
kitco-nice-chips-chilly-16g-20,KITCO Nice Chips Chilly 16g × 20,"",Ayira Mini Mart,,Chips & Crisps,Chips & Crisps,true,Title,Default Title,,,,,,,,AYR-0314,0.0,,0,continue,manual,18.00,,true,true,,,,,,https://cdn.shopify.com/s/files/1/0819/7885/1544/files/6rpa0v-kitco_20nice_20chips_20chilly_2016gx20.jpg?v=1781343528,1,KITCO Nice Chips Chilly 16g × 20,false,,,,,,,,,,kg,,,active
nice-chips-with-light-salt-167g,Nice Chips with Light Salt 167g,"",Ayira Mini Mart,,Chips & Crisps,Chips & Crisps,true,Title,Default Title,,,,,,,,AYR-0313,0.0,,0,continue,manual,7.00,,true,true,,,,,,https://cdn.shopify.com/s/files/1/0819/7885/1544/files/rf41oc-nice_20chips_20with_20lighty_20salt_20pack_20167g.jpg?v=1781343527,1,Nice Chips with Light Salt 167g,false,,,,,,,,,,kg,,,active
nice-chips-with-tomato-ketchup-167g,Nice Chips with Tomato Ketchup 167g,"",Ayira Mini Mart,,Chips & Crisps,Chips & Crisps,true,Title,Default Title,,,,,,,,AYR-0312,0.0,,0,continue,manual,7.00,,true,true,,,,,,https://cdn.shopify.com/s/files/1/0819/7885/1544/files/ofomi9-nice_20chips_20with_20tomato_20ketchup_20pack_20167g.jpg?v=1781343526,1,Nice Chips with Tomato Ketchup 167g,false,,,,,,,,,,kg,,,active
mars-chocolate-bar-51g,MARS Chocolate Bar 51g,"",Ayira Mini Mart,,Chocolates,Chocolates,true,Title,Default Title,,,,,,,,AYR-0311,0.0,,0,continue,manual,4.00,,true,true,,,,,,https://cdn.shopify.com/s/files/1/0819/7885/1544/files/sy1hiu-mars_20chocolate_20bar_2051g.jpg?v=1781343525,1,MARS Chocolate Bar 51g,false,,,,,,,,,,kg,,,active
snickers-creamy-peanut-butter-36-5g,SNICKERS Creamy Peanut Butter 36.5g,"",Ayira Mini Mart,,Chocolates,Chocolates,true,Title,Default Title,,,,,,,,AYR-0310,0.0,,0,continue,manual,3.50,,true,true,,,,,,https://cdn.shopify.com/s/files/1/0819/7885/1544/files/ze-184-snickers_20creamy_20peanut_20butter_2036.5g.jpg?v=1781343524,1,SNICKERS Creamy Peanut Butter 36.5g,false,,,,,,,,,,kg,,,active
snickers-xtreme-extra-nuts-caramel-chocolate-bar-42g,Snickers Xtreme Extra Nuts & Caramel Chocolate Bar 42g,"",Ayira Mini Mart,,Chocolates,Chocolates,true,Title,Default Title,,,,,,,,AYR-0309,0.0,,0,continue,manual,3.50,,true,true,,,,,,https://cdn.shopify.com/s/files/1/0819/7885/1544/files/9hpvv9-snickers_20xtreme_20extra_20nuts_20.jpg?v=1781343523,1,Snickers Xtreme Extra Nuts & Caramel Chocolate Bar 42g,false,,,,,,,,,,kg,,,active
snickers-chocolate-bar-45g,SNICKERS Chocolate Bar 45g,"",Ayira Mini Mart,,Chocolates,Chocolates,true,Title,Default Title,,,,,,,,AYR-0308,0.0,,0,continue,manual,4.00,,true,true,,,,,,https://cdn.shopify.com/s/files/1/0819/7885/1544/files/cbbk7v-snickers_20chocolate_20bar_2045g.jpg?v=1781343523,1,SNICKERS Chocolate Bar 45g,false,,,,,,,,,,kg,,,active
mixed-minis-chocolate-pack-400g-2,Mixed Minis Chocolate Pack 400g × 2,"",Ayira Mini Mart,,Chocolates,Chocolates,true,Title,Default Title,,,,,,,,AYR-0307,0.0,,0,continue,manual,55.00,,true,true,,,,,,https://cdn.shopify.com/s/files/1/0819/7885/1544/files/alem2y-mixed_20minis_20400_20g_20x_202_20_40sp.jpg?v=1781343522,1,Mixed Minis Chocolate Pack 400g × 2,false,,,,,,,,,,kg,,,active
snickers-chocolate-bar-40g,SNICKERS Chocolate Bar 40g,"",Ayira Mini Mart,,Chocolates,Chocolates,true,Title,Default Title,,,,,,,,AYR-0306,0.0,,0,continue,manual,3.00,,true,true,,,,,,https://cdn.shopify.com/s/files/1/0819/7885/1544/files/e9sy3k-snickers_20chocolate_20bar_2040g.jpg?v=1781343521,1,SNICKERS Chocolate Bar 40g,false,,,,,,,,,,kg,,,active
barakat-juice-pop-mango-passion-50ml,Barakat Juice Pop Mango Passion 50ml,"",Ayira Mini Mart,,Ice Cream,Ice Cream,true,Title,Default Title,,,,,,,,AYR-0305,0.0,,0,continue,manual,6.00,,true,true,,,,,,https://cdn.shopify.com/s/files/1/0819/7885/1544/files/lbv4bs-barakat_20juice_20pop_20mango_20passion_2050ml.png?v=1781343520,1,Barakat Juice Pop Mango Passion 50ml,false,,,,,,,,,,kg,,,active
barakat-juice-pop-orange-50ml,Barakat Juice Pop Orange 50ml,"",Ayira Mini Mart,,Ice Cream,Ice Cream,true,Title,Default Title,,,,,,,,AYR-0304,0.0,,0,continue,manual,6.00,,true,true,,,,,,https://cdn.shopify.com/s/files/1/0819/7885/1544/files/ygzqon-barakat_20juice_20pop_20orange_2050ml.png?v=1781343519,1,Barakat Juice Pop Orange 50ml,false,,,,,,,,,,kg,,,active
barakat-juice-pop-strawberry-banana-50ml,Barakat Juice Pop Strawberry Banana 50ml,"",Ayira Mini Mart,,Ice Cream,Ice Cream,true,Title,Default Title,,,,,,,,AYR-0303,0.0,,0,continue,manual,6.00,,true,true,,,,,,https://cdn.shopify.com/s/files/1/0819/7885/1544/files/55u-mc-barakat_20juice_20pop_20strawberry_20banana_2050ml.png?v=1781343518,1,Barakat Juice Pop Strawberry Banana 50ml,false,,,,,,,,,,kg,,,active
barakat-juice-pop-beetroot-berry-50ml,Barakat Juice Pop Beetroot Berry 50ml,"",Ayira Mini Mart,,Ice Cream,Ice Cream,true,Title,Default Title,,,,,,,,AYR-0302,0.0,,0,continue,manual,6.00,,true,true,,,,,,https://cdn.shopify.com/s/files/1/0819/7885/1544/files/5-uppx-barakat_20juice_20pop_20beetroot_20berry_2050ml.png?v=1781343517,1,Barakat Juice Pop Beetroot Berry 50ml,false,,,,,,,,,,kg,,,active
baskin-robbins-almond-n-caramel-ice-cream-bar-90ml,Baskin Robbins Almond ’n Caramel Ice Cream Bar 90ml,"",Ayira Mini Mart,,Ice Cream,Ice Cream,true,Title,Default Title,,,,,,,,AYR-0301,0.0,,0,continue,manual,13.50,,true,true,,,,,,https://cdn.shopify.com/s/files/1/0819/7885/1544/files/jndxrb-baskin_20robbins_20almond_20_E2_80_99n_20caramel_20ice_20cream_20bar_2090ml.png?v=1781343516,1,Baskin Robbins Almond ’n Caramel Ice Cream Bar 90ml,false,,,,,,,,,,kg,,,active
kdd-vanilla-ice-cream-100g,KDD Vanilla Ice Cream 100g,"",Ayira Mini Mart,,Ice Cream,Ice Cream,true,Title,Default Title,,,,,,,,AYR-0300,0.0,,0,continue,manual,1.50,,true,true,,,,,,https://cdn.shopify.com/s/files/1/0819/7885/1544/files/ulgwpq-kdd_20vanilla_20ice_20cream_20100_20gm.png?v=1781343516,1,KDD Vanilla Ice Cream 100g,false,,,,,,,,,,kg,,,active
daity-amiral-with-milk-ice-cream-80ml,Daity Amiral with Milk Ice Cream 80ml,"",Ayira Mini Mart,,Ice Cream,Ice Cream,true,Title,Default Title,,,,,,,,AYR-0299,0.0,,0,continue,manual,5.00,,true,true,,,,,,https://cdn.shopify.com/s/files/1/0819/7885/1544/files/c1xsig-daity_20amiral_20with_20milk_20ice_20cream_20_E2_80_93_2080_20ml.png?v=1781343515,1,Daity Amiral with Milk Ice Cream 80ml,false,,,,,,,,,,kg,,,active
ice-queen-koro-ice-cream-70ml,Ice Queen Koro Ice Cream 70ml,"",Ayira Mini Mart,,Ice Cream,Ice Cream,true,Title,Default Title,,,,,,,,AYR-0298,0.0,,0,continue,manual,2.00,,true,true,,,,,,https://cdn.shopify.com/s/files/1/0819/7885/1544/files/ivstav-ice_20queen_20koro_20ice_20cream_20_E2_80_93_2070_20ml.png?v=1781343514,1,Ice Queen Koro Ice Cream 70ml,false,,,,,,,,,,kg,,,active
ice-queen-bubble-gum-ice-cream-80ml,Ice Queen Bubble Gum Ice Cream 80ml,"",Ayira Mini Mart,,Ice Cream,Ice Cream,true,Title,Default Title,,,,,,,,AYR-0297,0.0,,0,continue,manual,2.00,,true,true,,,,,,https://cdn.shopify.com/s/files/1/0819/7885/1544/files/vuw85d-ice_20queen_20bubble_20gum_20ice_20cream_20_E2_80_93_2080_20ml.png?v=1781343513,1,Ice Queen Bubble Gum Ice Cream 80ml,false,,,,,,,,,,kg,,,active
ice-queen-bom-bom-ice-cream-80ml,ICE QUEEN Bom Bom Ice Cream 80ml,"",Ayira Mini Mart,,Ice Cream,Ice Cream,true,Title,Default Title,,,,,,,,AYR-0296,0.0,,0,continue,manual,3.50,,true,true,,,,,,https://cdn.shopify.com/s/files/1/0819/7885/1544/files/vx02e2-ice_20queen_20bom_20bom_20ice_20cream_20_E2_80_93_2080_20ml.png?v=1781343512,1,ICE QUEEN Bom Bom Ice Cream 80ml,false,,,,,,,,,,kg,,,active
vanilla-strawberry-sandwich-ice-cream-160ml,Vanilla & Strawberry Sandwich Ice Cream 160ml,"",Ayira Mini Mart,,Ice Cream,Ice Cream,true,Title,Default Title,,,,,,,,AYR-0295,0.0,,0,continue,manual,4.00,,true,true,,,,,,https://cdn.shopify.com/s/files/1/0819/7885/1544/files/u5p-gg-vanilla_20.png?v=1781343512,1,Vanilla & Strawberry Sandwich Ice Cream 160ml,false,,,,,,,,,,kg,,,active
feloudeh-lemon-water-ice-70ml,Feloudeh Lemon Water Ice 70ml,"",Ayira Mini Mart,,Ice Cream,Ice Cream,true,Title,Default Title,,,,,,,,AYR-0294,0.0,,0,continue,manual,2.00,,true,true,,,,,,https://cdn.shopify.com/s/files/1/0819/7885/1544/files/vk5ipi-feloudeh_20lemon_20water_20ice_20_E2_80_93_2070_20ml.png?v=1781343511,1,Feloudeh Lemon Water Ice 70ml,false,,,,,,,,,,kg,,,active
donut-strawberry-ice-cream-85ml,Donut Strawberry Ice Cream 85ml,"",Ayira Mini Mart,,Ice Cream,Ice Cream,true,Title,Default Title,,,,,,,,AYR-0293,0.0,,0,continue,manual,3.50,,true,true,,,,,,https://cdn.shopify.com/s/files/1/0819/7885/1544/files/nx7ho--donut_20strawberry_20ice_20cream_20_E2_80_93_2085_20ml.png?v=1781343510,1,Donut Strawberry Ice Cream 85ml,false,,,,,,,,,,kg,,,active
spiner-ice-cream-170ml,Spiner Ice Cream 170ml,"",Ayira Mini Mart,,Ice Cream,Ice Cream,true,Title,Default Title,,,,,,,,AYR-0292,0.0,,0,continue,manual,3.00,,true,true,,,,,,https://cdn.shopify.com/s/files/1/0819/7885/1544/files/ls1yqu-spiner_20ice_20cream_20_E2_80_93_20170_20ml.png?v=1781343509,1,Spiner Ice Cream 170ml,false,,,,,,,,,,kg,,,active
anquria-watermelon-ice-cream-70ml,Anquria Watermelon Ice Cream 70ml,"",Ayira Mini Mart,,Ice Cream,Ice Cream,true,Title,Default Title,,,,,,,,AYR-0291,0.0,,0,continue,manual,2.00,,true,true,,,,,,https://cdn.shopify.com/s/files/1/0819/7885/1544/files/q2ry-d-anquria_20watermelon_20ice_20cream_20_E2_80_93_2070_20ml.png?v=1781343508,1,Anquria Watermelon Ice Cream 70ml,false,,,,,,,,,,kg,,,active
anquria-melon-ice-cream-70ml,Anquria Melon Ice Cream 70ml,"",Ayira Mini Mart,,Ice Cream,Ice Cream,true,Title,Default Title,,,,,,,,AYR-0290,0.0,,0,continue,manual,2.00,,true,true,,,,,,https://cdn.shopify.com/s/files/1/0819/7885/1544/files/sh0dsb-anquria_20melon_20ice_20cream_20_E2_80_93_2070_20ml.png?v=1781343507,1,Anquria Melon Ice Cream 70ml,false,,,,,,,,,,kg,,,active
xtreme-butterscotch-ice-cream-110ml,Xtreme Butterscotch Ice Cream 110ml,"",Ayira Mini Mart,,Ice Cream,Ice Cream,true,Title,Default Title,,,,,,,,AYR-0289,0.0,,0,continue,manual,4.00,,true,true,,,,,,https://cdn.shopify.com/s/files/1/0819/7885/1544/files/awscuh-xtreme_20butterscotch_20ice_20cream_20_E2_80_93_20110_20ml.png?v=1781343506,1,Xtreme Butterscotch Ice Cream 110ml,false,,,,,,,,,,kg,,,active
big-4-in-1-ice-cream-64g,Big 4 in 1 Ice Cream 64g,"",Ayira Mini Mart,,Ice Cream,Ice Cream,true,Title,Default Title,,,,,,,,AYR-0288,0.0,,0,continue,manual,3.00,,true,true,,,,,,https://cdn.shopify.com/s/files/1/0819/7885/1544/files/kx-j5o-big_204_20in_201_20ice_20cream_20_E2_80_93_2064_20gm.png?v=1781343505,1,Big 4 in 1 Ice Cream 64g,false,,,,,,,,,,kg,,,active
melon-water-ice-70g,Melon Water Ice 70g,"",Ayira Mini Mart,,Ice Cream,Ice Cream,true,Title,Default Title,,,,,,,,AYR-0287,0.0,,0,continue,manual,2.00,,true,true,,,,,,https://cdn.shopify.com/s/files/1/0819/7885/1544/files/fip5fh-melon_20water_20ice_20_E2_80_93_2070_20gm.png?v=1781343505,1,Melon Water Ice 70g,false,,,,,,,,,,kg,,,active
xtreme-pop-ice-cream-60ml,Xtreme Pop Ice Cream 60ml,"",Ayira Mini Mart,,Ice Cream,Ice Cream,true,Title,Default Title,,,,,,,,AYR-0286,0.0,,0,continue,manual,2.00,,true,true,,,,,,https://cdn.shopify.com/s/files/1/0819/7885/1544/files/kyiihy-xtreme_20pop_20_E2_80_93_2060_20ml.png?v=1781343504,1,Xtreme Pop Ice Cream 60ml,false,,,,,,,,,,kg,,,active
twistee-strawberry-lemon-water-ice-cream-65g,Twistee Strawberry & Lemon Water Ice Cream 65g,"",Ayira Mini Mart,,Ice Cream,Ice Cream,true,Title,Default Title,,,,,,,,AYR-0285,0.0,,0,continue,manual,2.00,,true,true,,,,,,https://cdn.shopify.com/s/files/1/0819/7885/1544/files/ez6lxd-twistee_20strawberry_20.png?v=1781343503,1,Twistee Strawberry & Lemon Water Ice Cream 65g,false,,,,,,,,,,kg,,,active
muncho-almond-semi-ice-milk-120ml,Muncho Almond Semi Ice Milk 120ml,"",Ayira Mini Mart,,Ice Cream,Ice Cream,true,Title,Default Title,,,,,,,,AYR-0284,0.0,,0,continue,manual,4.00,,true,true,,,,,,https://cdn.shopify.com/s/files/1/0819/7885/1544/files/7aqid3-muncho_20almond_20semi_20ice_20milk_20_E2_80_93_20120_20ml.png?v=1781343502,1,Muncho Almond Semi Ice Milk 120ml,false,,,,,,,,,,kg,,,active
maharaj-kulfi-semi-ice-milk-80g,Maharaj Kulfi Semi Ice Milk 80g,"",Ayira Mini Mart,,Ice Cream,Ice Cream,true,Title,Default Title,,,,,,,,AYR-0283,0.0,,0,continue,manual,4.50,,true,true,,,,,,https://cdn.shopify.com/s/files/1/0819/7885/1544/files/o5dpuu-maharaj_20kulfi_20semi_20ice_20milk_20_E2_80_93_2080_20gm.png?v=1781343501,1,Maharaj Kulfi Semi Ice Milk 80g,false,,,,,,,,,,kg,,,active
hershey-s-cookies-cream-ice-cream-61g,Hershey’s Cookies & Cream Ice Cream 61g,"",Ayira Mini Mart,,Ice Cream,Ice Cream,true,Title,Default Title,,,,,,,,AYR-0282,0.0,,0,continue,manual,9.50,,true,true,,,,,,https://cdn.shopify.com/s/files/1/0819/7885/1544/files/s-hbss-hershey_E2_80_99s_20cookies_20.png?v=1781343501,1,Hershey’s Cookies & Cream Ice Cream 61g,false,,,,,,,,,,kg,,,active
hershey-s-cookie-chocolate-ice-cream-61g,Hershey’s Cookie & Chocolate Ice Cream 61g,"",Ayira Mini Mart,,Ice Cream,Ice Cream,true,Title,Default Title,,,,,,,,AYR-0281,0.0,,0,continue,manual,9.50,,true,true,,,,,,https://cdn.shopify.com/s/files/1/0819/7885/1544/files/rnf1dj-hershey_E2_80_99s_20cookie_20.png?v=1781343500,1,Hershey’s Cookie & Chocolate Ice Cream 61g,false,,,,,,,,,,kg,,,active
reese-s-peanut-butter-chocolate-ice-cream-61ml,Reese’s Peanut Butter Chocolate Ice Cream 61ml,"",Ayira Mini Mart,,Ice Cream,Ice Cream,true,Title,Default Title,,,,,,,,AYR-0280,0.0,,0,continue,manual,9.50,,true,true,,,,,,https://cdn.shopify.com/s/files/1/0819/7885/1544/files/9xxf90-reese_E2_80_99s_20peanut_20butter_20chocolate_20ice_20cream_20_E2_80_93_2061_20ml.png?v=1781343498,1,Reese’s Peanut Butter Chocolate Ice Cream 61ml,false,,,,,,,,,,kg,,,active
reese-s-peanut-butter-sandwich-ice-cream-63g,Reese’s Peanut Butter Sandwich Ice Cream 63g,"",Ayira Mini Mart,,Ice Cream,Ice Cream,true,Title,Default Title,,,,,,,,AYR-0279,0.0,,0,continue,manual,7.50,,true,true,,,,,,https://cdn.shopify.com/s/files/1/0819/7885/1544/files/2x0jef-reese_E2_80_99s_20peanut_20butter_20sandwich_20ice_20cream_20_E2_80_93_2063_20gm.png?v=1781343498,1,Reese’s Peanut Butter Sandwich Ice Cream 63g,false,,,,,,,,,,kg,,,active
reese-s-peanut-butter-ice-cream-100ml,Reese’s Peanut Butter Ice Cream 100ml,"",Ayira Mini Mart,,Ice Cream,Ice Cream,true,Title,Default Title,,,,,,,,AYR-0278,0.0,,0,continue,manual,7.50,,true,true,,,,,,https://cdn.shopify.com/s/files/1/0819/7885/1544/files/84vjn0-reese_E2_80_99s_20peanut_20butter_20_E2_80_93_20100_20ml.png?v=1781343497,1,Reese’s Peanut Butter Ice Cream 100ml,false,,,,,,,,,,kg,,,active
galaxy-vanilla-ice-cream-50g,Galaxy Vanilla Ice Cream 50g,"",Ayira Mini Mart,,Ice Cream,Ice Cream,true,Title,Default Title,,,,,,,,AYR-0277,0.0,,0,continue,manual,4.50,,true,true,,,,,,https://cdn.shopify.com/s/files/1/0819/7885/1544/files/y95j9d-galaxy_20vanilla_20ice_20cream_20_E2_80_93_2050_20gm.png?v=1781343496,1,Galaxy Vanilla Ice Cream 50g,false,,,,,,,,,,kg,,,active
bounty-ice-cream-50g,Bounty Ice Cream 50g,"",Ayira Mini Mart,,Ice Cream,Ice Cream,true,Title,Default Title,,,,,,,,AYR-0276,0.0,,0,continue,manual,4.50,,true,true,,,,,,https://cdn.shopify.com/s/files/1/0819/7885/1544/files/qws9ww-bounty_20ice_20cream_20_E2_80_93_2050_20gm.png?v=1781343495,1,Bounty Ice Cream 50g,false,,,,,,,,,,kg,,,active
twix-ice-cream-40g,Twix Ice Cream 40g,"",Ayira Mini Mart,,Ice Cream,Ice Cream,true,Title,Default Title,,,,,,,,AYR-0275,0.0,,0,continue,manual,4.50,,true,true,,,,,,https://cdn.shopify.com/s/files/1/0819/7885/1544/files/0lw4ea-twix_20ice_20cream_20_E2_80_93_2040_20gm.png?v=1781343494,1,Twix Ice Cream 40g,false,,,,,,,,,,kg,,,active
snickers-peanut-butter-creamy-ice-cream-36-5g,Snickers Peanut Butter Creamy Ice Cream 36.5g,"",Ayira Mini Mart,,Ice Cream,Ice Cream,true,Title,Default Title,,,,,,,,AYR-0274,0.0,,0,continue,manual,4.50,,true,true,,,,,,https://cdn.shopify.com/s/files/1/0819/7885/1544/files/h0nun6-stickers_20peanut_20butter_20creamy_20ice_20cream_20_E2_80_93_2036.5_20gm.png?v=1781343494,1,Snickers Peanut Butter Creamy Ice Cream 36.5g,false,,,,,,,,,,kg,,,active
mars-ice-cream-51g,Mars Ice Cream 51g,"",Ayira Mini Mart,,Ice Cream,Ice Cream,true,Title,Default Title,,,,,,,,AYR-0273,0.0,,0,continue,manual,4.50,,true,true,,,,,,https://cdn.shopify.com/s/files/1/0819/7885/1544/files/z4h568-mars_20ice_20cream_20_E2_80_93_2051_20gm.png?v=1781343493,1,Mars Ice Cream 51g,false,,,,,,,,,,kg,,,active
snickers-ice-cream-73-5g,Snickers Ice Cream 73.5g,"",Ayira Mini Mart,,Ice Cream,Ice Cream,true,Title,Default Title,,,,,,,,AYR-0272,0.0,,0,continue,manual,8.00,,true,true,,,,,,https://cdn.shopify.com/s/files/1/0819/7885/1544/files/stwemh-stickers_20ice_20cream_20_E2_80_93_2073.5_20gm.png?v=1781343492,1,Snickers Ice Cream 73.5g,false,,,,,,,,,,kg,,,active
galaxy-almond-ice-cream-58g,Galaxy Almond Ice Cream 58g,"",Ayira Mini Mart,,Ice Cream,Ice Cream,true,Title,Default Title,,,,,,,,AYR-0271,0.0,,0,continue,manual,7.00,,true,true,,,,,,https://cdn.shopify.com/s/files/1/0819/7885/1544/files/dkdel--galaxy_20almond_20ice_20cream_20_E2_80_93_2058_20gm.png?v=1781343491,1,Galaxy Almond Ice Cream 58g,false,,,,,,,,,,kg,,,active
snickers-ice-cream-70g,Snickers Ice Cream 70g,"",Ayira Mini Mart,,Ice Cream,Ice Cream,true,Title,Default Title,,,,,,,,AYR-0270,0.0,,0,continue,manual,7.00,,true,true,,,,,,https://cdn.shopify.com/s/files/1/0819/7885/1544/files/10i1n1-stickers_20ice_20cream_20_E2_80_93_2070_20gm.png?v=1781343490,1,Snickers Ice Cream 70g,false,,,,,,,,,,kg,,,active
galaxy-vanilla-ice-cream-59g,Galaxy Vanilla Ice Cream 59g,"",Ayira Mini Mart,,Ice Cream,Ice Cream,true,Title,Default Title,,,,,,,,AYR-0269,0.0,,0,continue,manual,6.00,,true,true,,,,,,https://cdn.shopify.com/s/files/1/0819/7885/1544/files/pw8vxg-glace_20vanilla_20ice_20cream_20_E2_80_93_2059_20gm.png?v=1781343489,1,Galaxy Vanilla Ice Cream 59g,false,,,,,,,,,,kg,,,active
galaxy-hazelnut-chocolate-ice-cream-73g,Galaxy Hazelnut & Chocolate Ice Cream 73g,"",Ayira Mini Mart,,Ice Cream,Ice Cream,true,Title,Default Title,,,,,,,,AYR-0268,0.0,,0,continue,manual,6.00,,true,true,,,,,,https://cdn.shopify.com/s/files/1/0819/7885/1544/files/53kkpe-galaxy_20hazelnut_20.png?v=1781343489,1,Galaxy Hazelnut & Chocolate Ice Cream 73g,false,,,,,,,,,,kg,,,active
kdd-chocolate-ice-cream-100g,KDD Chocolate Ice Cream 100g,"",Ayira Mini Mart,,Ice Cream,Ice Cream,true,Title,Default Title,,,,,,,,AYR-0267,0.0,,0,continue,manual,3.50,,true,true,,,,,,https://cdn.shopify.com/s/files/1/0819/7885/1544/files/q8-9kd-kdd_20chocolate_20ice_20cream_20silver_20cones_20100c_62d17f61-fcc6-4368-be8d-8d3c48785aab.jpg?v=1781343488,1,KDD Chocolate Ice Cream 100g,false,,,,,,,,,,kg,,,active
kdd-strawberry-ice-cream-100g,KDD Strawberry Ice Cream 100g,"",Ayira Mini Mart,,Ice Cream,Ice Cream,true,Title,Default Title,,,,,,,,AYR-0266,0.0,,0,continue,manual,1.50,,true,true,,,,,,https://cdn.shopify.com/s/files/1/0819/7885/1544/files/ri4j0u-kdd_20strawberry_20ice_20cream_20100_20gm.jpg?v=1781343487,1,KDD Strawberry Ice Cream 100g,false,,,,,,,,,,kg,,,active
kdd-choco-rico-ice-cream-62-5g,KDD Choco Rico Ice Cream 62.5g,"",Ayira Mini Mart,,Ice Cream,Ice Cream,true,Title,Default Title,,,,,,,,AYR-0265,0.0,,0,continue,manual,1.50,,true,true,,,,,,https://cdn.shopify.com/s/files/1/0819/7885/1544/files/0r9p1m-kdd_20choco_20rico_20ice_20cream_2062.5_20gm.jpg?v=1781343486,1,KDD Choco Rico Ice Cream 62.5g,false,,,,,,,,,,kg,,,active
kdd-vanilla-almond-ice-cream-95g,KDD Vanilla Almond Ice Cream 95g,"",Ayira Mini Mart,,Ice Cream,Ice Cream,true,Title,Default Title,,,,,,,,AYR-0264,0.0,,0,continue,manual,3.00,,true,true,,,,,,https://cdn.shopify.com/s/files/1/0819/7885/1544/files/bcpv12-kdd_20vanilla_20almond_20ice_20cream_2095_20gm.jpg?v=1781343485,1,KDD Vanilla Almond Ice Cream 95g,false,,,,,,,,,,kg,,,active
kdd-orange-lolly-water-ice-62-5g,KDD Orange Lolly Water Ice 62.5g,"",Ayira Mini Mart,,Ice Cream,Ice Cream,true,Title,Default Title,,,,,,,,AYR-0263,0.0,,0,continue,manual,1.00,,true,true,,,,,,https://cdn.shopify.com/s/files/1/0819/7885/1544/files/dtw3eg-kdd_20orange_20lolly_20water_20ice_2062.5_20gm.png?v=1781343485,1,KDD Orange Lolly Water Ice 62.5g,false,,,,,,,,,,kg,,,active
kdd-lulu-ice-cream-chocolate-nougat-100ml,KDD Lulu Ice Cream – Chocolate & Nougat 100ml,"",Ayira Mini Mart,,Ice Cream,Ice Cream,true,Title,Default Title,,,,,,,,AYR-0262,0.0,,0,continue,manual,3.50,,true,true,,,,,,https://cdn.shopify.com/s/files/1/0819/7885/1544/files/ugee-b-kdd_20lulu_20ice_20cream_20_E2_80_93_20chocolate_20.png?v=1781343484,1,KDD Lulu Ice Cream – Chocolate & Nougat 100ml,false,,,,,,,,,,kg,,,active
kdd-vanilla-ice-cream-biscuit-sandwich-77ml,KDD Vanilla Ice Cream Biscuit Sandwich 77ml,"",Ayira Mini Mart,,Ice Cream,Ice Cream,true,Title,Default Title,,,,,,,,AYR-0261,0.0,,0,continue,manual,1.00,,true,true,,,,,,https://cdn.shopify.com/s/files/1/0819/7885/1544/files/bbr2qb-kdd_20vanilla_20ice_20cream_20biscuit_20sandwich_2077_20ml.png?v=1781343484,1,KDD Vanilla Ice Cream Biscuit Sandwich 77ml,false,,,,,,,,,,kg,,,active
dandy-trio-ice-cream-80ml,Dandy Trio Ice Cream 80ml,"",Ayira Mini Mart,,Ice Cream,Ice Cream,true,Title,Default Title,,,,,,,,AYR-0260,0.0,,0,continue,manual,1.50,,true,true,,,,,,https://cdn.shopify.com/s/files/1/0819/7885/1544/files/3h36mz-dandy_20trio_2080_20ml.png?v=1781343482,1,Dandy Trio Ice Cream 80ml,false,,,,,,,,,,kg,,,active
dandy-sandwich-ice-cream-100ml,Dandy Sandwich Ice Cream 100ml,"",Ayira Mini Mart,,Ice Cream,Ice Cream,true,Title,Default Title,,,,,,,,AYR-0259,0.0,,0,continue,manual,2.50,,true,true,,,,,,https://cdn.shopify.com/s/files/1/0819/7885/1544/files/e6jjle-dandy_20ice_20cream_20sandwich_20100ml_98dc3cfd-1296-4682-b7db-6d003c072e60.png?v=1781343482,1,Dandy Sandwich Ice Cream 100ml,false,,,,,,,,,,kg,,,active
daity-amiral-ice-cream-80g,Daity Amiral Ice Cream 80g,"",Ayira Mini Mart,,Ice Cream,Ice Cream,true,Title,Default Title,,,,,,,,AYR-0258,0.0,,0,continue,manual,5.00,,true,true,,,,,,https://cdn.shopify.com/s/files/1/0819/7885/1544/files/y8uo3--daity_20amiral_2080_20gm.png?v=1781343481,1,Daity Amiral Ice Cream 80g,false,,,,,,,,,,kg,,,active
daity-sarin-ice-cream-90ml,Daity Sarin Ice Cream 90ml,"",Ayira Mini Mart,,Ice Cream,Ice Cream,true,Title,Default Title,,,,,,,,AYR-0257,0.0,,0,continue,manual,5.00,,true,true,,,,,,https://cdn.shopify.com/s/files/1/0819/7885/1544/files/y9mz3z-daity_20sarin_20ice_20cream_2090ml_20_E2_80_93_20daity_20sarin_20_D8_A2_D9_8A_D8_B3_20_D9_83_D8_B1_D9_8A_D9_85_2090_20_D9_85_D9_84.png?v=1781343480,1,Daity Sarin Ice Cream 90ml,false,,,,,,,,,,kg,,,active
dandy-50-50-ice-cream-100ml-2,Dandy 50-50 Ice Cream 100ml,"",Ayira Mini Mart,,Ice Cream,Ice Cream,true,Title,Default Title,,,,,,,,AYR-0256,0.0,,0,continue,manual,3.50,,true,true,,,,,,https://cdn.shopify.com/s/files/1/0819/7885/1544/files/hj1jce-dandy_2050-50_20100ml.jpg?v=1781343479,1,Dandy 50-50 Ice Cream 100ml,false,,,,,,,,,,kg,,,active
dandy-almond-delight-ice-cream-100ml-2,Dandy Almond Delight Ice Cream 100ml,"",Ayira Mini Mart,,Ice Cream,Ice Cream,true,Title,Default Title,,,,,,,,AYR-0255,0.0,,0,continue,manual,3.50,,true,true,,,,,,https://cdn.shopify.com/s/files/1/0819/7885/1544/files/2t1hqh-dandy_20almond_20delight_20100ml_133b8099-20c6-4551-b6be-12fe269dcd17.jpg?v=1781343478,1,Dandy Almond Delight Ice Cream 100ml,false,,,,,,,,,,kg,,,active
dandy-peanut-delight-ice-cream-100ml,Dandy Peanut Delight Ice Cream 100ml,"",Ayira Mini Mart,,Ice Cream,Ice Cream,true,Title,Default Title,,,,,,,,AYR-0254,0.0,,0,continue,manual,3.50,,true,true,,,,,,https://cdn.shopify.com/s/files/1/0819/7885/1544/files/famj6j-dandy_20peanut_20delight_20100ml.jpg?v=1781343477,1,Dandy Peanut Delight Ice Cream 100ml,false,,,,,,,,,,kg,,,active
dandy-swirly-ice-cream-80ml,Dandy Swirly Ice Cream 80ml,"",Ayira Mini Mart,,Ice Cream,Ice Cream,true,Title,Default Title,,,,,,,,AYR-0253,0.0,,0,continue,manual,1.50,,true,true,,,,,,https://cdn.shopify.com/s/files/1/0819/7885/1544/files/7q37ll-dandy_20swirly_2080_20ml.png?v=1781343476,1,Dandy Swirly Ice Cream 80ml,false,,,,,,,,,,kg,,,active
dairy-fruity-spiral-5g,Dairy Fruity Spiral 5g,"",Ayira Mini Mart,,Ice Cream,Ice Cream,true,Title,Default Title,,,,,,,,AYR-0252,0.0,,0,continue,manual,3.50,,true,true,,,,,,https://cdn.shopify.com/s/files/1/0819/7885/1544/files/p49464-dairy_20fruity_20spiral_205_20g.png?v=1781343476,1,Dairy Fruity Spiral 5g,false,,,,,,,,,,kg,,,active
semi-ice-milk-vanilla-44g,Semi-Ice Milk Vanilla 44g,"",Ayira Mini Mart,,Ice Cream,Ice Cream,true,Title,Default Title,,,,,,,,AYR-0251,0.0,,0,continue,manual,1.50,,true,true,,,,,,https://cdn.shopify.com/s/files/1/0819/7885/1544/files/cz8lhz-semi-ice_20milk_20vanilla_2044_20g.png?v=1781343475,1,Semi-Ice Milk Vanilla 44g,false,,,,,,,,,,kg,,,active
ice-pop-blue-raspberry-54g,Ice Pop Blue Raspberry 54g,"",Ayira Mini Mart,,Ice Cream,Ice Cream,true,Title,Default Title,,,,,,,,AYR-0250,0.0,,0,continue,manual,1.50,,true,true,,,,,,https://cdn.shopify.com/s/files/1/0819/7885/1544/files/k-yusf-ice_20pop_20blue_20raspberry_2054_20g.png?v=1781343474,1,Ice Pop Blue Raspberry 54g,false,,,,,,,,,,kg,,,active
igloo-vanilla-sandwich-evens-55g,Igloo Vanilla Sandwich Evens 55g,"",Ayira Mini Mart,,Ice Cream,Ice Cream,true,Title,Default Title,,,,,,,,AYR-0249,0.0,,0,continue,manual,2.50,,true,true,,,,,,https://cdn.shopify.com/s/files/1/0819/7885/1544/files/f8i-po-igloo_20vanilla_20sandwich_20evens_2055_20g.png?v=1781343473,1,Igloo Vanilla Sandwich Evens 55g,false,,,,,,,,,,kg,,,active
igloo-hyperloop-ice-cream-68g,Igloo Hyperloop Ice Cream 68g,"",Ayira Mini Mart,,Ice Cream,Ice Cream,true,Title,Default Title,,,,,,,,AYR-0248,0.0,,0,continue,manual,2.50,,true,true,,,,,,https://cdn.shopify.com/s/files/1/0819/7885/1544/files/ymiyd6-igloo_20hyperloop_2068_20g.png?v=1781343472,1,Igloo Hyperloop Ice Cream 68g,false,,,,,,,,,,kg,,,active
igloo-big-3-in-1-ice-cream-58g,Igloo Big 3 in 1 Ice Cream 58g,"",Ayira Mini Mart,,Ice Cream,Ice Cream,true,Title,Default Title,,,,,,,,AYR-0247,0.0,,0,continue,manual,2.00,,true,true,,,,,,https://cdn.shopify.com/s/files/1/0819/7885/1544/files/uq4h5o-igloo_20big_203_20in_201_2058_20g.png?v=1781343471,1,Igloo Big 3 in 1 Ice Cream 58g,false,,,,,,,,,,kg,,,active
dairy-sarin-ice-cream-90g,Dairy Sarin Ice Cream 90g,"",Ayira Mini Mart,,Ice Cream,Ice Cream,true,Title,Default Title,,,,,,,,AYR-0246,0.0,,0,continue,manual,4.50,,true,true,,,,,,https://cdn.shopify.com/s/files/1/0819/7885/1544/files/uq8jl8-dairy_20sarin_2090_20g.png?v=1781343470,1,Dairy Sarin Ice Cream 90g,false,,,,,,,,,,kg,,,active
igloo-push-up-semi-milk,Igloo Push Up Semi-Milk,"",Ayira Mini Mart,,Ice Cream,Ice Cream,true,Title,Default Title,,,,,,,,AYR-0245,0.0,,0,continue,manual,3.50,,true,true,,,,,,https://cdn.shopify.com/s/files/1/0819/7885/1544/files/tvo26v-igloo_20push_20up_20semi-milk.png?v=1781343469,1,Igloo Push Up Semi-Milk,false,,,,,,,,,,kg,,,active
igloo-kulfi-royal-kesari-65ml,Igloo Kulfi Royal Kesari 65ml,"",Ayira Mini Mart,,Ice Cream,Ice Cream,true,Title,Default Title,,,,,,,,AYR-0244,0.0,,0,continue,manual,3.00,,true,true,,,,,,https://cdn.shopify.com/s/files/1/0819/7885/1544/files/o48dxz-igloo_20kulfi_20royal_20kesari_2065_20ml.png?v=1781343469,1,Igloo Kulfi Royal Kesari 65ml,false,,,,,,,,,,kg,,,active
igloo-traditional-malai-kulfi-pistachio-cashew-85g,Igloo Traditional Malai Kulfi Pistachio & Cashew 85g,"",Ayira Mini Mart,,Ice Cream,Ice Cream,true,Title,Default Title,,,,,,,,AYR-0243,0.0,,0,continue,manual,3.50,,true,true,,,,,,https://cdn.shopify.com/s/files/1/0819/7885/1544/files/ov2gax-igloo_20traditional_20malai_20kulfi_20pistachio_20.png?v=1781343468,1,Igloo Traditional Malai Kulfi Pistachio & Cashew 85g,false,,,,,,,,,,kg,,,active
igloo-kulfi-creamy-pista-65ml,Igloo Kulfi Creamy Pista 65ml,"",Ayira Mini Mart,,Ice Cream,Ice Cream,true,Title,Default Title,,,,,,,,AYR-0242,0.0,,0,continue,manual,3.00,,true,true,,,,,,https://cdn.shopify.com/s/files/1/0819/7885/1544/files/vjtoca-igloo_20kulfi_20creamy_20pista_2065_20ml.png?v=1781343467,1,Igloo Kulfi Creamy Pista 65ml,false,,,,,,,,,,kg,,,active
igloo-kulfi-alphonso-mango-65ml,Igloo Kulfi Alphonso Mango 65ml,"",Ayira Mini Mart,,Ice Cream,Ice Cream,true,Title,Default Title,,,,,,,,AYR-0241,0.0,,0,continue,manual,3.00,,true,true,,,,,,https://cdn.shopify.com/s/files/1/0819/7885/1544/files/lmrpv7-igloo_20kulfi_20alphonso_20mango_2065_20ml.png?v=1781343466,1,Igloo Kulfi Alphonso Mango 65ml,false,,,,,,,,,,kg,,,active
br-baskin-robbins-pralines-n-cream-120ml,BR Baskin-Robbins Pralines ’n Cream 120ml,"",Ayira Mini Mart,,Ice Cream,Ice Cream,true,Title,Default Title,,,,,,,,AYR-0240,0.0,,0,continue,manual,10.00,,true,true,,,,,,https://cdn.shopify.com/s/files/1/0819/7885/1544/files/7eyyii-br_20baskin-robbins_20pralines_20_E2_80_98n_20cream_20120_20ml.png?v=1781343465,1,BR Baskin-Robbins Pralines ’n Cream 120ml,false,,,,,,,,,,kg,,,active
kinder-bueno-ice-cream-62g,Kinder Bueno Ice Cream 62g,"",Ayira Mini Mart,,Ice Cream,Ice Cream,true,Title,Default Title,,,,,,,,AYR-0239,0.0,,0,continue,manual,10.00,,true,true,,,,,,https://cdn.shopify.com/s/files/1/0819/7885/1544/files/z219cq-kinder_20bueno_2062_20g.png?v=1781343464,1,Kinder Bueno Ice Cream 62g,false,,,,,,,,,,kg,,,active
br-baskin-robbins-cotton-candy-120ml,BR Baskin-Robbins Cotton Candy 120ml,"",Ayira Mini Mart,,Ice Cream,Ice Cream,true,Title,Default Title,,,,,,,,AYR-0238,0.0,,0,continue,manual,10.00,,true,true,,,,,,https://cdn.shopify.com/s/files/1/0819/7885/1544/files/capnsl-br_20baskin-robbins_20cotton_20candy_20120_20ml.png?v=1781343464,1,BR Baskin-Robbins Cotton Candy 120ml,false,,,,,,,,,,kg,,,active
ferrero-rocher-classic-ice-cream-50g,Ferrero Rocher Classic Ice Cream 50g,"",Ayira Mini Mart,,Ice Cream,Ice Cream,true,Title,Default Title,,,,,,,,AYR-0237,0.0,,0,continue,manual,10.00,,true,true,,,,,,https://cdn.shopify.com/s/files/1/0819/7885/1544/files/tgia9q-ferrero_20rocher_20classic_20icecream_2050_20g.png?v=1781343463,1,Ferrero Rocher Classic Ice Cream 50g,false,,,,,,,,,,kg,,,active
cadbury-dairy-milk-ice-cream-90ml,Cadbury Dairy Milk Ice Cream 90ml,"",Ayira Mini Mart,,Ice Cream,Ice Cream,true,Title,Default Title,,,,,,,,AYR-0236,0.0,,0,continue,manual,10.00,,true,true,,,,,,https://cdn.shopify.com/s/files/1/0819/7885/1544/files/j2ae49-cadbury_20dairy_20milk_2090_20ml.png?v=1781343462,1,Cadbury Dairy Milk Ice Cream 90ml,false,,,,,,,,,,kg,,,active
kitkat-ice-cream-90ml,KitKat Ice Cream 90ml,"",Ayira Mini Mart,,Ice Cream,Ice Cream,true,Title,Default Title,,,,,,,,AYR-0235,0.0,,0,continue,manual,8.50,,true,true,,,,,,https://cdn.shopify.com/s/files/1/0819/7885/1544/files/cgxnm6-kitkat_20vanilla_20chocolate_20ice_20cream_20cone.png?v=1781343461,1,KitKat Ice Cream 90ml,false,,,,,,,,,,kg,,,active
contetteria-raffaello-ice-cream-47g,Contetteria Raffaello Ice Cream 47g,"",Ayira Mini Mart,,Ice Cream,Ice Cream,true,Title,Default Title,,,,,,,,AYR-0234,0.0,,0,continue,manual,10.00,,true,true,,,,,,https://cdn.shopify.com/s/files/1/0819/7885/1544/files/1og1rz-contetteria_20raffaello_2047_20g.png?v=1781343460,1,Contetteria Raffaello Ice Cream 47g,false,,,,,,,,,,kg,,,active
oreo-sandwich-with-cookie-pieces-80g,Oreo Sandwich with Cookie Pieces 80g,"",Ayira Mini Mart,,Ice Cream,Ice Cream,true,Title,Default Title,,,,,,,,AYR-0233,0.0,,0,continue,manual,10.00,,true,true,,,,,,https://cdn.shopify.com/s/files/1/0819/7885/1544/files/3v86sm-oreo_20sandwich_20with_20cookie_20pieces_2080_20g.png?v=1781343460,1,Oreo Sandwich with Cookie Pieces 80g,false,,,,,,,,,,kg,,,active
bonetto-vanilla-ice-cream,Bonetto Vanilla Ice Cream,"",Ayira Mini Mart,,Ice Cream,Ice Cream,true,Title,Default Title,,,,,,,,AYR-0232,0.0,,0,continue,manual,3.50,,true,true,,,,,,https://cdn.shopify.com/s/files/1/0819/7885/1544/files/5gi0vi-ronetto_20vanilla_20ice_20cream.png?v=1781343459,1,Bonetto Vanilla Ice Cream,false,,,,,,,,,,kg,,,active
iceland-vanilla-ice-cream,Iceland Vanilla Ice Cream,"",Ayira Mini Mart,,Ice Cream,Ice Cream,true,Title,Default Title,,,,,,,,AYR-0231,0.0,,0,continue,manual,3.50,,true,true,,,,,,https://cdn.shopify.com/s/files/1/0819/7885/1544/files/qtefox-iceland_20vanilla_20ice_20cream.png?v=1781343458,1,Iceland Vanilla Ice Cream,false,,,,,,,,,,kg,,,active
penguin-vanilla-ice-cream,Penguin Vanilla Ice Cream,"",Ayira Mini Mart,,Ice Cream,Ice Cream,true,Title,Default Title,,,,,,,,AYR-0230,0.0,,0,continue,manual,3.50,,true,true,,,,,,https://cdn.shopify.com/s/files/1/0819/7885/1544/files/ts8u5k-penguin_20vanilla_20ice_20cream.png?v=1781343457,1,Penguin Vanilla Ice Cream,false,,,,,,,,,,kg,,,active
plombir-vanilla-ice-cream-15,Plombir Vanilla Ice Cream 15%,"",Ayira Mini Mart,,Ice Cream,Ice Cream,true,Title,Default Title,,,,,,,,AYR-0229,0.0,,0,continue,manual,4.50,,true,true,,,,,,https://cdn.shopify.com/s/files/1/0819/7885/1544/files/sn0l0s-plombir_2520vanilla_252015_25.png?v=1781343456,1,Plombir Vanilla Ice Cream 15%,false,,,,,,,,,,kg,,,active
iceland-luna-hazelnut-chocolate-and-panna-cotta,Iceland Luna Hazelnut Chocolate and Panna Cotta,"",Ayira Mini Mart,,Ice Cream,Ice Cream,true,Title,Default Title,,,,,,,,AYR-0228,0.0,,0,continue,manual,4.50,,true,true,,,,,,https://cdn.shopify.com/s/files/1/0819/7885/1544/files/l9dti6-iceland_20luna_20hazelnut_20chocolate_20and_20panna_20cotta.png?v=1781343456,1,Iceland Luna Hazelnut Chocolate and Panna Cotta,false,,,,,,,,,,kg,,,active
iceland-luna-panna-cotta-aromatic-with-chocolate-topping,Iceland Luna Panna Cotta Aromatic with Chocolate Topping,"",Ayira Mini Mart,,Ice Cream,Ice Cream,true,Title,Default Title,,,,,,,,AYR-0227,0.0,,0,continue,manual,5.50,,true,true,,,,,,https://cdn.shopify.com/s/files/1/0819/7885/1544/files/pndlgk-iceland_20luna_20panna_20cotta_20aromatic_20with_20chocolate_20topping.png?v=1781343455,1,Iceland Luna Panna Cotta Aromatic with Chocolate Topping,false,,,,,,,,,,kg,,,active
cookies-cream-ice-cream-75g,Cookies & Cream Ice Cream 75g,"",Ayira Mini Mart,,Ice Cream,Ice Cream,true,Title,Default Title,,,,,,,,AYR-0226,0.0,,0,continue,manual,3.50,,true,true,,,,,,https://cdn.shopify.com/s/files/1/0819/7885/1544/files/ksr42x-cookies_20.png?v=1781343454,1,Cookies & Cream Ice Cream 75g,false,,,,,,,,,,kg,,,active
balou-balou-vanilla-ice-cream-69g,Balou Balou Vanilla Ice Cream 69g,"",Ayira Mini Mart,,Ice Cream,Ice Cream,true,Title,Default Title,,,,,,,,AYR-0225,0.0,,0,continue,manual,3.50,,true,true,,,,,,https://cdn.shopify.com/s/files/1/0819/7885/1544/files/uuxca9-balou_20balou_20vanilla_2069_20gm.png?v=1781343453,1,Balou Balou Vanilla Ice Cream 69g,false,,,,,,,,,,kg,,,active
duet-mango-vanilla-ice-cream-65ml,Duet Mango & Vanilla Ice Cream 65ml,"",Ayira Mini Mart,,Ice Cream,Ice Cream,true,Title,Default Title,,,,,,,,AYR-0224,0.0,,0,continue,manual,2.50,,true,true,,,,,,https://cdn.shopify.com/s/files/1/0819/7885/1544/files/4hbhsk-duet_20mango_20.png?v=1781343452,1,Duet Mango & Vanilla Ice Cream 65ml,false,,,,,,,,,,kg,,,active
duet-raspberry-vanilla-ice-cream-65ml,Duet Raspberry & Vanilla Ice Cream 65ml,"",Ayira Mini Mart,,Ice Cream,Ice Cream,true,Title,Default Title,,,,,,,,AYR-0223,0.0,,0,continue,manual,2.50,,true,true,,,,,,https://cdn.shopify.com/s/files/1/0819/7885/1544/files/y9z5ou-duet_20raspberry_20.png?v=1781343452,1,Duet Raspberry & Vanilla Ice Cream 65ml,false,,,,,,,,,,kg,,,active
strawberry-vanilla-ice-cream,Strawberry & Vanilla Ice Cream,"",Ayira Mini Mart,,Ice Cream,Ice Cream,true,Title,Default Title,,,,,,,,AYR-0222,0.0,,0,continue,manual,5.00,,true,true,,,,,,https://cdn.shopify.com/s/files/1/0819/7885/1544/files/npqajm-strawberry_20.png?v=1781343451,1,Strawberry & Vanilla Ice Cream,false,,,,,,,,,,kg,,,active
dairy-saffron-ice-cream,Dairy Saffron Ice Cream,"",Ayira Mini Mart,,Ice Cream,Ice Cream,true,Title,Default Title,,,,,,,,AYR-0221,0.0,,0,continue,manual,5.00,,true,true,,,,,,https://cdn.shopify.com/s/files/1/0819/7885/1544/files/m5uj7m-dairy_20saffron_20ice_20cream.png?v=1781343450,1,Dairy Saffron Ice Cream,false,,,,,,,,,,kg,,,active
cappuccino-vanilla-ice-cream,Cappuccino Vanilla Ice Cream,"",Ayira Mini Mart,,Ice Cream,Ice Cream,true,Title,Default Title,,,,,,,,AYR-0220,0.0,,0,continue,manual,5.00,,true,true,,,,,,https://cdn.shopify.com/s/files/1/0819/7885/1544/files/e06muw-cappuccino_20vanilla_20ice_20cream.png?v=1781343449,1,Cappuccino Vanilla Ice Cream,false,,,,,,,,,,kg,,,active
dairy-vanilla-ice-cream-decorated-with-chocolate,Dairy Vanilla Ice Cream Decorated with Chocolate,"",Ayira Mini Mart,,Ice Cream,Ice Cream,true,Title,Default Title,,,,,,,,AYR-0219,0.0,,0,continue,manual,5.00,,true,true,,,,,,https://cdn.shopify.com/s/files/1/0819/7885/1544/files/yryou-dairy_20vanilla_20ice_20cream_20decorated_20with_20chocolate.png?v=1781343448,1,Dairy Vanilla Ice Cream Decorated with Chocolate,false,,,,,,,,,,kg,,,active
mango-propotious-ice-cream,Mango Propotious Ice Cream,"",Ayira Mini Mart,,Ice Cream,Ice Cream,true,Title,Default Title,,,,,,,,AYR-0218,0.0,,0,continue,manual,20.00,,true,true,,,,,,https://cdn.shopify.com/s/files/1/0819/7885/1544/files/epro6r-mango_20propotious.png?v=1781343447,1,Mango Propotious Ice Cream,false,,,,,,,,,,kg,,,active
ice-cream-kunafa,Ice Cream Kunafa,"",Ayira Mini Mart,,Ice Cream,Ice Cream,true,Title,Default Title,,,,,,,,AYR-0217,0.0,,0,continue,manual,9.50,,true,true,,,,,,https://cdn.shopify.com/s/files/1/0819/7885/1544/files/85e7s3-ice_20cream_20kunafa.png?v=1781343446,1,Ice Cream Kunafa,false,,,,,,,,,,kg,,,active
oreo-sandwich-with-oreo-cookie-pieces-135ml,Oreo Sandwich with Oreo Cookie Pieces 135ml,"",Ayira Mini Mart,,Ice Cream,Ice Cream,true,Title,Default Title,,,,,,,,AYR-0216,0.0,,0,continue,manual,10.00,,true,true,,,,,,https://cdn.shopify.com/s/files/1/0819/7885/1544/files/jug5it-oreo_20sandwich_20with_20oreo_20cookie_20pieces_20135_20ml.png?v=1781343445,1,Oreo Sandwich with Oreo Cookie Pieces 135ml,false,,,,,,,,,,kg,,,active
oreo-cone-with-oreo-cookie-pieces-110ml,Oreo Cone with Oreo Cookie Pieces 110ml,"",Ayira Mini Mart,,Ice Cream,Ice Cream,true,Title,Default Title,,,,,,,,AYR-0215,0.0,,0,continue,manual,7.50,,true,true,,,,,,https://cdn.shopify.com/s/files/1/0819/7885/1544/files/g7sr6b-oreo_20cone_20with_20oreo_20cookie_20pieces_20110_20ml.png?v=1781343445,1,Oreo Cone with Oreo Cookie Pieces 110ml,false,,,,,,,,,,kg,,,active
oreo-stick-with-oreo-cookie-pieces-64g,Oreo Stick with Oreo Cookie Pieces 64g,"",Ayira Mini Mart,,Ice Cream,Ice Cream,true,Title,Default Title,,,,,,,,AYR-0214,0.0,,0,continue,manual,10.00,,true,true,,,,,,https://cdn.shopify.com/s/files/1/0819/7885/1544/files/kydq3k-oreo_20stick_20with_20oreo_20cookie_20pieces_2064_20g.png?v=1781343444,1,Oreo Stick with Oreo Cookie Pieces 64g,false,,,,,,,,,,kg,,,active
chocolate-semi-ice-milk-covered-with-chocolate-coating,Chocolate Semi Ice Milk Covered with Chocolate Coating,"",Ayira Mini Mart,,Ice Cream,Ice Cream,true,Title,Default Title,,,,,,,,AYR-0213,0.0,,0,continue,manual,1.50,,true,true,,,,,,https://cdn.shopify.com/s/files/1/0819/7885/1544/files/9ldnv--chocolate_20semi_20ice_20milk_20covered_20with_20chocolate_20coating.png?v=1781343443,1,Chocolate Semi Ice Milk Covered with Chocolate Coating,false,,,,,,,,,,kg,,,active
semi-ice-milk-with-cotton-candy,Semi Ice Milk with Cotton Candy,"",Ayira Mini Mart,,Ice Cream,Ice Cream,true,Title,Default Title,,,,,,,,AYR-0212,0.0,,0,continue,manual,3.00,,true,true,,,,,,https://cdn.shopify.com/s/files/1/0819/7885/1544/files/a30pjp-semi_20ice_20milk_20with_20cotton_20candy.png?v=1781343442,1,Semi Ice Milk with Cotton Candy,false,,,,,,,,,,kg,,,active
chocolate-semi-ice-milk-with-cone-biscuits,Chocolate Semi Ice Milk with Cone Biscuits,"",Ayira Mini Mart,,Ice Cream,Ice Cream,true,Title,Default Title,,,,,,,,AYR-0211,0.0,,0,continue,manual,1.50,,true,true,,,,,,https://cdn.shopify.com/s/files/1/0819/7885/1544/files/33omi5-chocolate_20semi_20ice_20milk_20with_20cone_20biscuits.png?v=1781343441,1,Chocolate Semi Ice Milk with Cone Biscuits,false,,,,,,,,,,kg,,,active
bamboo-strawberry-push-up,Bamboo Strawberry Push Up,"",Ayira Mini Mart,,Ice Cream,Ice Cream,true,Title,Default Title,,,,,,,,AYR-0210,0.0,,0,continue,manual,2.00,,true,true,,,,,,https://cdn.shopify.com/s/files/1/0819/7885/1544/files/eu3kez-bamboo_20strawberry_20push_20up.png?v=1781343440,1,Bamboo Strawberry Push Up,false,,,,,,,,,,kg,,,active
orange-push-up-saudia,Orange Push Up (Saudia),"",Ayira Mini Mart,,Ice Cream,Ice Cream,true,Title,Default Title,,,,,,,,AYR-0209,0.0,,0,continue,manual,2.00,,true,true,,,,,,https://cdn.shopify.com/s/files/1/0819/7885/1544/files/wupdft-orange_20push_20up_20_28saudia_29.png?v=1781343439,1,Orange Push Up (Saudia),false,,,,,,,,,,kg,,,active
cola-pushup-saudia,Cola PushUp (Saudia),"",Ayira Mini Mart,,Ice Cream,Ice Cream,true,Title,Default Title,,,,,,,,AYR-0208,0.0,,0,continue,manual,2.00,,true,true,,,,,,https://cdn.shopify.com/s/files/1/0819/7885/1544/files/vsmxs5-cola_20pushup_20_28saudia_29.png?v=1781343438,1,Cola PushUp (Saudia),false,,,,,,,,,,kg,,,active
chocolate-sandwich-semi-ice-milk,Chocolate Sandwich Semi Ice Milk,"",Ayira Mini Mart,,Ice Cream,Ice Cream,true,Title,Default Title,,,,,,,,AYR-0207,0.0,,0,continue,manual,2.50,,true,true,,,,,,https://cdn.shopify.com/s/files/1/0819/7885/1544/files/oy3bpt-chocolate_20sandwich_20semi_20ice_20milk.png?v=1781343438,1,Chocolate Sandwich Semi Ice Milk,false,,,,,,,,,,kg,,,active
lemon-mint-ice-lolly,Lemon Mint Ice Lolly,"",Ayira Mini Mart,,Ice Cream,Ice Cream,true,Title,Default Title,,,,,,,,AYR-0206,0.0,,0,continue,manual,1.50,,true,true,,,,,,https://cdn.shopify.com/s/files/1/0819/7885/1544/files/fm7u45-saudi_20lemon_20mint_20sticks.png?v=1781343437,1,Lemon Mint Ice Lolly,false,,,,,,,,,,kg,,,active
saudi-mango-stick,Saudi Mango Stick,"",Ayira Mini Mart,,Ice Cream,Ice Cream,true,Title,Default Title,,,,,,,,AYR-0205,0.0,,0,continue,manual,1.50,,true,true,,,,,,https://cdn.shopify.com/s/files/1/0819/7885/1544/files/2k1b1q-saudi_20mango_20stick.png?v=1781343436,1,Saudi Mango Stick,false,,,,,,,,,,kg,,,active
vanilla-semi-ice-milk-covered-with-chocolate-coating-saudia,Vanilla Semi Ice Milk Covered with Chocolate Coating (Saudia),"",Ayira Mini Mart,,Ice Cream,Ice Cream,true,Title,Default Title,,,,,,,,AYR-0204,0.0,,0,continue,manual,1.75,,true,true,,,,,,https://cdn.shopify.com/s/files/1/0819/7885/1544/files/sox76h-vanilla_20semi_20ice_20milk_20covered_20with_20chocolate_20coating_20_28saudia_29.png?v=1781343435,1,Vanilla Semi Ice Milk Covered with Chocolate Coating (Saudia),false,,,,,,,,,,kg,,,active
strawberry-sandwich-semi-ice-milk-saudia,Strawberry Sandwich Semi Ice Milk (Saudia),"",Ayira Mini Mart,,Ice Cream,Ice Cream,true,Title,Default Title,,,,,,,,AYR-0203,0.0,,0,continue,manual,2.50,,true,true,,,,,,https://cdn.shopify.com/s/files/1/0819/7885/1544/files/kul2qd-strawberry_20sandwich_20semi_20ice_20milk_20_28saudia_29.png?v=1781343435,1,Strawberry Sandwich Semi Ice Milk (Saudia),false,,,,,,,,,,kg,,,active
sandwich-coffee-ice-cream-saudi,Sandwich Coffee Ice Cream (Saudi),"",Ayira Mini Mart,,Ice Cream,Ice Cream,true,Title,Default Title,,,,,,,,AYR-0202,0.0,,0,continue,manual,2.50,,true,true,,,,,,https://cdn.shopify.com/s/files/1/0819/7885/1544/files/etacx--sandwich_20coffee_20_28saudi_29.png?v=1781343434,1,Sandwich Coffee Ice Cream (Saudi),false,,,,,,,,,,kg,,,active
vanilla-sandwich-semi-ice-milk,Vanilla Sandwich Semi Ice Milk,"",Ayira Mini Mart,,Ice Cream,Ice Cream,true,Title,Default Title,,,,,,,,AYR-0201,0.0,,0,continue,manual,2.50,,true,true,,,,,,https://cdn.shopify.com/s/files/1/0819/7885/1544/files/rbqgvs-vanilla_20sandwich_20semi_20ice_20milk.png?v=1781343433,1,Vanilla Sandwich Semi Ice Milk,false,,,,,,,,,,kg,,,active
kulfi-stick-ice-cream-saudi,Kulfi Stick Ice Cream (Saudi),"",Ayira Mini Mart,,Ice Cream,Ice Cream,true,Title,Default Title,,,,,,,,AYR-0200,0.0,,0,continue,manual,2.50,,true,true,,,,,,https://cdn.shopify.com/s/files/1/0819/7885/1544/files/6valsc-kulfi_20stick_20ice_20cream_20_28saudi_29.png?v=1781343432,1,Kulfi Stick Ice Cream (Saudi),false,,,,,,,,,,kg,,,active
dandy-bonbon-ice-cream-tub-238ml,DANDY Bonbon Ice Cream Tub 238ml,"",Ayira Mini Mart,,Ice Cream,Ice Cream,true,Title,Default Title,,,,,,,,AYR-0199,0.0,,0,continue,manual,12.00,,true,true,,,,,,https://cdn.shopify.com/s/files/1/0819/7885/1544/files/ksdmq8-dandy_20bonbon_20238ml.jpg?v=1781343431,1,DANDY Bonbon Ice Cream Tub 238ml,false,,,,,,,,,,kg,,,active
igloo-chocobar-chocolate-stick-55ml,IGLOO Chocobar Chocolate Stick 55ml,"",Ayira Mini Mart,,Ice Cream,Ice Cream,true,Title,Default Title,,,,,,,,AYR-0198,0.0,,0,continue,manual,1.50,,true,true,,,,,,https://cdn.shopify.com/s/files/1/0819/7885/1544/files/k1cer2-igloo_20chocobar_20chocolate_20stick_2055ml.jpg?v=1781343431,1,IGLOO Chocobar Chocolate Stick 55ml,false,,,,,,,,,,kg,,,active
kdd-vanilla-ice-cream-gold-cone-100cc,KDD Vanilla Ice Cream Gold Cone 100cc,"",Ayira Mini Mart,,Ice Cream,Ice Cream,true,Title,Default Title,,,,,,,,AYR-0197,0.0,,0,continue,manual,2.50,,true,true,,,,,,https://cdn.shopify.com/s/files/1/0819/7885/1544/files/md229q-kdd_20vanilla_20ice_20cream_20gold_20cone_20100cc.jpg?v=1781343430,1,KDD Vanilla Ice Cream Gold Cone 100cc,false,,,,,,,,,,kg,,,active
kdd-orange-ice-cream-lollies-62-5ml,KDD Orange Ice Cream Lollies 62.5ml,"",Ayira Mini Mart,,Ice Cream,Ice Cream,true,Title,Default Title,,,,,,,,AYR-0196,0.0,,0,continue,manual,1.00,,true,true,,,,,,https://cdn.shopify.com/s/files/1/0819/7885/1544/files/x7h0cg-kdd_20orange_20ice_20cream_20lollies_2062.5.jpg?v=1781343429,1,KDD Orange Ice Cream Lollies 62.5ml,false,,,,,,,,,,kg,,,active
kdd-chocolate-ice-cream-silver-cones-100ml,KDD Chocolate Ice Cream Silver Cones 100ml,"",Ayira Mini Mart,,Ice Cream,Ice Cream,true,Title,Default Title,,,,,,,,AYR-0195,0.0,,0,continue,manual,2.50,,true,true,,,,,,https://cdn.shopify.com/s/files/1/0819/7885/1544/files/q8-9kd-kdd_20chocolate_20ice_20cream_20silver_20cones_20100c.jpg?v=1781343428,1,KDD Chocolate Ice Cream Silver Cones 100ml,false,,,,,,,,,,kg,,,active
galaxy-ice-cream-heart-54-6g,GALAXY Ice Cream Heart 54.6g,"",Ayira Mini Mart,,Ice Cream,Ice Cream,true,Title,Default Title,,,,,,,,AYR-0194,0.0,,0,continue,manual,6.00,,true,true,,,,,,https://cdn.shopify.com/s/files/1/0819/7885/1544/files/fx2841-galaxy_20ice_20cream_20heart_2054.6g.jpg?v=1781343427,1,GALAXY Ice Cream Heart 54.6g,false,,,,,,,,,,kg,,,active
galaxy-ice-cream-cone-110ml,GALAXY Ice Cream Cone 110ml,"",Ayira Mini Mart,,Ice Cream,Ice Cream,true,Title,Default Title,,,,,,,,AYR-0193,0.0,,0,continue,manual,7.00,,true,true,,,,,,https://cdn.shopify.com/s/files/1/0819/7885/1544/files/mjnae--galaxy_20ice_20cream_20cone_20110ml.jpg?v=1781343427,1,GALAXY Ice Cream Cone 110ml,false,,,,,,,,,,kg,,,active
dandy-ice-cream-sandwich-100ml,DANDY Ice Cream Sandwich 100ml,"",Ayira Mini Mart,,Ice Cream,Ice Cream,true,Title,Default Title,,,,,,,,AYR-0192,0.0,,0,continue,manual,2.50,,true,true,,,,,,https://cdn.shopify.com/s/files/1/0819/7885/1544/files/e6jjle-dandy_20ice_20cream_20sandwich_20100ml.png?v=1781343426,1,DANDY Ice Cream Sandwich 100ml,false,,,,,,,,,,kg,,,active
dandy-almond-delight-ice-cream-100ml,DANDY Almond Delight Ice Cream 100ml,"",Ayira Mini Mart,,Ice Cream,Ice Cream,true,Title,Default Title,,,,,,,,AYR-0191,0.0,,0,continue,manual,3.50,,true,true,,,,,,https://cdn.shopify.com/s/files/1/0819/7885/1544/files/2t1hqh-dandy_20almond_20delight_20100ml.jpg?v=1781343425,1,DANDY Almond Delight Ice Cream 100ml,false,,,,,,,,,,kg,,,active
dandy-50-50-ice-cream-100ml,DANDY 50-50 Ice Cream 100ml,"",Ayira Mini Mart,,Ice Cream,Ice Cream,true,Title,Default Title,,,,,,,,AYR-0190,0.0,,0,continue,manual,3.50,,true,true,,,,,,https://cdn.shopify.com/s/files/1/0819/7885/1544/files/23z21v-dandy_20ice_20cream_20sandwich_20100ml.png?v=1781343425,1,DANDY 50-50 Ice Cream 100ml,false,,,,,,,,,,kg,,,active
snickers-white-ice-cream-bar-41g,SNICKERS White Ice Cream Bar 41g,"",Ayira Mini Mart,,Ice Cream,Ice Cream,true,Title,Default Title,,,,,,,,AYR-0189,0.0,,0,continue,manual,4.50,,true,true,,,,,,https://cdn.shopify.com/s/files/1/0819/7885/1544/files/etmchf-snickers_20white_20ice_20cream_20bar_2041g.jpg?v=1781343424,1,SNICKERS White Ice Cream Bar 41g,false,,,,,,,,,,kg,,,active
snickers-ice-cream-stick-73-5g,SNICKERS Ice Cream Stick 73.5g,"",Ayira Mini Mart,,Ice Cream,Ice Cream,true,Title,Default Title,,,,,,,,AYR-0188,0.0,,0,continue,manual,4.50,,true,true,,,,,,https://cdn.shopify.com/s/files/1/0819/7885/1544/files/sa0nhp-snickers_20ice_20cream_20stick_2073.5g.jpg?v=1781343423,1,SNICKERS Ice Cream Stick 73.5g,false,,,,,,,,,,kg,,,active
red-bull-the-red-edition-watermelon-250ml,Red Bull The Red Edition (Watermelon) 250ml,"",Ayira Mini Mart,,Energy & Sports Drinks,Energy & Sports Drinks,true,Title,Default Title,,,,,,,,AYR-0187,0.0,,0,continue,manual,10.00,,true,true,,,,,,https://cdn.shopify.com/s/files/1/0819/7885/1544/files/7bxxw5-red_20bull_20the_20red_20edition_20_28watermelon_29_20250_20ml.png?v=1781343422,1,Red Bull The Red Edition (Watermelon) 250ml,false,,,,,,,,,,kg,,,active
red-bull-the-blue-edition-blueberry-250ml,Red Bull The Blue Edition (Blueberry) 250ml,"",Ayira Mini Mart,,Energy & Sports Drinks,Energy & Sports Drinks,true,Title,Default Title,,,,,,,,AYR-0186,0.0,,0,continue,manual,10.00,,true,true,,,,,,https://cdn.shopify.com/s/files/1/0819/7885/1544/files/sgxil4-red_20bull_20the_20blue_20edition_20_28blueberry_29_20250_20ml.png?v=1781343421,1,Red Bull The Blue Edition (Blueberry) 250ml,false,,,,,,,,,,kg,,,active
mirinda-orange-2-25l,Mirinda Orange 2.25L,"",Ayira Mini Mart,,Carbonated Soft Drinks,Carbonated Soft Drinks,true,Title,Default Title,,,,,,,,AYR-0185,0.0,,0,continue,manual,7.50,,true,true,,,,,,https://cdn.shopify.com/s/files/1/0819/7885/1544/files/ms8uhu-mirinda_20orange_202.25_20l.png?v=1781343421,1,Mirinda Orange 2.25L,false,,,,,,,,,,kg,,,active
7up-lemon-lime-bubbly-2-25l,7UP Lemon & Lime Bubbly 2.25L,"",Ayira Mini Mart,,Carbonated Soft Drinks,Carbonated Soft Drinks,true,Title,Default Title,,,,,,,,AYR-0184,0.0,,0,continue,manual,7.50,,true,true,,,,,,https://cdn.shopify.com/s/files/1/0819/7885/1544/files/ngsnkd-7up_20lemon_20.png?v=1781343420,1,7UP Lemon & Lime Bubbly 2.25L,false,,,,,,,,,,kg,,,active
pepsi-2-25l,Pepsi 2.25L,"",Ayira Mini Mart,,Carbonated Soft Drinks,Carbonated Soft Drinks,true,Title,Default Title,,,,,,,,AYR-0183,0.0,,0,continue,manual,7.50,,true,true,,,,,,https://cdn.shopify.com/s/files/1/0819/7885/1544/files/8wp8td-pepsi_202.25_20l.png?v=1781343420,1,Pepsi 2.25L,false,,,,,,,,,,kg,,,active
coca-cola-zero-calories-1-25l,Coca-Cola Zero Calories 1.25L,"",Ayira Mini Mart,,Carbonated Soft Drinks,Carbonated Soft Drinks,true,Title,Default Title,,,,,,,,AYR-0182,0.0,,0,continue,manual,4.50,,true,true,,,,,,https://cdn.shopify.com/s/files/1/0819/7885/1544/files/mnax52-coca-cola_20zero_20calories_201.25_20l.png?v=1781343418,1,Coca-Cola Zero Calories 1.25L,false,,,,,,,,,,kg,,,active
7up-lemon-lime-taste-1-25l,7UP Lemon & Lime Taste 1.25L,"",Ayira Mini Mart,,Carbonated Soft Drinks,Carbonated Soft Drinks,true,Title,Default Title,,,,,,,,AYR-0181,0.0,,0,continue,manual,4.50,,true,true,,,,,,https://cdn.shopify.com/s/files/1/0819/7885/1544/files/bpzpka-7up_20lemon_20.png?v=1781343418,1,7UP Lemon & Lime Taste 1.25L,false,,,,,,,,,,kg,,,active
canada-dry-club-soda-330ml,Canada Dry Club Soda 330ml,"",Ayira Mini Mart,,Carbonated Soft Drinks,Carbonated Soft Drinks,true,Title,Default Title,,,,,,,,AYR-0180,0.0,,0,continue,manual,2.00,,true,true,,,,,,https://cdn.shopify.com/s/files/1/0819/7885/1544/files/qmhmjd-canada_20dry_20club_20soda_20330_20ml.png?v=1781343417,1,Canada Dry Club Soda 330ml,false,,,,,,,,,,kg,,,active
spring-water-250ml,Spring Water 250ml,"",Ayira Mini Mart,,Carbonated Soft Drinks,Carbonated Soft Drinks,true,Title,Default Title,,,,,,,,AYR-0179,0.0,,0,continue,manual,2.50,,true,true,,,,,,https://cdn.shopify.com/s/files/1/0819/7885/1544/files/7ipcau-spring_20water_20250_20ml.png?v=1781343416,1,Spring Water 250ml,false,,,,,,,,,,kg,,,active
mountain-dew-150ml,Mountain Dew 150ml,"",Ayira Mini Mart,,Carbonated Soft Drinks,Carbonated Soft Drinks,true,Title,Default Title,,,,,,,,AYR-0178,0.0,,0,continue,manual,2.00,,true,true,,,,,,https://cdn.shopify.com/s/files/1/0819/7885/1544/files/qutg3v-mountain_20dew_20150_20ml.png?v=1781343415,1,Mountain Dew 150ml,false,,,,,,,,,,kg,,,active
mirinda-orange-150ml,Mirinda Orange 150ml,"",Ayira Mini Mart,,Carbonated Soft Drinks,Carbonated Soft Drinks,true,Title,Default Title,,,,,,,,AYR-0177,0.0,,0,continue,manual,2.00,,true,true,,,,,,https://cdn.shopify.com/s/files/1/0819/7885/1544/files/vbbe03-mirinda_20orange_20150_20ml.png?v=1781343414,1,Mirinda Orange 150ml,false,,,,,,,,,,kg,,,active
pepsi-great-taste-less-sugar-150ml,Pepsi Great Taste Less Sugar 150ml,"",Ayira Mini Mart,,Carbonated Soft Drinks,Carbonated Soft Drinks,true,Title,Default Title,,,,,,,,AYR-0176,0.0,,0,continue,manual,2.00,,true,true,,,,,,https://cdn.shopify.com/s/files/1/0819/7885/1544/files/r3eup5-pepsi_20great_20taste_20less_20sugar_20150_20ml.png?v=1781343413,1,Pepsi Great Taste Less Sugar 150ml,false,,,,,,,,,,kg,,,active
7up-refreshing-lemon-150ml,7UP Refreshing Lemon 150ml,"",Ayira Mini Mart,,Carbonated Soft Drinks,Carbonated Soft Drinks,true,Title,Default Title,,,,,,,,AYR-0175,0.0,,0,continue,manual,2.00,,true,true,,,,,,https://cdn.shopify.com/s/files/1/0819/7885/1544/files/0rdhnt-7up_20refreshing_20lemon_20150_20ml.png?v=1781343413,1,7UP Refreshing Lemon 150ml,false,,,,,,,,,,kg,,,active
lipton-zero-sugar-peach-ice-tea-320ml,Lipton Zero Sugar Peach Ice Tea 320ml,"",Ayira Mini Mart,,Carbonated Soft Drinks,Carbonated Soft Drinks,true,Title,Default Title,,,,,,,,AYR-0174,0.0,,0,continue,manual,2.50,,true,true,,,,,,https://cdn.shopify.com/s/files/1/0819/7885/1544/files/c0kw5u-lipton_20zero_20sugar_20peach_20ice_20tea_20320_20ml.png?v=1781343412,1,Lipton Zero Sugar Peach Ice Tea 320ml,false,,,,,,,,,,kg,,,active
lipton-peach-ice-tea-320ml,Lipton Peach Ice Tea 320ml,"",Ayira Mini Mart,,Carbonated Soft Drinks,Carbonated Soft Drinks,true,Title,Default Title,,,,,,,,AYR-0173,0.0,,0,continue,manual,2.50,,true,true,,,,,,https://cdn.shopify.com/s/files/1/0819/7885/1544/files/cozwl3-lipton_20peach_20ice_20tea_20320_20ml.png?v=1781343411,1,Lipton Peach Ice Tea 320ml,false,,,,,,,,,,kg,,,active
sprite-lemon-lime-flavoured-2-25l,Sprite Lemon Lime Flavoured 2.25L,"",Ayira Mini Mart,,Carbonated Soft Drinks,Carbonated Soft Drinks,true,Title,Default Title,,,,,,,,AYR-0172,0.0,,0,continue,manual,7.50,,true,true,,,,,,https://cdn.shopify.com/s/files/1/0819/7885/1544/files/cd2xzl-sprite_20lemon_20lime_20flavoured_202.25_20l.png?v=1781343411,1,Sprite Lemon Lime Flavoured 2.25L,false,,,,,,,,,,kg,,,active
coca-cola-original-taste-2-25l,Coca-Cola Original Taste 2.25L,"",Ayira Mini Mart,,Carbonated Soft Drinks,Carbonated Soft Drinks,true,Title,Default Title,,,,,,,,AYR-0171,0.0,,0,continue,manual,7.50,,true,true,,,,,,https://cdn.shopify.com/s/files/1/0819/7885/1544/files/02xkj9-coca-cola_20original_20taste_202.25_20l.png?v=1781343410,1,Coca-Cola Original Taste 2.25L,false,,,,,,,,,,kg,,,active
coca-cola-original-taste-250ml,Coca-Cola Original Taste 250ml,"",Ayira Mini Mart,,Carbonated Soft Drinks,Carbonated Soft Drinks,true,Title,Default Title,,,,,,,,AYR-0170,0.0,,0,continue,manual,3.00,,true,true,,,,,,https://cdn.shopify.com/s/files/1/0819/7885/1544/files/azd45q-coca-cola_20original_20taste_20250_20ml.png?v=1781343409,1,Coca-Cola Original Taste 250ml,false,,,,,,,,,,kg,,,active
coca-cola-original-taste-330ml,Coca-Cola Original Taste 330ml,"",Ayira Mini Mart,,Carbonated Soft Drinks,Carbonated Soft Drinks,true,Title,Default Title,,,,,,,,AYR-0169,0.0,,0,continue,manual,2.50,,true,true,,,,,,https://cdn.shopify.com/s/files/1/0819/7885/1544/files/dd4vql-coca-cola_20original_20taste_20330_20ml.png?v=1781343408,1,Coca-Cola Original Taste 330ml,false,,,,,,,,,,kg,,,active
schweppes-ginger-ale-250ml,Schweppes Ginger Ale 250ml,"",Ayira Mini Mart,,Carbonated Soft Drinks,Carbonated Soft Drinks,true,Title,Default Title,,,,,,,,AYR-0168,0.0,,0,continue,manual,3.50,,true,true,,,,,,https://cdn.shopify.com/s/files/1/0819/7885/1544/files/2dx08o-schweppes_20ginger_20ale_20250_20ml.png?v=1781343408,1,Schweppes Ginger Ale 250ml,false,,,,,,,,,,kg,,,active
schweppes-tonic-water-250ml,Schweppes Tonic Water 250ml,"",Ayira Mini Mart,,Carbonated Soft Drinks,Carbonated Soft Drinks,true,Title,Default Title,,,,,,,,AYR-0167,0.0,,0,continue,manual,3.50,,true,true,,,,,,https://cdn.shopify.com/s/files/1/0819/7885/1544/files/lar27d-schweppes_20tonic_20water_20250_20ml.png?v=1781343407,1,Schweppes Tonic Water 250ml,false,,,,,,,,,,kg,,,active
coca-cola-light-330ml,Coca-Cola Light 330ml,"",Ayira Mini Mart,,Carbonated Soft Drinks,Carbonated Soft Drinks,true,Title,Default Title,,,,,,,,AYR-0166,0.0,,0,continue,manual,2.50,,true,true,,,,,,https://cdn.shopify.com/s/files/1/0819/7885/1544/files/zk85fr-coca-cola_20light_20330_20ml.png?v=1781343406,1,Coca-Cola Light 330ml,false,,,,,,,,,,kg,,,active
sprite-zero-calories-330ml,Sprite Zero Calories 330ml,"",Ayira Mini Mart,,Carbonated Soft Drinks,Carbonated Soft Drinks,true,Title,Default Title,,,,,,,,AYR-0165,0.0,,0,continue,manual,2.50,,true,true,,,,,,https://cdn.shopify.com/s/files/1/0819/7885/1544/files/edy3z9-sprite_20zero_20calories_20330_20ml.png?v=1781343406,1,Sprite Zero Calories 330ml,false,,,,,,,,,,kg,,,active
thums-up-330ml,Thums Up 330ml,"",Ayira Mini Mart,,Carbonated Soft Drinks,Carbonated Soft Drinks,true,Title,Default Title,,,,,,,,AYR-0164,0.0,,0,continue,manual,2.50,,true,true,,,,,,https://cdn.shopify.com/s/files/1/0819/7885/1544/files/qbs5yl-thums_20up_20330_20ml.png?v=1781343405,1,Thums Up 330ml,false,,,,,,,,,,kg,,,active
fanta-strawberry-330ml,Fanta Strawberry 330ml,"",Ayira Mini Mart,,Carbonated Soft Drinks,Carbonated Soft Drinks,true,Title,Default Title,,,,,,,,AYR-0163,0.0,,0,continue,manual,2.50,,true,true,,,,,,https://cdn.shopify.com/s/files/1/0819/7885/1544/files/brm78s-fanta_20strawberry_20330_20ml.png?v=1781343404,1,Fanta Strawberry 330ml,false,,,,,,,,,,kg,,,active
fanta-orange-330ml,Fanta Orange 330ml,"",Ayira Mini Mart,,Carbonated Soft Drinks,Carbonated Soft Drinks,true,Title,Default Title,,,,,,,,AYR-0162,0.0,,0,continue,manual,2.50,,true,true,,,,,,https://cdn.shopify.com/s/files/1/0819/7885/1544/files/qgxkbx-fanta_20orange_20330_20ml.png?v=1781343403,1,Fanta Orange 330ml,false,,,,,,,,,,kg,,,active
fanta-citrus-330ml,Fanta Citrus 330ml,"",Ayira Mini Mart,,Carbonated Soft Drinks,Carbonated Soft Drinks,true,Title,Default Title,,,,,,,,AYR-0161,0.0,,0,continue,manual,2.50,,true,true,,,,,,https://cdn.shopify.com/s/files/1/0819/7885/1544/files/izfj4-fanta_20citrus_20330_20ml.png?v=1781343403,1,Fanta Citrus 330ml,false,,,,,,,,,,kg,,,active
sprite-lemon-mint-flavoured-350ml,Sprite Lemon & Mint Flavoured 350ml,"",Ayira Mini Mart,,Carbonated Soft Drinks,Carbonated Soft Drinks,true,Title,Default Title,,,,,,,,AYR-0160,0.0,,0,continue,manual,3.00,,true,true,,,,,,https://cdn.shopify.com/s/files/1/0819/7885/1544/files/cm0ad0-sprite_20lemon_20.png?v=1781343402,1,Sprite Lemon & Mint Flavoured 350ml,false,,,,,,,,,,kg,,,active
coca-cola-zero-sugar-350ml,Coca-Cola Zero Sugar 350ml,"",Ayira Mini Mart,,Carbonated Soft Drinks,Carbonated Soft Drinks,true,Title,Default Title,,,,,,,,AYR-0159,0.0,,0,continue,manual,3.00,,true,true,,,,,,https://cdn.shopify.com/s/files/1/0819/7885/1544/files/jeho6e-coca-cola_20zero_20sugar_20350_20ml.png?v=1781343401,1,Coca-Cola Zero Sugar 350ml,false,,,,,,,,,,kg,,,active
coca-cola-original-taste-350ml,Coca-Cola Original Taste 350ml,"",Ayira Mini Mart,,Carbonated Soft Drinks,Carbonated Soft Drinks,true,Title,Default Title,,,,,,,,AYR-0158,0.0,,0,continue,manual,3.00,,true,true,,,,,,https://cdn.shopify.com/s/files/1/0819/7885/1544/files/jftxxt-coca-cola_20original_20taste_20350_20ml.png?v=1781343400,1,Coca-Cola Original Taste 350ml,false,,,,,,,,,,kg,,,active
sprite-lemon-lime-flavoured-350ml,Sprite Lemon Lime Flavoured 350ml,"",Ayira Mini Mart,,Carbonated Soft Drinks,Carbonated Soft Drinks,true,Title,Default Title,,,,,,,,AYR-0157,0.0,,0,continue,manual,3.00,,true,true,,,,,,https://cdn.shopify.com/s/files/1/0819/7885/1544/files/1h5zno-sprite_20lemon_20lime_20flavoured_20350_20ml.png?v=1781343400,1,Sprite Lemon Lime Flavoured 350ml,false,,,,,,,,,,kg,,,active
non-alcoholic-malt-beverage-effs-original-330ml,Non-Alcoholic Malt Beverage Effs Original 330ml,"",Ayira Mini Mart,,Carbonated Soft Drinks,Carbonated Soft Drinks,true,Title,Default Title,,,,,,,,AYR-0156,0.0,,0,continue,manual,5.00,,true,true,,,,,,https://cdn.shopify.com/s/files/1/0819/7885/1544/files/zq8l4--non-alcoholic_20malt_20beverage_20effs_20original_20330_20ml.png?v=1781343399,1,Non-Alcoholic Malt Beverage Effs Original 330ml,false,,,,,,,,,,kg,,,active
naba-coconut-water-with-pulp-330ml,Naba Coconut Water with Pulp 330ml,"",Ayira Mini Mart,,Carbonated Soft Drinks,Carbonated Soft Drinks,true,Title,Default Title,,,,,,,,AYR-0155,0.0,,0,continue,manual,2.50,,true,true,,,,,,https://cdn.shopify.com/s/files/1/0819/7885/1544/files/cgnsk6-naba_20coconut_20water_20with_20pulp_20330_20ml.png?v=1781343398,1,Naba Coconut Water with Pulp 330ml,false,,,,,,,,,,kg,,,active
ion-supply-drink-pocari-sweat-300ml,Ion Supply Drink Pocari Sweat 300ml,"",Ayira Mini Mart,,Energy & Sports Drinks,Energy & Sports Drinks,true,Title,Default Title,,,,,,,,AYR-0154,0.0,,0,continue,manual,3.50,,true,true,,,,,,https://cdn.shopify.com/s/files/1/0819/7885/1544/files/na1jpy-ion_20supply_20drink_20pocari_20sweat_20300_20ml.png?v=1781343397,1,Ion Supply Drink Pocari Sweat 300ml,false,,,,,,,,,,kg,,,active
almarai-mixed-fruit-juice-200ml,Almarai Mixed Fruit Juice 200ml,"",Ayira Mini Mart,,Juices & Fruit Drinks,Juices & Fruit Drinks,true,Title,Default Title,,,,,,,,AYR-0153,0.0,,0,continue,manual,2.00,,true,true,,,,,,https://cdn.shopify.com/s/files/1/0819/7885/1544/files/00b7ew-almarai_20mixed_20fruit_20200_20ml.png?v=1781343397,1,Almarai Mixed Fruit Juice 200ml,false,,,,,,,,,,kg,,,active
almarai-mixed-apple-juice-200ml,Almarai Mixed Apple Juice 200ml,"",Ayira Mini Mart,,Juices & Fruit Drinks,Juices & Fruit Drinks,true,Title,Default Title,,,,,,,,AYR-0152,0.0,,0,continue,manual,2.00,,true,true,,,,,,https://cdn.shopify.com/s/files/1/0819/7885/1544/files/5tlu5v-almarai_20mixed_20apple_20200_20ml.png?v=1781343396,1,Almarai Mixed Apple Juice 200ml,false,,,,,,,,,,kg,,,active
almarai-mixed-berry-juice-200ml,Almarai Mixed Berry Juice 200ml,"",Ayira Mini Mart,,Juices & Fruit Drinks,Juices & Fruit Drinks,true,Title,Default Title,,,,,,,,AYR-0151,0.0,,0,continue,manual,2.00,,true,true,,,,,,https://cdn.shopify.com/s/files/1/0819/7885/1544/files/xdzqlr-almarai_20mixed_20berry_20200_20ml.png?v=1781343395,1,Almarai Mixed Berry Juice 200ml,false,,,,,,,,,,kg,,,active
almarai-lemon-mint-juice-200ml,Almarai Lemon & Mint Juice 200ml,"",Ayira Mini Mart,,Juices & Fruit Drinks,Juices & Fruit Drinks,true,Title,Default Title,,,,,,,,AYR-0150,0.0,,0,continue,manual,2.00,,true,true,,,,,,https://cdn.shopify.com/s/files/1/0819/7885/1544/files/o2l4jm-almarai_20lemon_20.png?v=1781343395,1,Almarai Lemon & Mint Juice 200ml,false,,,,,,,,,,kg,,,active
almarai-mixed-orange-juice-200ml,Almarai Mixed Orange Juice 200ml,"",Ayira Mini Mart,,Juices & Fruit Drinks,Juices & Fruit Drinks,true,Title,Default Title,,,,,,,,AYR-0149,0.0,,0,continue,manual,2.00,,true,true,,,,,,https://cdn.shopify.com/s/files/1/0819/7885/1544/files/1e4ns9-almarai_20mixed_20orange_20200_20ml.png?v=1781343393,1,Almarai Mixed Orange Juice 200ml,false,,,,,,,,,,kg,,,active
almarai-mango-juice-200ml,Almarai Mango Juice 200ml,"",Ayira Mini Mart,,Juices & Fruit Drinks,Juices & Fruit Drinks,true,Title,Default Title,,,,,,,,AYR-0148,0.0,,0,continue,manual,2.00,,true,true,,,,,,https://cdn.shopify.com/s/files/1/0819/7885/1544/files/imc0fo-almarai_20mango_20200_20ml.png?v=1781343392,1,Almarai Mango Juice 200ml,false,,,,,,,,,,kg,,,active
saba-strawberry-banana-drink-float-240ml,Saba Strawberry & Banana Drink Float 240ml,"",Ayira Mini Mart,,Juices & Fruit Drinks,Juices & Fruit Drinks,true,Title,Default Title,,,,,,,,AYR-0147,0.0,,0,continue,manual,2.00,,true,true,,,,,,https://cdn.shopify.com/s/files/1/0819/7885/1544/files/1dot43-saba_20strawberry_20.png?v=1781343390,1,Saba Strawberry & Banana Drink Float 240ml,false,,,,,,,,,,kg,,,active
saba-pineapple-drink-float-240ml,Saba Pineapple Drink Float 240ml,"",Ayira Mini Mart,,Juices & Fruit Drinks,Juices & Fruit Drinks,true,Title,Default Title,,,,,,,,AYR-0146,0.0,,0,continue,manual,2.00,,true,true,,,,,,https://cdn.shopify.com/s/files/1/0819/7885/1544/files/4z1ci4-rani_20float_20pineapple_20_E2_80_93_20240ml.png?v=1781343389,1,Saba Pineapple Drink Float 240ml,false,,,,,,,,,,kg,,,active
saba-peach-drink-float-240ml,Saba Peach Drink Float 240ml,"",Ayira Mini Mart,,Juices & Fruit Drinks,Juices & Fruit Drinks,true,Title,Default Title,,,,,,,,AYR-0145,0.0,,0,continue,manual,2.00,,true,true,,,,,,https://cdn.shopify.com/s/files/1/0819/7885/1544/files/cuo70y-rani_20float_20peach.png?v=1781343387,1,Saba Peach Drink Float 240ml,false,,,,,,,,,,kg,,,active
saba-orange-drink-float-240ml,Saba Orange Drink Float 240ml,"",Ayira Mini Mart,,Juices & Fruit Drinks,Juices & Fruit Drinks,true,Title,Default Title,,,,,,,,AYR-0144,0.0,,0,continue,manual,2.00,,true,true,,,,,,https://cdn.shopify.com/s/files/1/0819/7885/1544/files/nden0f-rani_20float_20orange_20_E2_80_93_20240ml.png?v=1781343386,1,Saba Orange Drink Float 240ml,false,,,,,,,,,,kg,,,active
pran-mango-fruit-drink-250ml,Pran Mango Fruit Drink 250ml,"",Ayira Mini Mart,,Juices & Fruit Drinks,Juices & Fruit Drinks,true,Title,Default Title,,,,,,,,AYR-0143,0.0,,0,continue,manual,2.50,,true,true,,,,,,https://cdn.shopify.com/s/files/1/0819/7885/1544/files/maxhjg-pran_20mango_20fruit_20drink_20250_20ml.png?v=1781343385,1,Pran Mango Fruit Drink 250ml,false,,,,,,,,,,kg,,,active
shaheem-energy-drink-250ml,Shaheem Energy Drink 250ml,"",Ayira Mini Mart,,Energy & Sports Drinks,Energy & Sports Drinks,true,Title,Default Title,,,,,,,,AYR-0142,0.0,,0,continue,manual,7.00,,true,true,,,,,,https://cdn.shopify.com/s/files/1/0819/7885/1544/files/g0nrl2-shaheem_20energy_20drink_20250ml.png?v=1781343383,1,Shaheem Energy Drink 250ml,false,,,,,,,,,,kg,,,active
red-bull-apricot-strawberry-energy-drink-250ml,Red Bull Apricot Strawberry Energy Drink 250ml,"",Ayira Mini Mart,,Energy & Sports Drinks,Energy & Sports Drinks,true,Title,Default Title,,,,,,,,AYR-0141,0.0,,0,continue,manual,10.00,,true,true,,,,,,https://cdn.shopify.com/s/files/1/0819/7885/1544/files/j2pjta-red_20bull_20the_20apricot_20edition_20_28apricot_20.png?v=1781343382,1,Red Bull Apricot Strawberry Energy Drink 250ml,false,,,,,,,,,,kg,,,active
monster-energy-drink-250ml,Monster Energy Drink 250ml,"",Ayira Mini Mart,,Energy & Sports Drinks,Energy & Sports Drinks,true,Title,Default Title,,,,,,,,AYR-0140,0.0,,0,continue,manual,7.00,,true,true,,,,,,https://cdn.shopify.com/s/files/1/0819/7885/1544/files/gck06w-monster_20energy_20250_20ml.png?v=1781343381,1,Monster Energy Drink 250ml,false,,,,,,,,,,kg,,,active
rita-blue-sparkling-drink-275ml,Rita Blue Sparkling Drink 275ml,"",Ayira Mini Mart,,Carbonated Soft Drinks,Carbonated Soft Drinks,true,Title,Default Title,,,,,,,,AYR-0139,0.0,,0,continue,manual,4.00,,true,true,,,,,,https://cdn.shopify.com/s/files/1/0819/7885/1544/files/h-ukck-rita_20blue_20sparkling_20drink_20275_20ml.png?v=1781343380,1,Rita Blue Sparkling Drink 275ml,false,,,,,,,,,,kg,,,active
rita-lemon-mint-sparkling-drink-275ml,Rita Lemon & Mint Sparkling Drink 275ml,"",Ayira Mini Mart,,Carbonated Soft Drinks,Carbonated Soft Drinks,true,Title,Default Title,,,,,,,,AYR-0138,0.0,,0,continue,manual,4.00,,true,true,,,,,,https://cdn.shopify.com/s/files/1/0819/7885/1544/files/002jy5-rita_20lemon_20.png?v=1781343379,1,Rita Lemon & Mint Sparkling Drink 275ml,false,,,,,,,,,,kg,,,active
rita-red-sparkling-drink-275ml,Rita Red Sparkling Drink 275ml,"",Ayira Mini Mart,,Carbonated Soft Drinks,Carbonated Soft Drinks,true,Title,Default Title,,,,,,,,AYR-0137,0.0,,0,continue,manual,4.00,,true,true,,,,,,https://cdn.shopify.com/s/files/1/0819/7885/1544/files/aqxdxh-rita_20red_20sparkling_20drink_20275ml.png?v=1781343379,1,Rita Red Sparkling Drink 275ml,false,,,,,,,,,,kg,,,active
speed-energy-drink-250ml,Speed Energy Drink 250ml,"",Ayira Mini Mart,,Energy & Sports Drinks,Energy & Sports Drinks,true,Title,Default Title,,,,,,,,AYR-0136,0.0,,0,continue,manual,3.00,,true,true,,,,,,https://cdn.shopify.com/s/files/1/0819/7885/1544/files/qri5tq-high_20speed_20drink_20250_20ml.png?v=1781343378,1,Speed Energy Drink 250ml,false,,,,,,,,,,kg,,,active
code-red-energy-drink-250ml,Code Red Energy Drink 250ml,"",Ayira Mini Mart,,Energy & Sports Drinks,Energy & Sports Drinks,true,Title,Default Title,,,,,,,,AYR-0135,0.0,,0,continue,manual,7.50,,true,true,,,,,,https://cdn.shopify.com/s/files/1/0819/7885/1544/files/p3fplb-code_20red_20250_20ml.jpg?v=1781343377,1,Code Red Energy Drink 250ml,false,,,,,,,,,,kg,,,active
boom-boom-energy-drink-250ml,Boom Boom Energy Drink 250ml,"",Ayira Mini Mart,,Energy & Sports Drinks,Energy & Sports Drinks,true,Title,Default Title,,,,,,,,AYR-0134,0.0,,0,continue,manual,6.00,,true,true,,,,,,https://cdn.shopify.com/s/files/1/0819/7885/1544/files/s-elc-boom_20boom_20energy_20drink_20serve_20chilled_20250_20ml.jpg?v=1781343376,1,Boom Boom Energy Drink 250ml,false,,,,,,,,,,kg,,,active
power-red-energy-drink-250ml,Power Red Energy Drink 250ml,"",Ayira Mini Mart,,Energy & Sports Drinks,Energy & Sports Drinks,true,Title,Default Title,,,,,,,,AYR-0133,0.0,,0,continue,manual,5.00,,true,true,,,,,,https://cdn.shopify.com/s/files/1/0819/7885/1544/files/8macvh-power_20red_20energy_20drink_20250_20ml.jpg?v=1781343375,1,Power Red Energy Drink 250ml,false,,,,,,,,,,kg,,,active
power-boss-energy-drink-250ml,Power Boss Energy Drink 250ml,"",Ayira Mini Mart,,Energy & Sports Drinks,Energy & Sports Drinks,true,Title,Default Title,,,,,,,,AYR-0132,0.0,,0,continue,manual,5.00,,true,true,,,,,,https://cdn.shopify.com/s/files/1/0819/7885/1544/files/s4b3sw-power_20boss_20energy_20drink_20250_20ml.jpg?v=1781343374,1,Power Boss Energy Drink 250ml,false,,,,,,,,,,kg,,,active
rita-mixed-berries-sparkling-drink-240ml,Rita Mixed Berries Sparkling Drink 240ml,"",Ayira Mini Mart,,Carbonated Soft Drinks,Carbonated Soft Drinks,true,Title,Default Title,,,,,,,,AYR-0131,0.0,,0,continue,manual,3.50,,true,true,,,,,,https://cdn.shopify.com/s/files/1/0819/7885/1544/files/270sju-rita_20mixed_20berries_20sparkling_20drink_20240_20ml.jpg?v=1781343374,1,Rita Mixed Berries Sparkling Drink 240ml,false,,,,,,,,,,kg,,,active
rita-pink-240ml,Rita Pink 240ml,"",Ayira Mini Mart,,Carbonated Soft Drinks,Carbonated Soft Drinks,true,Title,Default Title,,,,,,,,AYR-0130,0.0,,0,continue,manual,3.50,,true,true,,,,,,https://cdn.shopify.com/s/files/1/0819/7885/1544/files/yisyru-rita_20pink_20240_20ml.jpg?v=1781343373,1,Rita Pink 240ml,false,,,,,,,,,,kg,,,active
rita-berry-240ml,Rita Berry 240ml,"",Ayira Mini Mart,,Carbonated Soft Drinks,Carbonated Soft Drinks,true,Title,Default Title,,,,,,,,AYR-0129,0.0,,0,continue,manual,3.50,,true,true,,,,,,https://cdn.shopify.com/s/files/1/0819/7885/1544/files/r0yl3x-rita_20berry_20240_20ml.jpg?v=1781343372,1,Rita Berry 240ml,false,,,,,,,,,,kg,,,active
rita-red-240ml,Rita Red 240ml,"",Ayira Mini Mart,,Carbonated Soft Drinks,Carbonated Soft Drinks,true,Title,Default Title,,,,,,,,AYR-0128,0.0,,0,continue,manual,3.50,,true,true,,,,,,https://cdn.shopify.com/s/files/1/0819/7885/1544/files/op31a6-rita_20red_20240_20ml.jpg?v=1781343371,1,Rita Red 240ml,false,,,,,,,,,,kg,,,active
rita-blue-240ml,Rita Blue 240ml,"",Ayira Mini Mart,,Carbonated Soft Drinks,Carbonated Soft Drinks,true,Title,Default Title,,,,,,,,AYR-0127,0.0,,0,continue,manual,3.50,,true,true,,,,,,https://cdn.shopify.com/s/files/1/0819/7885/1544/files/6vwow3-rita_20blue_20240_20ml.jpg?v=1781343371,1,Rita Blue 240ml,false,,,,,,,,,,kg,,,active
rita-red-zero-sugar-240ml,Rita Red Zero Sugar 240ml,"",Ayira Mini Mart,,Carbonated Soft Drinks,Carbonated Soft Drinks,true,Title,Default Title,,,,,,,,AYR-0126,0.0,,0,continue,manual,3.50,,true,true,,,,,,https://cdn.shopify.com/s/files/1/0819/7885/1544/files/naydss-rita_2520red_2520zero_25_2520sugar_2520240_2520ml.jpg?v=1781343370,1,Rita Red Zero Sugar 240ml,false,,,,,,,,,,kg,,,active
rita-mojito-240ml,Rita Mojito 240ml,"",Ayira Mini Mart,,Carbonated Soft Drinks,Carbonated Soft Drinks,true,Title,Default Title,,,,,,,,AYR-0125,0.0,,0,continue,manual,3.50,,true,true,,,,,,https://cdn.shopify.com/s/files/1/0819/7885/1544/files/qawxx--rita_20mojito_20240_20ml.jpg?v=1781343369,1,Rita Mojito 240ml,false,,,,,,,,,,kg,,,active
rita-passion-240ml,Rita Passion 240ml,"",Ayira Mini Mart,,Carbonated Soft Drinks,Carbonated Soft Drinks,true,Title,Default Title,,,,,,,,AYR-0124,0.0,,0,continue,manual,3.50,,true,true,,,,,,https://cdn.shopify.com/s/files/1/0819/7885/1544/files/w870nx-rita_20passion_20240_20ml.jpg?v=1781343368,1,Rita Passion 240ml,false,,,,,,,,,,kg,,,active
oronamin-c-drink-120ml,Oronamin C Drink 120ml,"",Ayira Mini Mart,,Carbonated Soft Drinks,Carbonated Soft Drinks,true,Title,Default Title,,,,,,,,AYR-0123,0.0,,0,continue,manual,6.00,,true,true,,,,,,https://cdn.shopify.com/s/files/1/0819/7885/1544/files/zctnkl-oronamin_20c_20drink_20120_20ml.jpg?v=1781343368,1,Oronamin C Drink 120ml,false,,,,,,,,,,kg,,,active
walkers-vitamin-drink-150ml,Walkers Vitamin Drink 150ml,"",Ayira Mini Mart,,Carbonated Soft Drinks,Carbonated Soft Drinks,true,Title,Default Title,,,,,,,,AYR-0122,0.0,,0,continue,manual,6.00,,true,true,,,,,,https://cdn.shopify.com/s/files/1/0819/7885/1544/files/pojyj6-walkers_20vitamin_20150_20ml.jpg?v=1781343367,1,Walkers Vitamin Drink 150ml,false,,,,,,,,,,kg,,,active
nescaf-mocha-225ml,Nescafé Mocha 225ml,"",Ayira Mini Mart,,Carbonated Soft Drinks,Carbonated Soft Drinks,true,Title,Default Title,,,,,,,,AYR-0121,0.0,,0,continue,manual,5.50,,true,true,,,,,,https://cdn.shopify.com/s/files/1/0819/7885/1544/files/tdlh4h-nescaf_C3_A9_20mocha_20225_20ml.jpg?v=1781343366,1,Nescafé Mocha 225ml,false,,,,,,,,,,kg,,,active
nescaf-spanish-latte-225ml,Nescafé Spanish Latte 225ml,"",Ayira Mini Mart,,Carbonated Soft Drinks,Carbonated Soft Drinks,true,Title,Default Title,,,,,,,,AYR-0120,0.0,,0,continue,manual,5.50,,true,true,,,,,,https://cdn.shopify.com/s/files/1/0819/7885/1544/files/79cj9a-nescaf_C3_A9_20spanish_20latte_20225_20ml.jpg?v=1781343365,1,Nescafé Spanish Latte 225ml,false,,,,,,,,,,kg,,,active
fizzy-vimto-blue-raspberry-250ml,Fizzy Vimto Blue Raspberry 250ml,"",Ayira Mini Mart,,Carbonated Soft Drinks,Carbonated Soft Drinks,true,Title,Default Title,,,,,,,,AYR-0119,0.0,,0,continue,manual,2.50,,true,true,,,,,,https://cdn.shopify.com/s/files/1/0819/7885/1544/files/9qorhi-fizzy_20vimto_20blue_20raspberry_20250_20ml.png?v=1781343364,1,Fizzy Vimto Blue Raspberry 250ml,false,,,,,,,,,,kg,,,active
kinza-lemon-zero-sugar-250ml,Kinza Lemon Zero Sugar 250ml,"",Ayira Mini Mart,,Carbonated Soft Drinks,Carbonated Soft Drinks,true,Title,Default Title,,,,,,,,AYR-0118,0.0,,0,continue,manual,2.50,,true,true,,,,,,https://cdn.shopify.com/s/files/1/0819/7885/1544/files/drmcx-kinza_20lemon_20zero_20sugar_20250_20ml.png?v=1781343363,1,Kinza Lemon Zero Sugar 250ml,false,,,,,,,,,,kg,,,active
kinza-diet-cola-250ml,Kinza Diet Cola 250ml,"",Ayira Mini Mart,,Carbonated Soft Drinks,Carbonated Soft Drinks,true,Title,Default Title,,,,,,,,AYR-0117,0.0,,0,continue,manual,2.50,,true,true,,,,,,https://cdn.shopify.com/s/files/1/0819/7885/1544/files/jw36ln-kinza_20diet_20cola_20250_20ml.png?v=1781343363,1,Kinza Diet Cola 250ml,false,,,,,,,,,,kg,,,active
kinza-blackcurrant-250ml,Kinza Blackcurrant 250ml,"",Ayira Mini Mart,,Carbonated Soft Drinks,Carbonated Soft Drinks,true,Title,Default Title,,,,,,,,AYR-0116,0.0,,0,continue,manual,2.50,,true,true,,,,,,https://cdn.shopify.com/s/files/1/0819/7885/1544/files/oyf2mm-kinza_20blackcurrant_20250_20ml.png?v=1781343362,1,Kinza Blackcurrant 250ml,false,,,,,,,,,,kg,,,active
kinza-lemon-250ml,Kinza Lemon 250ml,"",Ayira Mini Mart,,Carbonated Soft Drinks,Carbonated Soft Drinks,true,Title,Default Title,,,,,,,,AYR-0115,0.0,,0,continue,manual,2.50,,true,true,,,,,,https://cdn.shopify.com/s/files/1/0819/7885/1544/files/4l7gx8-kinza_20lemon_20250_20ml.png?v=1781343362,1,Kinza Lemon 250ml,false,,,,,,,,,,kg,,,active
kinza-cola-250ml,Kinza Cola 250ml,"",Ayira Mini Mart,,Carbonated Soft Drinks,Carbonated Soft Drinks,true,Title,Default Title,,,,,,,,AYR-0114,0.0,,0,continue,manual,2.50,,true,true,,,,,,https://cdn.shopify.com/s/files/1/0819/7885/1544/files/ju9pu8-kinza_20cola_20250_20ml.png?v=1781343360,1,Kinza Cola 250ml,false,,,,,,,,,,kg,,,active
kinza-orange-250ml,Kinza Orange 250ml,"",Ayira Mini Mart,,Carbonated Soft Drinks,Carbonated Soft Drinks,true,Title,Default Title,,,,,,,,AYR-0113,0.0,,0,continue,manual,2.50,,true,true,,,,,,https://cdn.shopify.com/s/files/1/0819/7885/1544/files/9-2emw-kinza_20orange_20250_20ml.png?v=1781343360,1,Kinza Orange 250ml,false,,,,,,,,,,kg,,,active
kinza-pomegranate-250ml,Kinza Pomegranate 250ml,"",Ayira Mini Mart,,Carbonated Soft Drinks,Carbonated Soft Drinks,true,Title,Default Title,,,,,,,,AYR-0112,0.0,,0,continue,manual,2.50,,true,true,,,,,,https://cdn.shopify.com/s/files/1/0819/7885/1544/files/7du3pw-kinza_20pomegranate_20250_20ml.png?v=1781343359,1,Kinza Pomegranate 250ml,false,,,,,,,,,,kg,,,active
kinza-citrus-250ml,Kinza Citrus 250ml,"",Ayira Mini Mart,,Carbonated Soft Drinks,Carbonated Soft Drinks,true,Title,Default Title,,,,,,,,AYR-0111,0.0,,0,continue,manual,2.50,,true,true,,,,,,https://cdn.shopify.com/s/files/1/0819/7885/1544/files/yltaol-kinza_20citrus_20250_20ml.png?v=1781343358,1,Kinza Citrus 250ml,false,,,,,,,,,,kg,,,active
moussy-ice-berry-flavour-330ml,Moussy Ice Berry Flavour 330ml,"",Ayira Mini Mart,,Carbonated Soft Drinks,Carbonated Soft Drinks,true,Title,Default Title,,,,,,,,AYR-0110,0.0,,0,continue,manual,5.50,,true,true,,,,,,https://cdn.shopify.com/s/files/1/0819/7885/1544/files/az2i-l-moussy_20ice_20berry_20flavour_20330_20ml.png?v=1781343357,1,Moussy Ice Berry Flavour 330ml,false,,,,,,,,,,kg,,,active
moussy-classic-flavour-330ml,Moussy Classic Flavour 330ml,"",Ayira Mini Mart,,Carbonated Soft Drinks,Carbonated Soft Drinks,true,Title,Default Title,,,,,,,,AYR-0109,0.0,,0,continue,manual,5.50,,true,true,,,,,,https://cdn.shopify.com/s/files/1/0819/7885/1544/files/85rngd-moussy_20classic_20flavour_20330_20ml.png?v=1781343357,1,Moussy Classic Flavour 330ml,false,,,,,,,,,,kg,,,active
moussy-lemon-mint-flavour-330ml,Moussy Lemon Mint Flavour 330ml,"",Ayira Mini Mart,,Carbonated Soft Drinks,Carbonated Soft Drinks,true,Title,Default Title,,,,,,,,AYR-0108,0.0,,0,continue,manual,5.50,,true,true,,,,,,https://cdn.shopify.com/s/files/1/0819/7885/1544/files/2i24aj-moussy_20lemon_20mint_20flavour_20330_20ml.png?v=1781343356,1,Moussy Lemon Mint Flavour 330ml,false,,,,,,,,,,kg,,,active
moussy-apple-flavour-330ml,Moussy Apple Flavour 330ml,"",Ayira Mini Mart,,Carbonated Soft Drinks,Carbonated Soft Drinks,true,Title,Default Title,,,,,,,,AYR-0107,0.0,,0,continue,manual,5.50,,true,true,,,,,,https://cdn.shopify.com/s/files/1/0819/7885/1544/files/zthw4u-moussy_20apple_20flavour_20330_20ml.png?v=1781343355,1,Moussy Apple Flavour 330ml,false,,,,,,,,,,kg,,,active
moussy-strawberry-flavour-330ml,Moussy Strawberry Flavour 330ml,"",Ayira Mini Mart,,Carbonated Soft Drinks,Carbonated Soft Drinks,true,Title,Default Title,,,,,,,,AYR-0106,0.0,,0,continue,manual,5.50,,true,true,,,,,,https://cdn.shopify.com/s/files/1/0819/7885/1544/files/y85vns-moussy_20strawberry_20flavour_20330_20ml.png?v=1781343354,1,Moussy Strawberry Flavour 330ml,false,,,,,,,,,,kg,,,active
moussy-raspberry-flavour-330ml,Moussy Raspberry Flavour 330ml,"",Ayira Mini Mart,,Carbonated Soft Drinks,Carbonated Soft Drinks,true,Title,Default Title,,,,,,,,AYR-0105,0.0,,0,continue,manual,5.50,,true,true,,,,,,https://cdn.shopify.com/s/files/1/0819/7885/1544/files/gx6lt4-moussy_20raspberry_20flavour_20330_20ml.png?v=1781343353,1,Moussy Raspberry Flavour 330ml,false,,,,,,,,,,kg,,,active
moussy-peach-flavour-330ml,Moussy Peach Flavour 330ml,"",Ayira Mini Mart,,Carbonated Soft Drinks,Carbonated Soft Drinks,true,Title,Default Title,,,,,,,,AYR-0104,0.0,,0,continue,manual,5.50,,true,true,,,,,,https://cdn.shopify.com/s/files/1/0819/7885/1544/files/tj04gj-moussy_20peach_20flavour_20330_20ml.png?v=1781343353,1,Moussy Peach Flavour 330ml,false,,,,,,,,,,kg,,,active
barbican-pineapple-flavour-330ml,Barbican Pineapple Flavour 330ml,"",Ayira Mini Mart,,Carbonated Soft Drinks,Carbonated Soft Drinks,true,Title,Default Title,,,,,,,,AYR-0103,0.0,,0,continue,manual,4.50,,true,true,,,,,,https://cdn.shopify.com/s/files/1/0819/7885/1544/files/3ceuk5-barbican_20pineapple_20flavour_20330_20ml.png?v=1781343352,1,Barbican Pineapple Flavour 330ml,false,,,,,,,,,,kg,,,active
barbican-peach-flavour-330ml,Barbican Peach Flavour 330ml,"",Ayira Mini Mart,,Carbonated Soft Drinks,Carbonated Soft Drinks,true,Title,Default Title,,,,,,,,AYR-0102,0.0,,0,continue,manual,4.50,,true,true,,,,,,https://cdn.shopify.com/s/files/1/0819/7885/1544/files/mj11xx-barbican_20peach_20flavour_20330_20ml.png?v=1781343351,1,Barbican Peach Flavour 330ml,false,,,,,,,,,,kg,,,active
barbican-apple-flavour-330ml,Barbican Apple Flavour 330ml,"",Ayira Mini Mart,,Carbonated Soft Drinks,Carbonated Soft Drinks,true,Title,Default Title,,,,,,,,AYR-0101,0.0,,0,continue,manual,4.50,,true,true,,,,,,https://cdn.shopify.com/s/files/1/0819/7885/1544/files/e60dlr-barbican_20apple_20flavour_20330_20ml.png?v=1781343350,1,Barbican Apple Flavour 330ml,false,,,,,,,,,,kg,,,active
barbican-pomegranate-flavour-330ml,Barbican Pomegranate Flavour 330ml,"",Ayira Mini Mart,,Carbonated Soft Drinks,Carbonated Soft Drinks,true,Title,Default Title,,,,,,,,AYR-0100,0.0,,0,continue,manual,4.50,,true,true,,,,,,https://cdn.shopify.com/s/files/1/0819/7885/1544/files/x1cdh6-barbican_20pomegranate_20flavour_20330_20ml.png?v=1781343349,1,Barbican Pomegranate Flavour 330ml,false,,,,,,,,,,kg,,,active
barbican-strawberry-flavour-330ml,Barbican Strawberry Flavour 330ml,"",Ayira Mini Mart,,Carbonated Soft Drinks,Carbonated Soft Drinks,true,Title,Default Title,,,,,,,,AYR-0099,0.0,,0,continue,manual,4.50,,true,true,,,,,,https://cdn.shopify.com/s/files/1/0819/7885/1544/files/0cxj24-barbican_20strawberry_20flavour_20330_20ml.png?v=1781343348,1,Barbican Strawberry Flavour 330ml,false,,,,,,,,,,kg,,,active
barbican-english-flavour-330ml,Barbican English Flavour 330ml,"",Ayira Mini Mart,,Carbonated Soft Drinks,Carbonated Soft Drinks,true,Title,Default Title,,,,,,,,AYR-0098,0.0,,0,continue,manual,4.50,,true,true,,,,,,https://cdn.shopify.com/s/files/1/0819/7885/1544/files/848rbs-barbican_20english_20flavour_20330_20ml.png?v=1781343346,1,Barbican English Flavour 330ml,false,,,,,,,,,,kg,,,active
freez-mix-carbonated-flavored-drink-pomegranate-mix-275ml,Freez Mix Carbonated Flavored Drink Pomegranate Mix 275ml,"",Ayira Mini Mart,,Carbonated Soft Drinks,Carbonated Soft Drinks,true,Title,Default Title,,,,,,,,AYR-0097,0.0,,0,continue,manual,5.00,,true,true,,,,,,https://cdn.shopify.com/s/files/1/0819/7885/1544/files/x5uhaj-freez_20mix_20carbonated_20flavored_20drink_20pomegranate_20mix_20275_20ml.png?v=1781343344,1,Freez Mix Carbonated Flavored Drink Pomegranate Mix 275ml,false,,,,,,,,,,kg,,,active
freez-mix-carbonated-flavored-drink-lychee-275ml,Freez Mix Carbonated Flavored Drink Lychee 275ml,"",Ayira Mini Mart,,Carbonated Soft Drinks,Carbonated Soft Drinks,true,Title,Default Title,,,,,,,,AYR-0096,0.0,,0,continue,manual,5.00,,true,true,,,,,,https://cdn.shopify.com/s/files/1/0819/7885/1544/files/i7qtnj-freez_20mix_20carbonated_20flavored_20drink_20pineapple_20.png?v=1781343343,1,Freez Mix Carbonated Flavored Drink Lychee 275ml,false,,,,,,,,,,kg,,,active
freez-mix-lemon-mint-carbonated-drink-275ml,Freez Mix Lemon & Mint Carbonated Drink 275ml,"",Ayira Mini Mart,,Carbonated Soft Drinks,Carbonated Soft Drinks,true,Title,Default Title,,,,,,,,AYR-0095,0.0,,0,continue,manual,5.00,,true,true,,,,,,https://cdn.shopify.com/s/files/1/0819/7885/1544/files/fxznbu-freez_20mix_20lemon_20.png?v=1781343342,1,Freez Mix Lemon & Mint Carbonated Drink 275ml,false,,,,,,,,,,kg,,,active
freez-mix-strawberry-carbonated-drink-275ml,Freez Mix Strawberry Carbonated Drink 275ml,"",Ayira Mini Mart,,Carbonated Soft Drinks,Carbonated Soft Drinks,true,Title,Default Title,,,,,,,,AYR-0094,0.0,,0,continue,manual,5.00,,true,true,,,,,,https://cdn.shopify.com/s/files/1/0819/7885/1544/files/0tzmq7-freez_20mix_20carbonated_20flavored_20drink_20strawberry_20mix_20275_20ml.png?v=1781343340,1,Freez Mix Strawberry Carbonated Drink 275ml,false,,,,,,,,,,kg,,,active
freez-mix-blue-hawaii-tropical-fruit-carbonated-drink-275ml,Freez Mix Blue Hawaii Tropical Fruit Carbonated Drink 275ml,"",Ayira Mini Mart,,Carbonated Soft Drinks,Carbonated Soft Drinks,true,Title,Default Title,,,,,,,,AYR-0093,0.0,,0,continue,manual,5.00,,true,true,,,,,,https://cdn.shopify.com/s/files/1/0819/7885/1544/files/xyvwh-freez_20mix_20carbonated_20flavored_20drink_20blue_20hawaii_20tropical_20fruit_20275_20ml.png?v=1781343339,1,Freez Mix Blue Hawaii Tropical Fruit Carbonated Drink 275ml,false,,,,,,,,,,kg,,,active
flash-carbonated-soft-drink-250ml,Flash Carbonated Soft Drink 250ml,"",Ayira Mini Mart,,Carbonated Soft Drinks,Carbonated Soft Drinks,true,Title,Default Title,,,,,,,,AYR-0092,0.0,,0,continue,manual,5.00,,true,true,,,,,,https://cdn.shopify.com/s/files/1/0819/7885/1544/files/dsvhve-flash_20carbonated_20soft_20drink_20250_20ml.png?v=1781343338,1,Flash Carbonated Soft Drink 250ml,false,,,,,,,,,,kg,,,active
double-cola-250ml,Double Cola 250ml,"",Ayira Mini Mart,,Carbonated Soft Drinks,Carbonated Soft Drinks,true,Title,Default Title,,,,,,,,AYR-0091,0.0,,0,continue,manual,2.50,,true,true,,,,,,https://cdn.shopify.com/s/files/1/0819/7885/1544/files/rebix2-double_20cola_20250_20ml.jpg?v=1781343337,1,Double Cola 250ml,false,,,,,,,,,,kg,,,active
barbican-classic-malt-250ml,Barbican Classic Malt 250ml,"",Ayira Mini Mart,,Carbonated Soft Drinks,Carbonated Soft Drinks,true,Title,Default Title,,,,,,,,AYR-0090,0.0,,0,continue,manual,3.00,,true,true,,,,,,https://cdn.shopify.com/s/files/1/0819/7885/1544/files/pfkcig-barbican_20classic_20malt_20250_20ml.jpg?v=1781343335,1,Barbican Classic Malt 250ml,false,,,,,,,,,,kg,,,active
barbican-apple-flavour-250ml,Barbican Apple Flavour 250ml,"",Ayira Mini Mart,,Carbonated Soft Drinks,Carbonated Soft Drinks,true,Title,Default Title,,,,,,,,AYR-0089,0.0,,0,continue,manual,3.00,,true,true,,,,,,https://cdn.shopify.com/s/files/1/0819/7885/1544/files/6v67jn-barbican_20apple_20flavour_20250_20ml.jpg?v=1781343335,1,Barbican Apple Flavour 250ml,false,,,,,,,,,,kg,,,active
barbican-pomegranate-flavour-250ml,Barbican Pomegranate Flavour 250ml,"",Ayira Mini Mart,,Carbonated Soft Drinks,Carbonated Soft Drinks,true,Title,Default Title,,,,,,,,AYR-0088,0.0,,0,continue,manual,4.50,,true,true,,,,,,https://cdn.shopify.com/s/files/1/0819/7885/1544/files/7gm0li-barbican_20pomegranate_20flavour_20330_20ml.png?v=1781343334,1,Barbican Pomegranate Flavour 250ml,false,,,,,,,,,,kg,,,active
barbican-strawberry-flavour-250ml,Barbican Strawberry Flavour 250ml,"",Ayira Mini Mart,,Carbonated Soft Drinks,Carbonated Soft Drinks,true,Title,Default Title,,,,,,,,AYR-0087,0.0,,0,continue,manual,3.00,,true,true,,,,,,https://cdn.shopify.com/s/files/1/0819/7885/1544/files/vv450n-barbican_20strawberry_20flavour_20250_20ml.jpg?v=1781343333,1,Barbican Strawberry Flavour 250ml,false,,,,,,,,,,kg,,,active
perrier-natural-sparkling-water-200ml,Perrier Natural Sparkling Water 200ml,"",Ayira Mini Mart,,Water,Water,true,Title,Default Title,,,,,,,,AYR-0086,0.0,,0,continue,manual,5.00,,true,true,,,,,,https://cdn.shopify.com/s/files/1/0819/7885/1544/files/f-oco5-perrier_20200_20ml.jpg?v=1781343332,1,Perrier Natural Sparkling Water 200ml,false,,,,,,,,,,kg,,,active
rayyan-40-years-together-250ml,Rayyan 40 Years Together 250ml,"",Ayira Mini Mart,,Water,Water,true,Title,Default Title,,,,,,,,AYR-0085,0.0,,-1,continue,manual,4.50,,true,true,,,,,,https://cdn.shopify.com/s/files/1/0819/7885/1544/files/00-76b-rayyan_2040_20years_20together_20250_20ml.jpg?v=1781343331,1,Rayyan 40 Years Together 250ml,false,,,,,,,,,,kg,,,active
mountain-dew-zero-sugar-330ml,Mountain Dew Zero Sugar 330ml,"",Ayira Mini Mart,,Carbonated Soft Drinks,Carbonated Soft Drinks,true,Title,Default Title,,,,,,,,AYR-0084,0.0,,0,continue,manual,2.50,,true,true,,,,,,https://cdn.shopify.com/s/files/1/0819/7885/1544/files/kdeqjf-mountain_20dew_20zero_20sugar_20330_20ml.png?v=1781343331,1,Mountain Dew Zero Sugar 330ml,false,,,,,,,,,,kg,,,active
shani-fruit-flavoured-drink-330ml,Shani Fruit Flavoured Drink 330ml,"",Ayira Mini Mart,,Carbonated Soft Drinks,Carbonated Soft Drinks,true,Title,Default Title,,,,,,,,AYR-0083,0.0,,0,continue,manual,2.50,,true,true,,,,,,https://cdn.shopify.com/s/files/1/0819/7885/1544/files/p8uneh-shani_20fruit_20flavoured_20drink_20330_20ml.png?v=1781343330,1,Shani Fruit Flavoured Drink 330ml,false,,,,,,,,,,kg,,,active
pepsi-zero-sugar-330ml,Pepsi Zero Sugar 330ml,"",Ayira Mini Mart,,Carbonated Soft Drinks,Carbonated Soft Drinks,true,Title,Default Title,,,,,,,,AYR-0082,0.0,,0,continue,manual,2.50,,true,true,,,,,,https://cdn.shopify.com/s/files/1/0819/7885/1544/files/ly5hth-pepsi_20zero_20sugar_20330_20ml.png?v=1781343329,1,Pepsi Zero Sugar 330ml,false,,,,,,,,,,kg,,,active
evervess-club-soda-330ml,Evervess Club Soda 330ml,"",Ayira Mini Mart,,Water,Water,true,Title,Default Title,,,,,,,,AYR-0081,0.0,,0,continue,manual,2.00,,true,true,,,,,,https://cdn.shopify.com/s/files/1/0819/7885/1544/files/siu7jk-evervess_20club_20soda_20330_20ml.png?v=1781343328,1,Evervess Club Soda 330ml,false,,,,,,,,,,kg,,,active
mirinda-strawberry-330ml,Mirinda Strawberry 330ml,"",Ayira Mini Mart,,Carbonated Soft Drinks,Carbonated Soft Drinks,true,Title,Default Title,,,,,,,,AYR-0080,0.0,,0,continue,manual,2.50,,true,true,,,,,,https://cdn.shopify.com/s/files/1/0819/7885/1544/files/lqg4tu-mirinda_20strawberry_20330_20ml.png?v=1781343327,1,Mirinda Strawberry 330ml,false,,,,,,,,,,kg,,,active
mirinda-orange-330ml,Mirinda Orange 330ml,"",Ayira Mini Mart,,Carbonated Soft Drinks,Carbonated Soft Drinks,true,Title,Default Title,,,,,,,,AYR-0079,0.0,,0,continue,manual,2.50,,true,true,,,,,,https://cdn.shopify.com/s/files/1/0819/7885/1544/files/6ypkn0-mirinda_20orange_20330_20ml.png?v=1781343327,1,Mirinda Orange 330ml,false,,,,,,,,,,kg,,,active
pepsi-330ml,Pepsi 330ml,"",Ayira Mini Mart,,Carbonated Soft Drinks,Carbonated Soft Drinks,true,Title,Default Title,,,,,,,,AYR-0078,0.0,,0,continue,manual,2.50,,true,true,,,,,,https://cdn.shopify.com/s/files/1/0819/7885/1544/files/9uka1u-pepsi_20330_20ml.png?v=1781343326,1,Pepsi 330ml,false,,,,,,,,,,kg,,,active
extra-fizz-7up-zero-sugar-330ml,Extra Fizz 7UP Zero Sugar 330ml,"",Ayira Mini Mart,,Carbonated Soft Drinks,Carbonated Soft Drinks,true,Title,Default Title,,,,,,,,AYR-0077,0.0,,0,continue,manual,2.50,,true,true,,,,,,https://cdn.shopify.com/s/files/1/0819/7885/1544/files/az090g-extra_20fizz_207up_20zero_20sugar_20330_20ml.png?v=1781343325,1,Extra Fizz 7UP Zero Sugar 330ml,false,,,,,,,,,,kg,,,active
mizo-orange-carrot-drink-1-35-litre,Mizo Orange & Carrot Drink 1.35 Litre,"",Ayira Mini Mart,,Juices & Fruit Drinks,Juices & Fruit Drinks,true,Title,Default Title,,,,,,,,AYR-0076,0.0,,0,continue,manual,6.00,,true,true,,,,,,https://cdn.shopify.com/s/files/1/0819/7885/1544/files/3zs8xw-mizo_20orange_20.png?v=1781343325,1,Mizo Orange & Carrot Drink 1.35 Litre,false,,,,,,,,,,kg,,,active
pran-frooto-mango-juice-1-litre,Pran Frooto Mango Juice 1 Litre,"",Ayira Mini Mart,,Juices & Fruit Drinks,Juices & Fruit Drinks,true,Title,Default Title,,,,,,,,AYR-0075,0.0,,0,continue,manual,5.00,,true,true,,,,,,https://cdn.shopify.com/s/files/1/0819/7885/1544/files/z5b1mb-pran_20frooto_20mango_20juice_201_20litre.png?v=1781343324,1,Pran Frooto Mango Juice 1 Litre,false,,,,,,,,,,kg,,,active
oshee-isotonic-drink-750ml,Oshee Isotonic Drink 750ml,"",Ayira Mini Mart,,Energy & Sports Drinks,Energy & Sports Drinks,true,Title,Default Title,,,,,,,,AYR-0074,0.0,,0,continue,manual,7.00,,true,true,,,,,,https://cdn.shopify.com/s/files/1/0819/7885/1544/files/svy6ue-oshee_20____20750_20ml.png?v=1781343323,1,Oshee Isotonic Drink 750ml,false,,,,,,,,,,kg,,,active
fruitoo-original-taste-berries-mixed-flavour-1-litre,Fruitoo Original Taste Berries Mixed Flavour 1 Litre,"",Ayira Mini Mart,,Juices & Fruit Drinks,Juices & Fruit Drinks,true,Title,Default Title,,,,,,,,AYR-0073,0.0,,0,continue,manual,8.00,,true,true,,,,,,https://cdn.shopify.com/s/files/1/0819/7885/1544/files/izlmj0-fruitoo_20original_20taste_20berries_20mixed_20flavour_201_20litre.png?v=1781343322,1,Fruitoo Original Taste Berries Mixed Flavour 1 Litre,false,,,,,,,,,,kg,,,active
double-up-cola-1-litre,Double Up Cola 1 Litre,"",Ayira Mini Mart,,Carbonated Soft Drinks,Carbonated Soft Drinks,true,Title,Default Title,,,,,,,,AYR-0072,0.0,,0,continue,manual,3.50,,true,true,,,,,,https://cdn.shopify.com/s/files/1/0819/7885/1544/files/cfwxpg-double_20up_20cola_201_20litre.png?v=1781343321,1,Double Up Cola 1 Litre,false,,,,,,,,,,kg,,,active
pran-frooto-mango-juice-500ml,Pran Frooto Mango Juice 500ml,"",Ayira Mini Mart,,Juices & Fruit Drinks,Juices & Fruit Drinks,true,Title,Default Title,,,,,,,,AYR-0071,0.0,,0,continue,manual,3.00,,true,true,,,,,,https://cdn.shopify.com/s/files/1/0819/7885/1544/files/3zdtea-pran_20frooto_20mango_20juice_20500_20ml.png?v=1781343320,1,Pran Frooto Mango Juice 500ml,false,,,,,,,,,,kg,,,active
power-x-carbonated-drink-250ml,Power X Carbonated Drink 250ml,"",Ayira Mini Mart,,Carbonated Soft Drinks,Carbonated Soft Drinks,true,Title,Default Title,,,,,,,,AYR-0070,0.0,,0,continue,manual,2.50,,true,true,,,,,,https://cdn.shopify.com/s/files/1/0819/7885/1544/files/o52vlb-power_20x_20carbonated_20drink_20250_20ml.png?v=1781343319,1,Power X Carbonated Drink 250ml,false,,,,,,,,,,kg,,,active
royal-tiger-energy-drink-250ml,Royal Tiger Energy Drink 250ml,"",Ayira Mini Mart,,Carbonated Soft Drinks,Carbonated Soft Drinks,true,Title,Default Title,,,,,,,,AYR-0069,0.0,,0,continue,manual,3.00,,true,true,,,,,,https://cdn.shopify.com/s/files/1/0819/7885/1544/files/8blawi-royal_20tiger_20250_20ml.png?v=1781343318,1,Royal Tiger Energy Drink 250ml,false,,,,,,,,,,kg,,,active
al-rabie-original-orange-drink-250ml,Al Rabie Original Orange Drink 250ml,"",Ayira Mini Mart,,Juices & Fruit Drinks,Juices & Fruit Drinks,true,Title,Default Title,,,,,,,,AYR-0068,0.0,,0,continue,manual,2.00,,true,true,,,,,,https://cdn.shopify.com/s/files/1/0819/7885/1544/files/nzs-nd-al_20rabie_20original_20orange_20drink_20250_20ml.png?v=1781343318,1,Al Rabie Original Orange Drink 250ml,false,,,,,,,,,,kg,,,active
al-rabie-original-orange-drink-200ml,Al Rabie Original Orange Drink 200ml,"",Ayira Mini Mart,,Juices & Fruit Drinks,Juices & Fruit Drinks,true,Title,Default Title,,,,,,,,AYR-0067,0.0,,0,continue,manual,2.00,,true,true,,,,,,https://cdn.shopify.com/s/files/1/0819/7885/1544/files/kilm9o-al_20rabie_20original_20orange_20drink_20200_20ml.png?v=1781343317,1,Al Rabie Original Orange Drink 200ml,false,,,,,,,,,,kg,,,active
shami-strawberry-drink-200-ml,Shami Strawberry Drink 200 ml,"",Ayira Mini Mart,,Juices & Fruit Drinks,Juices & Fruit Drinks,true,Title,Default Title,,,,,,,,AYR-0066,0.0,,0,continue,manual,2.50,,true,true,,,,,,https://cdn.shopify.com/s/files/1/0819/7885/1544/files/x47tsw-shami_20strawberry_20drink_20200_20ml.png?v=1781343316,1,Shami Strawberry Drink 200 ml,false,,,,,,,,,,kg,,,active
pran-litchi-drink-250-ml,Pran Litchi Drink 250 ml,"",Ayira Mini Mart,,Juices & Fruit Drinks,Juices & Fruit Drinks,true,Title,Default Title,,,,,,,,AYR-0065,0.0,,0,continue,manual,1.00,,true,true,,,,,,https://cdn.shopify.com/s/files/1/0819/7885/1544/files/ay997b-pran_20litchi_20drink_20250_20ml.png?v=1781343316,1,Pran Litchi Drink 250 ml,false,,,,,,,,,,kg,,,active
double-up-red-berries-200-ml,Double Up Red Berries 200 ml,"",Ayira Mini Mart,,Carbonated Soft Drinks,Carbonated Soft Drinks,true,Title,Default Title,,,,,,,,AYR-0064,0.0,,0,continue,manual,1.50,,true,true,,,,,,https://cdn.shopify.com/s/files/1/0819/7885/1544/files/oiq21g-double_20up_20red_20berries_20200_20ml.png?v=1781343315,1,Double Up Red Berries 200 ml,false,,,,,,,,,,kg,,,active
double-up-orange-200-ml,Double Up Orange 200 ml,"",Ayira Mini Mart,,Carbonated Soft Drinks,Carbonated Soft Drinks,true,Title,Default Title,,,,,,,,AYR-0063,0.0,,0,continue,manual,1.50,,true,true,,,,,,https://cdn.shopify.com/s/files/1/0819/7885/1544/files/9oqjsp-double_20up_20orange_20200_20ml.png?v=1781343314,1,Double Up Orange 200 ml,false,,,,,,,,,,kg,,,active
high-speed-drink-250-ml,High Speed Drink 250 ml,"",Ayira Mini Mart,,Carbonated Soft Drinks,Carbonated Soft Drinks,true,Title,Default Title,,,,,,,,AYR-0062,0.0,,0,continue,manual,3.00,,true,true,,,,,,https://cdn.shopify.com/s/files/1/0819/7885/1544/files/acf711-high_20speed_20drink_20250_20ml.png?v=1781343313,1,High Speed Drink 250 ml,false,,,,,,,,,,kg,,,active
double-up-soda-water-500-ml,Double Up Soda Water 500 ml,"",Ayira Mini Mart,,Carbonated Soft Drinks,Carbonated Soft Drinks,true,Title,Default Title,,,,,,,,AYR-0061,0.0,,0,continue,manual,1.50,,true,true,,,,,,https://cdn.shopify.com/s/files/1/0819/7885/1544/files/96puqb-double_20up_20soda_20water_20500_20ml.png?v=1781343312,1,Double Up Soda Water 500 ml,false,,,,,,,,,,kg,,,active
double-up-orange-1-litre,Double Up Orange 1 Litre,"",Ayira Mini Mart,,Carbonated Soft Drinks,Carbonated Soft Drinks,true,Title,Default Title,,,,,,,,AYR-0060,0.0,,0,continue,manual,3.50,,true,true,,,,,,https://cdn.shopify.com/s/files/1/0819/7885/1544/files/xyeceh-double_20up_20orange_201_20litre.png?v=1781343312,1,Double Up Orange 1 Litre,false,,,,,,,,,,kg,,,active
vitamilk-energy-300-ml,Vitamilk Energy 300 ml,"",Ayira Mini Mart,,Juices & Fruit Drinks,Juices & Fruit Drinks,true,Title,Default Title,,,,,,,,AYR-0059,0.0,,0,continue,manual,5.00,,true,true,,,,,,https://cdn.shopify.com/s/files/1/0819/7885/1544/files/238ig6-vitamilk_20energy_20300_20ml.png?v=1781343311,1,Vitamilk Energy 300 ml,false,,,,,,,,,,kg,,,active
vitamilk-double-choco-shake-300-ml,Vitamilk Double Choco Shake 300 ml,"",Ayira Mini Mart,,Juices & Fruit Drinks,Juices & Fruit Drinks,true,Title,Default Title,,,,,,,,AYR-0058,0.0,,0,continue,manual,5.00,,true,true,,,,,,https://cdn.shopify.com/s/files/1/0819/7885/1544/files/z654t0-vitamilk_20double_20choco_20shake_20300_20ml.png?v=1781343310,1,Vitamilk Double Choco Shake 300 ml,false,,,,,,,,,,kg,,,active
vitamilk-strawberry-300ml,Vitamilk Strawberry 300ml,"",Ayira Mini Mart,,Juices & Fruit Drinks,Juices & Fruit Drinks,true,Title,Default Title,,,,,,,,AYR-0057,0.0,,0,continue,manual,5.00,,true,true,,,,,,https://cdn.shopify.com/s/files/1/0819/7885/1544/files/kan9km-vitamilk_20strawberry_20300_20ml.png?v=1781343309,1,Vitamilk Strawberry 300ml,false,,,,,,,,,,kg,,,active
capri-sun-mango-200ml,Capri-Sun Mango 200ml,"",Ayira Mini Mart,,Juices & Fruit Drinks,Juices & Fruit Drinks,true,Title,Default Title,,,,,,,,AYR-0056,0.0,,0,continue,manual,2.50,,true,true,,,,,,https://cdn.shopify.com/s/files/1/0819/7885/1544/files/8dpgoa-capri-sun_20mango_20200_20ml.png?v=1781343308,1,Capri-Sun Mango 200ml,false,,,,,,,,,,kg,,,active
capri-sun-mixed-fruit-200ml,Capri-Sun Mixed Fruit 200ml,"",Ayira Mini Mart,,Juices & Fruit Drinks,Juices & Fruit Drinks,true,Title,Default Title,,,,,,,,AYR-0055,0.0,,0,continue,manual,2.50,,true,true,,,,,,https://cdn.shopify.com/s/files/1/0819/7885/1544/files/1gz0l-capri-sun_20mixed_20fruit_20200_20ml.png?v=1781343308,1,Capri-Sun Mixed Fruit 200ml,false,,,,,,,,,,kg,,,active
pran-frooto-mango-juice-200ml,Pran Frooto Mango Juice 200ml,"",Ayira Mini Mart,,Juices & Fruit Drinks,Juices & Fruit Drinks,true,Title,Default Title,,,,,,,,AYR-0054,0.0,,0,continue,manual,1.00,,true,true,,,,,,https://cdn.shopify.com/s/files/1/0819/7885/1544/files/kykisu-pran_20frooto_20mango_20juice_20200ml_20_E2_80_93.png?v=1781343307,1,Pran Frooto Mango Juice 200ml,false,,,,,,,,,,kg,,,active
best-apple-drink-250ml,Best Apple Drink 250ml,"",Ayira Mini Mart,,Juices & Fruit Drinks,Juices & Fruit Drinks,true,Title,Default Title,,,,,,,,AYR-0053,0.0,,0,continue,manual,2.00,,true,true,,,,,,https://cdn.shopify.com/s/files/1/0819/7885/1544/files/h8t-mn-best_20apple_20drink_20250ml_20_E2_80_93.png?v=1781343306,1,Best Apple Drink 250ml,false,,,,,,,,,,kg,,,active
vimto-strawberry-fruit-flavoured-drink-250ml,Vimto Strawberry Fruit Flavoured Drink 250ml,"",Ayira Mini Mart,,Juices & Fruit Drinks,Juices & Fruit Drinks,true,Title,Default Title,,,,,,,,AYR-0052,0.0,,0,continue,manual,2.00,,true,true,,,,,,https://cdn.shopify.com/s/files/1/0819/7885/1544/files/w695ix-vimto_20fruit_20flavoured_20drink_20250_20ml_bc8aca95-164f-4770-b1ff-7d1ff37bd800.png?v=1781343305,1,Vimto Strawberry Fruit Flavoured Drink 250ml,false,,,,,,,,,,kg,,,active
vimto-fruit-flavoured-drink-250ml,Vimto Fruit Flavoured Drink 250ml,"",Ayira Mini Mart,,Juices & Fruit Drinks,Juices & Fruit Drinks,true,Title,Default Title,,,,,,,,AYR-0051,0.0,,0,continue,manual,2.00,,true,true,,,,,,https://cdn.shopify.com/s/files/1/0819/7885/1544/files/w695ix-vimto_20fruit_20flavoured_20drink_20250_20ml.png?v=1781343304,1,Vimto Fruit Flavoured Drink 250ml,false,,,,,,,,,,kg,,,active
vimto-blue-raspberry-fruit-flavoured-drink-250ml,Vimto Blue Raspberry Fruit Flavoured Drink 250ml,"",Ayira Mini Mart,,Juices & Fruit Drinks,Juices & Fruit Drinks,true,Title,Default Title,,,,,,,,AYR-0050,0.0,,0,continue,manual,2.00,,true,true,,,,,,https://cdn.shopify.com/s/files/1/0819/7885/1544/files/a82o31-vimto_20blue_20raspberry_20fruit_20flavoured_20drink_20250_20ml.png?v=1781343304,1,Vimto Blue Raspberry Fruit Flavoured Drink 250ml,false,,,,,,,,,,kg,,,active
mango-nectar-250ml,Mango Nectar 250ml,"",Ayira Mini Mart,,Juices & Fruit Drinks,Juices & Fruit Drinks,true,Title,Default Title,,,,,,,,AYR-0049,0.0,,0,continue,manual,2.50,,true,true,,,,,,https://cdn.shopify.com/s/files/1/0819/7885/1544/files/h7-lsl-kdd_20mango_20nectar_20250_20ml.png?v=1781343303,1,Mango Nectar 250ml,false,,,,,,,,,,kg,,,active
guava-nectar-contains-35-juice-250-ml,Guava Nectar (Contains 35% Juice) 250 ml,"",Ayira Mini Mart,,Juices & Fruit Drinks,Juices & Fruit Drinks,true,Title,Default Title,,,,,,,,AYR-0048,0.0,,0,continue,manual,2.00,,true,true,,,,,,https://cdn.shopify.com/s/files/1/0819/7885/1544/files/oiqxjp-guava_2520nectar_2520_28contains_252035_25_2520juice_29_2520250_2520ml.png?v=1781343302,1,Guava Nectar (Contains 35% Juice) 250 ml,false,,,,,,,,,,kg,,,active
double-up-lemon-200-ml,Double Up Lemon 200 ml,"",Ayira Mini Mart,,Carbonated Soft Drinks,Carbonated Soft Drinks,true,Title,Default Title,,,,,,,,AYR-0047,0.0,,0,continue,manual,1.50,,true,true,,,,,,https://cdn.shopify.com/s/files/1/0819/7885/1544/files/95-zy2-double_20up_20lemon_20200_20ml.png?v=1781343301,1,Double Up Lemon 200 ml,false,,,,,,,,,,kg,,,active
double-up-cola-200-ml,Double Up Cola 200 ml,"",Ayira Mini Mart,,Carbonated Soft Drinks,Carbonated Soft Drinks,true,Title,Default Title,,,,,,,,AYR-0046,0.0,,0,continue,manual,1.50,,true,true,,,,,,https://cdn.shopify.com/s/files/1/0819/7885/1544/files/ym06hx-double_20up_20cola_20200_20ml.png?v=1781343300,1,Double Up Cola 200 ml,false,,,,,,,,,,kg,,,active
kdd-orange-with-grape-juice-125-ml,KDD Orange with Grape Juice 125 ml,"",Ayira Mini Mart,,Juices & Fruit Drinks,Juices & Fruit Drinks,true,Title,Default Title,,,,,,,,AYR-0045,0.0,,0,continue,manual,1.25,,true,true,,,,,,https://cdn.shopify.com/s/files/1/0819/7885/1544/files/ct1bmo-kdd_20mango_20nectar_20125_20ml.png?v=1781343299,1,KDD Orange with Grape Juice 125 ml,false,,,,,,,,,,kg,,,active
kdd-cocktail-fruit-drink-125-ml,KDD Cocktail Fruit Drink 125 ml,"",Ayira Mini Mart,,Juices & Fruit Drinks,Juices & Fruit Drinks,true,Title,Default Title,,,,,,,,AYR-0044,0.0,,0,continue,manual,1.25,,true,true,,,,,,https://cdn.shopify.com/s/files/1/0819/7885/1544/files/gwyokz-kdd_20cocktail_20fruit_20drink_20125_20ml.png?v=1781343298,1,KDD Cocktail Fruit Drink 125 ml,false,,,,,,,,,,kg,,,active
kdd-mango-nectar-125-ml,KDD Mango Nectar 125 ml,"",Ayira Mini Mart,,Juices & Fruit Drinks,Juices & Fruit Drinks,true,Title,Default Title,,,,,,,,AYR-0043,0.0,,0,continue,manual,1.25,,true,true,,,,,,https://cdn.shopify.com/s/files/1/0819/7885/1544/files/s96wfq-kdd_20mango_20nectar_20250_20ml_9bc46f88-4d87-4beb-969f-d826f70d6467.png?v=1781343297,1,KDD Mango Nectar 125 ml,false,,,,,,,,,,kg,,,active
kdd-apple-juice-125-ml,KDD Apple Juice 125 ml,"",Ayira Mini Mart,,Juices & Fruit Drinks,Juices & Fruit Drinks,true,Title,Default Title,,,,,,,,AYR-0042,0.0,,0,continue,manual,2.00,,true,true,,,,,,https://cdn.shopify.com/s/files/1/0819/7885/1544/files/1giw4a-kdd_20apple_20juice_20125_20ml.png?v=1781343297,1,KDD Apple Juice 125 ml,false,,,,,,,,,,kg,,,active
kdd-chocolate-milk-enriched-with-vitamins-a-d-125-ml,KDD Chocolate Milk Enriched with Vitamins A & D 125 ml,"",Ayira Mini Mart,,Juices & Fruit Drinks,Juices & Fruit Drinks,true,Title,Default Title,,,,,,,,AYR-0041,0.0,,0,continue,manual,2.00,,true,true,,,,,,https://cdn.shopify.com/s/files/1/0819/7885/1544/files/ve39u8-kdd_20chocolate_20milk_20enriched_20with_20vitamins_20a_20.png?v=1781343296,1,KDD Chocolate Milk Enriched with Vitamins A & D 125 ml,false,,,,,,,,,,kg,,,active
kdd-100-apple-juice-180-ml,KDD 100% Apple Juice 180 ml,"",Ayira Mini Mart,,Juices & Fruit Drinks,Juices & Fruit Drinks,true,Title,Default Title,,,,,,,,AYR-0040,0.0,,0,continue,manual,2.00,,true,true,,,,,,https://cdn.shopify.com/s/files/1/0819/7885/1544/files/fx5sqg-kdd_2520100_25_2520apple_2520juice_2520180_2520ml.png?v=1781343296,1,KDD 100% Apple Juice 180 ml,false,,,,,,,,,,kg,,,active
kdd-guava-nectar-180-ml,KDD Guava Nectar 180 ml,"",Ayira Mini Mart,,Juices & Fruit Drinks,Juices & Fruit Drinks,true,Title,Default Title,,,,,,,,AYR-0039,0.0,,0,continue,manual,2.00,,true,true,,,,,,https://cdn.shopify.com/s/files/1/0819/7885/1544/files/e1gce8-kdd_20guava_20nectar_20180_20ml.png?v=1781343295,1,KDD Guava Nectar 180 ml,false,,,,,,,,,,kg,,,active
kdd-100-orange-juice-180-ml,KDD 100% Orange Juice 180 ml,"",Ayira Mini Mart,,Juices & Fruit Drinks,Juices & Fruit Drinks,true,Title,Default Title,,,,,,,,AYR-0038,0.0,,0,continue,manual,2.00,,true,true,,,,,,https://cdn.shopify.com/s/files/1/0819/7885/1544/files/qy5utg-kdd_20cocktail_20fruit_20drink_20180_20ml_bf9d9085-7e4a-4153-a9ce-77f58907b944.png?v=1781343294,1,KDD 100% Orange Juice 180 ml,false,,,,,,,,,,kg,,,active
kdd-cocktail-fruit-drink-180-ml,KDD Cocktail Fruit Drink 180 ml,"",Ayira Mini Mart,,Juices & Fruit Drinks,Juices & Fruit Drinks,true,Title,Default Title,,,,,,,,AYR-0037,0.0,,0,continue,manual,2.00,,true,true,,,,,,https://cdn.shopify.com/s/files/1/0819/7885/1544/files/2qcepq-kdd_20peach_20nectar_20250_20ml.png?v=1781343293,1,KDD Cocktail Fruit Drink 180 ml,false,,,,,,,,,,kg,,,active
kdd-peach-nectar-250-ml,KDD Peach Nectar 250 ml,"",Ayira Mini Mart,,Juices & Fruit Drinks,Juices & Fruit Drinks,true,Title,Default Title,,,,,,,,AYR-0036,0.0,,0,continue,manual,2.50,,true,true,,,,,,https://cdn.shopify.com/s/files/1/0819/7885/1544/files/thds7c-kdd_2520100_25_2520orange_2520juice_2520250_2520ml.png?v=1781343292,1,KDD Peach Nectar 250 ml,false,,,,,,,,,,kg,,,active
kdd-100-orange-juice-250-ml,KDD 100% Orange Juice 250 ml,"",Ayira Mini Mart,,Juices & Fruit Drinks,Juices & Fruit Drinks,true,Title,Default Title,,,,,,,,AYR-0035,0.0,,0,continue,manual,2.50,,true,true,,,,,,https://cdn.shopify.com/s/files/1/0819/7885/1544/files/loocib-kdd_2520100_25_2520apple_2520juice_2520250_2520ml_e0a9a0dd-2f79-4513-bfd7-118ca6316b3e.png?v=1781343292,1,KDD 100% Orange Juice 250 ml,false,,,,,,,,,,kg,,,active
kdd-100-apple-juice-250-ml,KDD 100% Apple Juice 250 ml,"",Ayira Mini Mart,,Juices & Fruit Drinks,Juices & Fruit Drinks,true,Title,Default Title,,,,,,,,AYR-0034,0.0,,0,continue,manual,2.50,,true,true,,,,,,https://cdn.shopify.com/s/files/1/0819/7885/1544/files/loocib-kdd_2520100_25_2520apple_2520juice_2520250_2520ml.png?v=1781343291,1,KDD 100% Apple Juice 250 ml,false,,,,,,,,,,kg,,,active
kdd-100-pineapple-juice-250-ml,KDD 100% Pineapple Juice 250 ml,"",Ayira Mini Mart,,Juices & Fruit Drinks,Juices & Fruit Drinks,true,Title,Default Title,,,,,,,,AYR-0033,0.0,,0,continue,manual,2.50,,true,true,,,,,,https://cdn.shopify.com/s/files/1/0819/7885/1544/files/gapcdl-kdd_2520100_25_2520pineapple_2520juice_2520250_2520ml.png?v=1781343290,1,KDD 100% Pineapple Juice 250 ml,false,,,,,,,,,,kg,,,active
kdd-mango-nectar-250-ml,KDD Mango Nectar 250 ml,"",Ayira Mini Mart,,Juices & Fruit Drinks,Juices & Fruit Drinks,true,Title,Default Title,,,,,,,,AYR-0032,0.0,,0,continue,manual,2.50,,true,true,,,,,,https://cdn.shopify.com/s/files/1/0819/7885/1544/files/s96wfq-kdd_20mango_20nectar_20250_20ml.png?v=1781343289,1,KDD Mango Nectar 250 ml,false,,,,,,,,,,kg,,,active
kdd-guava-nectar-250-ml,KDD Guava Nectar 250 ml,"",Ayira Mini Mart,,Juices & Fruit Drinks,Juices & Fruit Drinks,true,Title,Default Title,,,,,,,,AYR-0031,0.0,,0,continue,manual,2.50,,true,true,,,,,,https://cdn.shopify.com/s/files/1/0819/7885/1544/files/ulwg6b-kdd_20guava_20nectar_20250_20ml.png?v=1781343288,1,KDD Guava Nectar 250 ml,false,,,,,,,,,,kg,,,active
kdd-cherry-drink-250-ml,KDD Cherry Drink 250 ml,"",Ayira Mini Mart,,Juices & Fruit Drinks,Juices & Fruit Drinks,true,Title,Default Title,,,,,,,,AYR-0030,0.0,,0,continue,manual,2.50,,true,true,,,,,,https://cdn.shopify.com/s/files/1/0819/7885/1544/files/mc010h-kdd_20cherry_20drink_20250_20ml.png?v=1781343287,1,KDD Cherry Drink 250 ml,false,,,,,,,,,,kg,,,active
kdd-cocktail-fruit-drink-250ml,KDD Cocktail Fruit Drink 250ml,"",Ayira Mini Mart,,Juices & Fruit Drinks,Juices & Fruit Drinks,true,Title,Default Title,,,,,,,,AYR-0029,0.0,,0,continue,manual,2.00,,true,true,,,,,,https://cdn.shopify.com/s/files/1/0819/7885/1544/files/qy5utg-kdd_20cocktail_20fruit_20drink_20180_20ml.png?v=1781343287,1,KDD Cocktail Fruit Drink 250ml,false,,,,,,,,,,kg,,,active
pran-basil-seed-lychee-250-ml,Pran Basil Seed Lychee 250 ml,"",Ayira Mini Mart,,Juices & Fruit Drinks,Juices & Fruit Drinks,true,Title,Default Title,,,,,,,,AYR-0028,0.0,,0,continue,manual,2.00,,true,true,,,,,,https://cdn.shopify.com/s/files/1/0819/7885/1544/files/dkyvk5-pran_20basil_20seed_20lychee_20250_20ml.png?v=1781343286,1,Pran Basil Seed Lychee 250 ml,false,,,,,,,,,,kg,,,active
arwa-water-12pcs,Arwa Water 12pcs,"",Ayira Mini Mart,,Water,Water,true,Title,Default Title,,,,,,,,AYR-0027,0.0,,0,continue,manual,9.00,,true,true,,,,,,https://cdn.shopify.com/s/files/1/0819/7885/1544/files/5fltvp-arwa_20water.png?v=1781343285,1,Arwa Water 12pcs,false,,,,,,,,,,kg,,,active
rayyan-alkaline-mineral-water-1-5l-x-6,Rayyan Alkaline Mineral Water 1.5L x 6,"",Ayira Mini Mart,,Water,Water,true,Title,Default Title,,,,,,,,AYR-0026,0.0,,0,continue,manual,9.00,,true,true,,,,,,https://cdn.shopify.com/s/files/1/0819/7885/1544/files/mrs9sz-rayyan_20alkaline_20mineral_20water_201.5l_20x_206.png?v=1781343284,1,Rayyan Alkaline Mineral Water 1.5L x 6,false,,,,,,,,,,kg,,,active
rayyan-natural-water-330ml-x-12,Rayyan Natural Water 330ml x 12,"",Ayira Mini Mart,,Water,Water,true,Title,Default Title,,,,,,,,AYR-0025,0.0,,0,continue,manual,8.00,,true,true,,,,,,https://cdn.shopify.com/s/files/1/0819/7885/1544/files/22hm6w-rayyan_20natural_20water_20330ml_20x_2012.png?v=1781343284,1,Rayyan Natural Water 330ml x 12,false,,,,,,,,,,kg,,,active
rayyan-mineral-water-200ml-x-30,Rayyan Mineral Water 200ml x 30,"",Ayira Mini Mart,,Water,Water,true,Title,Default Title,,,,,,,,AYR-0024,0.0,,0,continue,manual,14.00,,true,true,,,,,,https://cdn.shopify.com/s/files/1/0819/7885/1544/files/rven3m-rayyan_20mineral_20water_20200ml_20x_2030.png?v=1781343282,1,Rayyan Mineral Water 200ml x 30,false,,,,,,,,,,kg,,,active
rayyan-mineral-water-330ml-x-30,Rayyan Mineral Water 330ml x 30,"",Ayira Mini Mart,,Water,Water,true,Title,Default Title,,,,,,,,AYR-0023,0.0,,0,continue,manual,15.00,,true,true,,,,,,https://cdn.shopify.com/s/files/1/0819/7885/1544/files/70c2d6-rayyan_20mineral_20water_20330ml_20x_2030.png?v=1781343282,1,Rayyan Mineral Water 330ml x 30,false,,,,,,,,,,kg,,,active
amwaj-mineral-water-330ml-x-30,Amwaj Mineral Water 330ml x 30,"",Ayira Mini Mart,,Water,Water,true,Title,Default Title,,,,,,,,AYR-0022,0.0,,0,continue,manual,12.00,,true,true,,,,,,https://cdn.shopify.com/s/files/1/0819/7885/1544/files/38l454-amajwaj.png?v=1781343281,1,Amwaj Mineral Water 330ml x 30,false,,,,,,,,,,kg,,,active
amwaj-mineral-water-1-5l-x-6,Amwaj Mineral Water 1.5L x 6,"",Ayira Mini Mart,,Water,Water,true,Title,Default Title,,,,,,,,AYR-0021,0.0,,0,continue,manual,12.00,,true,true,,,,,,https://cdn.shopify.com/s/files/1/0819/7885/1544/files/d2y0fi-amwaj_20mineral_20water_20330ml_20x_20300.png?v=1781343281,1,Amwaj Mineral Water 1.5L x 6,false,,,,,,,,,,kg,,,active
qatar-oasis-natural-water-1-5l-x-6,Qatar Oasis Natural Water 1.5L x 6,"",Ayira Mini Mart,,Water,Water,true,Title,Default Title,,,,,,,,AYR-0020,0.0,,0,continue,manual,6.00,,true,true,,,,,,https://cdn.shopify.com/s/files/1/0819/7885/1544/files/5zi9qe-qatar_20oasis_20natural_20water_201.5l_20x_206.png?v=1781343279,1,Qatar Oasis Natural Water 1.5L x 6,false,,,,,,,,,,kg,,,active
rayyan-natural-water-1-5l-x-6,Rayyan Natural Water 1.5L x 6,"",Ayira Mini Mart,,Water,Water,true,Title,Default Title,,,,,,,,AYR-0019,0.0,,0,continue,manual,7.00,,true,true,,,,,,https://cdn.shopify.com/s/files/1/0819/7885/1544/files/quwxhi-rayyan_20natural_20water_201.5l_20x_206.png?v=1781343279,1,Rayyan Natural Water 1.5L x 6,false,,,,,,,,,,kg,,,active
rayyan-natural-water-330ml-12,RAYYAN Natural Water 330ml × 12,"",Ayira Mini Mart,,Water,Water,true,Title,Default Title,,,,,,,,AYR-0018,0.0,,0,continue,manual,8.00,,true,true,,,,,,https://cdn.shopify.com/s/files/1/0819/7885/1544/files/ln1vwn-rayyan_20natural_20water_20330ml_20_C3_97.png?v=1781343277,1,RAYYAN Natural Water 330ml × 12,false,,,,,,,,,,kg,,,active
double-up-fresh-breeze-red-apple-350ml,Double Up Fresh Breeze Red Apple 350ml,"",Ayira Mini Mart,,Carbonated Soft Drinks,Carbonated Soft Drinks,true,Title,Default Title,,,,,,,,AYR-0017,0.0,,0,continue,manual,3.50,,true,true,,,,,,https://cdn.shopify.com/s/files/1/0819/7885/1544/files/zyt7ts-double_20up_20fresh_20breeze_20red_20apple_20350_20ml.png?v=1781343277,1,Double Up Fresh Breeze Red Apple 350ml,false,,,,,,,,,,kg,,,active
double-up-fresh-breeze-mojito-350ml,Double Up Fresh Breeze Mojito 350ml,"",Ayira Mini Mart,,Carbonated Soft Drinks,Carbonated Soft Drinks,true,Title,Default Title,,,,,,,,AYR-0016,0.0,,0,continue,manual,3.50,,true,true,,,,,,https://cdn.shopify.com/s/files/1/0819/7885/1544/files/eg3h15-double_20up_20fresh_20breeze_20mojito_20350ml.png?v=1781343276,1,Double Up Fresh Breeze Mojito 350ml,false,,,,,,,,,,kg,,,active
mirinda-apple-330ml,Mirinda Apple 330ml,"",Ayira Mini Mart,,Carbonated Soft Drinks,Carbonated Soft Drinks,true,Title,Default Title,,,,,,,,AYR-0015,0.0,,0,continue,manual,2.50,,true,true,,,,,,https://cdn.shopify.com/s/files/1/0819/7885/1544/files/knkvf7-mirinda_20green_20apple_20_E2_80_93_20delicious_20.png?v=1781343275,1,Mirinda Apple 330ml,false,,,,,,,,,,kg,,,active
mirinda-citrus-330ml,Mirinda Citrus 330ml,"",Ayira Mini Mart,,Carbonated Soft Drinks,Carbonated Soft Drinks,true,Title,Default Title,,,,,,,,AYR-0014,0.0,,0,continue,manual,2.50,,true,true,,,,,,https://cdn.shopify.com/s/files/1/0819/7885/1544/files/eo98-i-mirinda_20citrus_20delicious_20.png?v=1781343275,1,Mirinda Citrus 330ml,false,,,,,,,,,,kg,,,active
7up-150ml,7Up 150ml,"",Ayira Mini Mart,,Carbonated Soft Drinks,Carbonated Soft Drinks,true,Title,Default Title,,,,,,,,AYR-0013,0.0,,-1,continue,manual,2.00,,true,true,,,,,,https://cdn.shopify.com/s/files/1/0819/7885/1544/files/p9o6hb-7up_20150ml.png?v=1781343274,1,7Up 150ml,false,,,,,,,,,,kg,,,active
coca-cola-sleek-can-330ml,Coca-Cola Sleek Can 330ml,"",Ayira Mini Mart,,Carbonated Soft Drinks,Carbonated Soft Drinks,true,Title,Default Title,,,,,,,,AYR-0012,0.0,,0,continue,manual,2.50,,true,true,,,,,,https://cdn.shopify.com/s/files/1/0819/7885/1544/files/iftisg-coca-cola_20sleek_20can_20330ml.png?v=1781343273,1,Coca-Cola Sleek Can 330ml,false,,,,,,,,,,kg,,,active
red-bull-energy-drink-250ml,Red Bull Energy Drink 250ml,"",Ayira Mini Mart,,Energy & Sports Drinks,Energy & Sports Drinks,true,Title,Default Title,,,,,,,,AYR-0011,0.0,,0,continue,manual,10.00,,true,true,,,,,,https://cdn.shopify.com/s/files/1/0819/7885/1544/files/c1tpch-red_20bull_20energy_20drink_20250_20ml.png?v=1781343272,1,Red Bull Energy Drink 250ml,false,,,,,,,,,,kg,,,active
red-bull-white-edition-coconut-berry-250ml,Red Bull White Edition Coconut Berry 250ml,"",Ayira Mini Mart,,Energy & Sports Drinks,Energy & Sports Drinks,true,Title,Default Title,,,,,,,,AYR-0010,0.0,,0,continue,manual,10.00,,true,true,,,,,,https://cdn.shopify.com/s/files/1/0819/7885/1544/files/b8x8pu-red_20bull_20the_20white_20edition_20_28coconut_20.png?v=1781343268,1,Red Bull White Edition Coconut Berry 250ml,false,,,,,,,,,,kg,,,active
red-bull-sea-blue-edition-250ml,Red Bull Sea Blue Edition 250ml,"",Ayira Mini Mart,,Energy & Sports Drinks,Energy & Sports Drinks,true,Title,Default Title,,,,,,,,AYR-0009,0.0,,0,continue,manual,10.00,,true,true,,,,,,https://cdn.shopify.com/s/files/1/0819/7885/1544/files/9r0v4c-red_20bull_20the_20sea_20blue_20edition_20_28cherry_20.png?v=1781343267,1,Red Bull Sea Blue Edition 250ml,false,,,,,,,,,,kg,,,active
red-bull-sugar-free-250ml,Red Bull Sugar Free 250ml,"",Ayira Mini Mart,,Energy & Sports Drinks,Energy & Sports Drinks,true,Title,Default Title,,,,,,,,AYR-0008,0.0,,0,continue,manual,10.00,,true,true,,,,,,https://cdn.shopify.com/s/files/1/0819/7885/1544/files/jk50yg-red_20bull_20sugar_20free_20250ml.png?v=1781343266,1,Red Bull Sugar Free 250ml,false,,,,,,,,,,kg,,,active
mirinda-orange-1-25l,Mirinda Orange 1.25L,"",Ayira Mini Mart,,Carbonated Soft Drinks,Carbonated Soft Drinks,true,Title,Default Title,,,,,,,,AYR-0007,0.0,,0,continue,manual,4.50,,true,true,,,,,,https://cdn.shopify.com/s/files/1/0819/7885/1544/files/qxl8-5-mirinda_20orange_20bottle_201.25_20litres.png?v=1781343264,1,Mirinda Orange 1.25L,false,,,,,,,,,,kg,,,active
7up-330ml,7Up 330ml,"",Ayira Mini Mart,,Carbonated Soft Drinks,Carbonated Soft Drinks,true,Title,Default Title,,,,,,,,AYR-0006,0.0,,0,continue,manual,2.50,,true,true,,,,,,https://cdn.shopify.com/s/files/1/0819/7885/1544/files/rxr64e-refreshing_20lemon_20.png?v=1781343263,1,7Up 330ml,false,,,,,,,,,,kg,,,active
shani-can-330ml,Shani Can 330ml,"",Ayira Mini Mart,,Carbonated Soft Drinks,Carbonated Soft Drinks,true,Title,Default Title,,,,,,,,AYR-0005,0.0,,0,continue,manual,2.50,,true,true,,,,,,https://cdn.shopify.com/s/files/1/0819/7885/1544/files/qm36zv-shani_20fruit_20flavoured_20drink_20330_20ml.png?v=1781343262,1,Shani Can 330ml,false,,,,,,,,,,kg,,,active
mountain-dew-330ml,Mountain Dew 330ml,"",Ayira Mini Mart,,Carbonated Soft Drinks,Carbonated Soft Drinks,true,Title,Default Title,,,,,,,,AYR-0004,0.0,,0,continue,manual,2.50,,true,true,,,,,,https://cdn.shopify.com/s/files/1/0819/7885/1544/files/vk-4xp-mountain_20dew_20330_20ml.png?v=1781343262,1,Mountain Dew 330ml,false,,,,,,,,,,kg,,,active
mountain-dew-1-25l,Mountain Dew 1.25L,"",Ayira Mini Mart,,Carbonated Soft Drinks,Carbonated Soft Drinks,true,Title,Default Title,,,,,,,,AYR-0003,0.0,,0,continue,manual,4.50,,true,true,,,,,,https://cdn.shopify.com/s/files/1/0819/7885/1544/files/ywzsx7-mountain_20dew_201.25l.png?v=1781343260,1,Mountain Dew 1.25L,false,,,,,,,,,,kg,,,active
pepsi-1-25l,Pepsi 1.25L,"",Ayira Mini Mart,,Carbonated Soft Drinks,Carbonated Soft Drinks,true,Title,Default Title,,,,,,,,AYR-0002,0.0,,0,continue,manual,4.50,,true,true,,,,,,https://cdn.shopify.com/s/files/1/0819/7885/1544/files/ri64et-pepsi_201.25l.png?v=1781343260,1,Pepsi 1.25L,false,,,,,,,,,,kg,,,active
mountain-dew-2-25l,Mountain Dew 2.25L,"",Ayira Mini Mart,,Carbonated Soft Drinks,Carbonated Soft Drinks,true,Title,Default Title,,,,,,,,AYR-0001,0.0,,0,continue,manual,7.50,,true,true,,,,,,https://cdn.shopify.com/s/files/1/0819/7885/1544/files/qb3bg2-mountain_20dew_202.25_20l.png?v=1781343259,1,Mountain Dew 2.25L,false,,,,,,,,,,kg,,,active
